flight_number,scheduled_departure_date_local,scheduled_departure_station_code,scheduled_arrival_station_code,norm_pressure,norm_load,norm_ssr,norm_bags,difficulty_score,difficulty_category
1842,2025-08-13,ORD,SAN,1.000,0.305,0.000,0.103,0.56,Difficult
2067,2025-08-14,ORD,BOS,0.823,0.614,0.096,0.069,0.54,Difficult
972,2025-08-13,ORD,BRU,0.016,0.622,1.000,0.691,0.52,Difficult
972,2025-08-02,ORD,BRU,0.009,0.598,0.819,0.797,0.50,Difficult
1710,2025-08-04,ORD,SMF,0.452,0.531,0.043,0.197,0.49,Difficult
972,2025-08-11,ORD,BRU,0.002,0.583,0.787,0.700,0.48,Difficult
5229,2025-08-09,ORD,ILM,0.548,0.799,0.021,0.071,0.45,Difficult
972,2025-08-14,ORD,BRU,0.016,0.651,0.447,0.783,0.45,Difficult
1761,2025-08-05,ORD,FAT,0.002,0.698,0.851,0.129,0.45,Difficult
972,2025-08-05,ORD,BRU,0.004,0.649,0.532,0.697,0.45,Difficult
881,2025-08-09,ORD,HND,0.081,0.519,0.223,1.000,0.44,Difficult
972,2025-08-12,ORD,BRU,0.016,0.454,0.564,0.794,0.44,Difficult
972,2025-08-06,ORD,BRU,0.014,0.629,0.532,0.606,0.44,Difficult
422,2025-08-04,ORD,ATH,0.013,0.567,0.628,0.486,0.43,Difficult
907,2025-08-09,ORD,FRA,0.013,0.612,0.436,0.540,0.42,Difficult
972,2025-08-07,ORD,BRU,0.002,0.607,0.404,0.663,0.42,Difficult
2154,2025-08-13,ORD,ROC,0.181,0.607,0.181,0.323,0.42,Difficult
972,2025-08-04,ORD,BRU,0.016,0.598,0.255,0.820,0.42,Difficult
972,2025-08-03,ORD,BRU,0.006,0.584,0.383,0.680,0.42,Difficult
1742,2025-08-09,ORD,JAX,0.274,0.440,0.106,0.211,0.41,Difficult
1801,2025-08-13,ORD,DEN,0.012,0.568,0.628,0.231,0.41,Difficult
422,2025-08-14,ORD,ATH,0.013,0.569,0.436,0.546,0.41,Difficult
987,2025-08-06,ORD,CDG,0.009,0.663,0.649,0.123,0.41,Difficult
664,2025-08-14,ORD,LGA,0.274,0.558,0.074,0.086,0.41,Difficult
422,2025-08-11,ORD,ATH,0.013,0.548,0.617,0.286,0.41,Difficult
881,2025-08-09,ORD,HND,0.007,0.519,0.223,1.000,0.41,Difficult
422,2025-08-13,ORD,ATH,0.010,0.516,0.553,0.506,0.41,Difficult
909,2025-08-14,ORD,AMS,0.001,0.537,0.543,0.480,0.41,Difficult
907,2025-08-06,ORD,FRA,0.013,0.509,0.574,0.389,0.41,Difficult
422,2025-08-07,ORD,ATH,0.008,0.521,0.489,0.540,0.41,Difficult
972,2025-08-01,ORD,BRU,0.002,0.579,0.234,0.789,0.40,Difficult
907,2025-08-02,ORD,FRA,0.013,0.673,0.340,0.446,0.40,Difficult
592,2025-08-04,ORD,JAC,0.173,0.785,0.000,0.163,0.40,Difficult
907,2025-08-03,ORD,FRA,0.012,0.576,0.426,0.486,0.40,Difficult
907,2025-08-15,ORD,FRA,0.008,0.591,0.362,0.511,0.40,Difficult
1801,2025-08-09,ORD,DEN,0.014,0.636,0.394,0.357,0.40,Difficult
907,2025-08-13,ORD,FRA,0.012,0.600,0.255,0.643,0.40,Difficult
907,2025-08-05,ORD,FRA,0.013,0.442,0.596,0.389,0.40,Difficult
5229,2025-08-11,ORD,ILM,0.548,0.476,0.032,0.063,0.40,Difficult
972,2025-08-15,ORD,BRU,0.016,0.646,0.160,0.723,0.40,Difficult
953,2025-08-13,ORD,MUC,0.009,0.517,0.543,0.420,0.40,Difficult
972,2025-08-09,ORD,BRU,0.002,0.538,0.319,0.711,0.40,Difficult
907,2025-08-07,ORD,FRA,0.008,0.524,0.415,0.511,0.40,Difficult
972,2025-08-08,ORD,BRU,0.001,0.625,0.277,0.614,0.40,Difficult
695,2025-08-05,ORD,SJU,0.014,0.704,0.383,0.191,0.39,Difficult
3465,2025-08-03,ORD,GSP,0.014,0.598,0.574,0.066,0.39,Difficult
907,2025-08-10,ORD,FRA,0.020,0.490,0.340,0.534,0.39,Difficult
845,2025-08-07,ORD,GRU,0.008,0.591,0.777,0.803,0.39,Difficult
907,2025-08-01,ORD,FRA,0.012,0.651,0.191,0.580,0.39,Difficult
907,2025-08-12,ORD,FRA,0.006,0.430,0.457,0.497,0.39,Difficult
1583,2025-08-05,ORD,BWI,0.181,0.549,0.138,0.166,0.39,Difficult
580,2025-08-13,ORD,PDX,0.011,0.619,0.447,0.231,0.39,Difficult
1314,2025-08-05,ORD,IAH,0.333,0.580,0.319,0.211,0.39,Difficult
422,2025-08-12,ORD,ATH,0.010,0.536,0.404,0.457,0.39,Difficult
1710,2025-08-09,ORD,SMF,0.010,0.601,0.383,0.334,0.39,Difficult
1270,2025-08-09,ORD,PUJ,0.376,0.756,0.149,0.049,0.39,Difficult
1398,2025-08-03,ORD,ATL,0.206,0.562,0.053,0.126,0.39,Difficult
907,2025-08-08,ORD,FRA,0.020,0.643,0.223,0.491,0.39,Difficult
2172,2025-08-10,ORD,FAI,0.011,0.499,0.340,0.457,0.38,Difficult
118,2025-08-13,ORD,EDI,0.013,0.624,0.362,0.271,0.38,Difficult
422,2025-08-15,ORD,ATH,0.013,0.553,0.309,0.440,0.38,Difficult
1182,2025-08-09,ORD,SJC,0.089,0.730,0.170,0.123,0.38,Difficult
909,2025-08-06,ORD,AMS,0.009,0.566,0.340,0.394,0.38,Difficult
2172,2025-08-06,ORD,FAI,0.010,0.502,0.426,0.351,0.38,Difficult
580,2025-08-06,ORD,PDX,0.011,0.637,0.298,0.323,0.38,Difficult
1659,2025-08-09,ORD,CUN,0.376,0.798,0.043,0.060,0.38,Difficult
1660,2025-08-04,ORD,SFO,0.118,0.598,0.213,0.140,0.38,Difficult
845,2025-08-11,ORD,GRU,0.008,0.569,0.904,0.526,0.38,Difficult
2172,2025-08-07,ORD,FAI,0.011,0.598,0.298,0.397,0.38,Difficult
2481,2025-08-14,ORD,SYR,0.010,0.512,0.394,0.280,0.37,Difficult
1178,2025-08-09,ORD,ORF,0.011,0.621,0.213,0.363,0.37,Difficult
592,2025-08-09,ORD,JAC,0.003,0.655,0.287,0.231,0.37,Difficult
987,2025-08-09,ORD,CDG,0.013,0.545,0.457,0.163,0.37,Difficult
1583,2025-08-11,ORD,BWI,0.048,0.573,0.234,0.289,0.37,Difficult
2278,2025-08-06,ORD,SEA,0.012,0.578,0.362,0.263,0.37,Difficult
909,2025-08-15,ORD,AMS,0.002,0.609,0.213,0.440,0.37,Difficult
1616,2025-08-09,ORD,GRR,0.026,0.465,0.404,0.257,0.37,Difficult
2147,2025-08-07,ORD,ALB,0.139,0.538,0.085,0.174,0.37,Difficult
2179,2025-08-03,ORD,SFO,0.014,0.664,0.362,0.154,0.37,Difficult
1583,2025-08-14,ORD,BWI,0.009,0.594,0.298,0.286,0.37,Difficult
944,2025-08-14,ORD,FRA,0.002,0.617,0.777,0.563,0.37,Difficult
592,2025-08-14,ORD,JAC,0.173,0.465,0.106,0.143,0.37,Difficult
422,2025-08-03,ORD,ATH,0.013,0.557,0.319,0.377,0.37,Difficult
929,2025-08-02,ORD,LHR,0.008,0.640,0.298,0.251,0.37,Difficult
422,2025-08-02,ORD,ATH,0.013,0.550,0.287,0.409,0.37,Difficult
907,2025-08-14,ORD,FRA,0.002,0.543,0.298,0.471,0.37,Difficult
422,2025-08-10,ORD,ATH,0.013,0.505,0.330,0.366,0.37,Difficult
2677,2025-08-02,ORD,IAD,0.008,0.608,0.394,0.203,0.37,Difficult
580,2025-08-14,ORD,PDX,0.032,0.619,0.277,0.277,0.37,Difficult
1616,2025-08-02,ORD,GRR,0.007,0.672,0.277,0.237,0.37,Difficult
987,2025-08-08,ORD,CDG,0.006,0.687,0.319,0.189,0.37,Difficult
909,2025-08-01,ORD,AMS,0.000,0.580,0.255,0.437,0.37,Difficult
2424,2025-08-02,ORD,RDU,0.009,0.604,0.319,0.240,0.37,Difficult
1335,2025-08-10,ORD,BUF,0.013,0.594,0.340,0.269,0.37,Difficult
972,2025-08-10,ORD,BRU,0.006,0.528,0.181,0.583,0.37,Difficult
2172,2025-08-12,ORD,FAI,0.010,0.493,0.277,0.463,0.37,Difficult
4766,2025-08-06,ORD,OKC,0.011,0.632,0.351,0.163,0.37,Difficult
2278,2025-08-11,ORD,SEA,0.012,0.624,0.372,0.191,0.37,Difficult
1859,2025-08-06,ORD,SNA,0.173,0.594,0.000,0.086,0.37,Difficult
422,2025-08-05,ORD,ATH,0.008,0.553,0.298,0.391,0.37,Difficult
2039,2025-08-02,ORD,MCO,0.013,0.760,0.170,0.206,0.37,Difficult
288,2025-08-13,ORD,SNN,0.008,0.670,0.223,0.203,0.36,Difficult
2172,2025-08-11,ORD,FAI,0.011,0.555,0.170,0.431,0.36,Difficult
695,2025-08-01,ORD,SJU,0.010,0.680,0.223,0.166,0.36,Difficult
118,2025-08-10,ORD,EDI,0.013,0.574,0.245,0.331,0.36,Difficult
2154,2025-08-05,ORD,ROC,0.012,0.555,0.319,0.280,0.36,Difficult
2494,2025-08-11,ORD,MCI,0.009,0.619,0.181,0.317,0.36,Difficult
907,2025-08-04,ORD,FRA,0.006,0.487,0.245,0.437,0.36,Difficult
422,2025-08-08,ORD,ATH,0.013,0.572,0.128,0.454,0.36,Difficult
2278,2025-08-08,ORD,SEA,0.012,0.619,0.266,0.246,0.36,Difficult
2278,2025-08-10,ORD,SEA,0.012,0.572,0.340,0.174,0.36,Difficult
2172,2025-08-05,ORD,FAI,0.010,0.555,0.202,0.389,0.36,Difficult
2658,2025-08-05,ORD,SMF,0.007,0.581,0.277,0.286,0.36,Difficult
1124,2025-08-05,ORD,IAH,0.038,0.616,0.160,0.329,0.36,Difficult
845,2025-08-04,ORD,GRU,0.006,0.588,0.681,0.674,0.36,Difficult
2211,2025-08-13,ORD,SEA,0.010,0.562,0.202,0.389,0.36,Difficult
2039,2025-08-14,ORD,MCO,0.013,0.649,0.234,0.226,0.36,Difficult
907,2025-08-11,ORD,FRA,0.008,0.466,0.351,0.311,0.36,Difficult
2059,2025-08-09,ORD,PDX,0.015,0.585,0.234,0.280,0.36,Difficult
3598,2025-08-05,ORD,SDF,0.008,0.627,0.330,0.083,0.36,Difficult
2154,2025-08-01,ORD,ROC,0.012,0.582,0.245,0.297,0.36,Difficult
2155,2025-08-09,ORD,LAX,0.000,0.598,0.330,0.251,0.36,Difficult
953,2025-08-04,ORD,MUC,0.010,0.499,0.351,0.257,0.36,Difficult
2658,2025-08-06,ORD,SMF,0.007,0.574,0.330,0.214,0.36,Difficult
953,2025-08-08,ORD,MUC,0.009,0.582,0.255,0.280,0.36,Difficult
2148,2025-08-06,ORD,SAT,0.012,0.480,0.404,0.186,0.36,Difficult
845,2025-08-06,ORD,GRU,0.008,0.531,0.681,0.754,0.36,Difficult
349,2025-08-05,ORD,BTV,0.009,0.653,0.255,0.243,0.36,Difficult
2172,2025-08-13,ORD,FAI,0.010,0.466,0.383,0.300,0.36,Difficult
1178,2025-08-01,ORD,ORF,0.016,0.671,0.138,0.289,0.36,Difficult
909,2025-08-10,ORD,AMS,0.005,0.573,0.223,0.340,0.36,Difficult
2039,2025-08-15,ORD,MCO,0.014,0.744,0.117,0.209,0.36,Difficult
1124,2025-08-09,ORD,IAH,0.013,0.716,0.000,0.474,0.36,Difficult
909,2025-08-13,ORD,AMS,0.005,0.555,0.255,0.351,0.36,Difficult
2202,2025-08-02,ORD,IAH,0.009,0.698,0.106,0.340,0.36,Difficult
422,2025-08-09,ORD,ATH,0.008,0.574,0.213,0.374,0.36,Difficult
695,2025-08-04,ORD,SJU,0.014,0.655,0.245,0.200,0.36,Difficult
1178,2025-08-10,ORD,ORF,0.075,0.549,0.074,0.317,0.36,Difficult
2172,2025-08-08,ORD,FAI,0.011,0.516,0.191,0.474,0.36,Difficult
953,2025-08-09,ORD,MUC,0.009,0.602,0.191,0.386,0.36,Difficult
2278,2025-08-15,ORD,SEA,0.012,0.605,0.191,0.246,0.35,Difficult
881,2025-08-05,ORD,HND,0.002,0.583,0.638,0.657,0.35,Difficult
1905,2025-08-01,ORD,PIT,0.012,0.647,0.138,0.240,0.35,Difficult
2278,2025-08-01,ORD,SEA,0.012,0.684,0.170,0.186,0.35,Difficult
845,2025-08-14,ORD,GRU,0.006,0.456,0.723,0.723,0.35,Difficult
118,2025-08-03,ORD,EDI,0.013,0.559,0.202,0.329,0.35,Difficult
1156,2025-08-01,ORD,MSY,0.012,0.573,0.287,0.197,0.35,Difficult
909,2025-08-11,ORD,AMS,0.001,0.506,0.255,0.351,0.35,Difficult
118,2025-08-01,ORD,EDI,0.013,0.599,0.266,0.194,0.35,Difficult
288,2025-08-01,ORD,SNN,0.006,0.667,0.170,0.237,0.35,Difficult
1580,2025-08-09,ORD,YVR,0.016,0.647,0.223,0.129,0.35,Difficult
1974,2025-08-14,ORD,PWM,0.069,0.551,0.181,0.137,0.35,Difficult
953,2025-08-02,ORD,MUC,0.006,0.584,0.181,0.351,0.35,Difficult
2075,2025-08-09,ORD,TPA,0.013,0.588,0.160,0.297,0.35,Difficult
1335,2025-08-01,ORD,BUF,0.010,0.695,0.117,0.274,0.35,Difficult
5420,2025-08-15,ORD,MLI,0.007,0.708,0.851,0.106,0.35,Difficult
1347,2025-08-09,ORD,FLL,0.011,0.753,0.117,0.186,0.35,Difficult
288,2025-08-06,ORD,SNN,0.014,0.543,0.319,0.186,0.35,Difficult
2652,2025-08-02,ORD,RSW,0.002,0.660,0.181,0.183,0.35,Difficult
1710,2025-08-08,ORD,SMF,0.009,0.607,0.234,0.237,0.35,Difficult
944,2025-08-15,ORD,FRA,0.005,0.651,0.511,0.731,0.35,Difficult
2211,2025-08-02,ORD,SEA,0.017,0.674,0.128,0.251,0.35,Difficult
1124,2025-08-02,ORD,IAH,0.012,0.674,0.021,0.429,0.35,Difficult
580,2025-08-03,ORD,PDX,0.011,0.576,0.340,0.123,0.35,Difficult
2172,2025-08-04,ORD,FAI,0.011,0.552,0.181,0.317,0.35,Difficult
1983,2025-08-07,ORD,LAX,0.082,0.585,0.096,0.200,0.35,Difficult
580,2025-08-02,ORD,PDX,0.012,0.646,0.149,0.294,0.35,Difficult
2211,2025-08-15,ORD,SEA,0.008,0.591,0.181,0.289,0.35,Difficult
2494,2025-08-07,ORD,MCI,0.011,0.555,0.202,0.280,0.35,Difficult
5964,2025-08-13,ORD,CID,0.019,0.555,0.309,0.111,0.35,Difficult
1905,2025-08-14,ORD,PIT,0.011,0.585,0.287,0.177,0.35,Difficult
592,2025-08-02,ORD,JAC,0.011,0.785,0.064,0.143,0.35,Difficult
1583,2025-08-15,ORD,BWI,0.011,0.652,0.064,0.337,0.35,Difficult
5847,2025-08-15,ORD,DSM,0.012,0.562,0.340,0.146,0.35,Difficult
845,2025-08-08,ORD,GRU,0.007,0.557,0.564,0.763,0.35,Difficult
909,2025-08-07,ORD,AMS,0.009,0.548,0.191,0.311,0.35,Difficult
6002,2025-08-02,ORD,AVL,0.014,0.504,0.340,0.131,0.35,Difficult
2426,2025-08-02,ORD,IAH,0.014,0.668,0.128,0.231,0.35,Difficult
1801,2025-08-15,ORD,DEN,0.014,0.543,0.266,0.277,0.35,Difficult
2652,2025-08-01,ORD,RSW,0.013,0.680,0.181,0.180,0.35,Difficult
1801,2025-08-06,ORD,DEN,0.014,0.586,0.149,0.323,0.35,Difficult
909,2025-08-02,ORD,AMS,0.009,0.613,0.085,0.431,0.35,Difficult
739,2025-08-08,ORD,BZN,0.000,0.741,0.149,0.183,0.35,Difficult
1178,2025-08-06,ORD,ORF,0.007,0.625,0.245,0.200,0.35,Difficult
909,2025-08-09,ORD,AMS,0.005,0.497,0.213,0.366,0.35,Difficult
2278,2025-08-02,ORD,SEA,0.011,0.621,0.223,0.197,0.35,Difficult
695,2025-08-02,ORD,SJU,0.005,0.655,0.245,0.114,0.35,Difficult
2417,2025-08-13,ORD,SAN,0.007,0.582,0.255,0.189,0.35,Difficult
1761,2025-08-02,ORD,FAT,0.009,0.604,0.202,0.249,0.35,Difficult
1335,2025-08-07,ORD,BUF,0.012,0.558,0.234,0.226,0.35,Difficult
1655,2025-08-11,ORD,DCA,0.013,0.676,0.277,0.066,0.35,Difficult
2154,2025-08-03,ORD,ROC,0.010,0.518,0.266,0.286,0.35,Difficult
2147,2025-08-02,ORD,ALB,0.036,0.560,0.160,0.231,0.35,Difficult
1324,2025-08-01,ORD,SFO,0.012,0.608,0.213,0.220,0.35,Difficult
1269,2025-08-12,ORD,CLE,0.015,0.545,0.213,0.303,0.35,Difficult
1144,2025-08-01,ORD,ONT,0.011,0.552,0.255,0.200,0.35,Difficult
118,2025-08-06,ORD,EDI,0.013,0.633,0.149,0.300,0.35,Difficult
909,2025-08-09,ORD,AMS,0.007,0.497,0.213,0.366,0.35,Difficult
1776,2025-08-15,ORD,PHL,0.011,0.647,0.245,0.140,0.35,Difficult
1178,2025-08-02,ORD,ORF,0.008,0.670,0.128,0.289,0.35,Difficult
2417,2025-08-07,ORD,SAN,0.030,0.652,0.138,0.154,0.35,Difficult
1324,2025-08-09,ORD,SFO,0.012,0.580,0.191,0.291,0.35,Difficult
2075,2025-08-02,ORD,TPA,0.014,0.792,0.064,0.143,0.35,Difficult
909,2025-08-08,ORD,AMS,0.002,0.566,0.160,0.411,0.35,Difficult
1710,2025-08-01,ORD,SMF,0.009,0.660,0.128,0.320,0.35,Difficult
881,2025-08-09,ORD,HND,0.081,0.519,0.223,1.000,0.34,Difficult
1335,2025-08-06,ORD,BUF,0.013,0.558,0.213,0.231,0.34,Difficult
2658,2025-08-04,ORD,SMF,0.007,0.599,0.191,0.177,0.34,Difficult
1616,2025-08-15,ORD,GRR,0.014,0.547,0.223,0.197,0.34,Difficult
5314,2025-08-08,ORD,LNK,0.009,0.610,0.234,0.086,0.34,Difficult
2207,2025-08-14,ORD,OMA,0.011,0.530,0.245,0.229,0.34,Difficult
2426,2025-08-10,ORD,IAH,0.013,0.540,0.277,0.100,0.34,Difficult
1776,2025-08-02,ORD,PHL,0.011,0.552,0.096,0.351,0.34,Difficult
481,2025-08-09,ORD,RNO,0.017,0.707,0.053,0.209,0.34,Difficult
3699,2025-08-02,ORD,PIT,0.016,0.677,0.149,0.129,0.34,Difficult
118,2025-08-07,ORD,EDI,0.013,0.546,0.170,0.234,0.34,Difficult
3604,2025-08-09,ORD,CMH,0.015,0.620,0.149,0.149,0.34,Difficult
2039,2025-08-05,ORD,MCO,0.013,0.692,0.128,0.157,0.34,Difficult
1660,2025-08-13,ORD,SFO,0.010,0.573,0.213,0.191,0.34,Difficult
2658,2025-08-02,ORD,SMF,0.007,0.621,0.149,0.266,0.34,Difficult
5045,2025-08-02,ORD,RHI,0.015,0.785,0.032,0.074,0.34,Difficult
987,2025-08-03,ORD,CDG,0.009,0.540,0.255,0.151,0.34,Difficult
739,2025-08-02,ORD,BZN,0.009,0.698,0.043,0.243,0.34,Difficult
929,2025-08-15,ORD,LHR,0.012,0.607,0.160,0.194,0.34,Difficult
1660,2025-08-01,ORD,SFO,0.010,0.666,0.128,0.211,0.34,Difficult
1801,2025-08-12,ORD,DEN,0.012,0.559,0.128,0.286,0.34,Difficult
580,2025-08-08,ORD,PDX,0.012,0.668,0.085,0.197,0.34,Difficult
1761,2025-08-07,ORD,FAT,0.005,0.642,0.213,0.137,0.34,Difficult
987,2025-08-01,ORD,CDG,0.010,0.711,0.138,0.114,0.34,Difficult
1583,2025-08-07,ORD,BWI,0.014,0.552,0.181,0.263,0.34,Difficult
422,2025-08-06,ORD,ATH,0.010,0.559,0.053,0.417,0.34,Difficult
1742,2025-08-02,ORD,JAX,0.010,0.709,0.011,0.311,0.34,Difficult
909,2025-08-03,ORD,AMS,0.005,0.405,0.351,0.286,0.34,Difficult
1785,2025-08-13,ORD,EWR,0.018,0.561,0.287,0.089,0.34,Difficult
1967,2025-08-12,ORD,LAX,0.013,0.537,0.245,0.171,0.34,Difficult
5251,2025-08-02,ORD,ASE,0.001,0.754,0.106,0.120,0.34,Difficult
2677,2025-08-15,ORD,IAD,0.020,0.599,0.202,0.151,0.34,Difficult
2481,2025-08-05,ORD,SYR,0.010,0.450,0.351,0.171,0.34,Difficult
5290,2025-08-09,ORD,BOI,0.004,0.715,0.106,0.103,0.34,Difficult
1660,2025-08-11,ORD,SFO,0.009,0.594,0.223,0.117,0.34,Difficult
580,2025-08-09,ORD,PDX,0.012,0.671,0.032,0.320,0.34,Difficult
118,2025-08-04,ORD,EDI,0.013,0.494,0.234,0.297,0.34,Difficult
4636,2025-08-02,ORD,SBN,0.010,0.610,0.255,0.057,0.34,Difficult
2154,2025-08-07,ORD,ROC,0.010,0.500,0.234,0.240,0.34,Difficult
2424,2025-08-05,ORD,RDU,0.011,0.567,0.191,0.237,0.34,Difficult
953,2025-08-07,ORD,MUC,0.009,0.515,0.266,0.169,0.34,Difficult
1178,2025-08-08,ORD,ORF,0.008,0.651,0.138,0.177,0.34,Difficult
1776,2025-08-09,ORD,PHL,0.011,0.578,0.149,0.314,0.34,Difficult
987,2025-08-02,ORD,CDG,0.013,0.613,0.106,0.220,0.34,Difficult
987,2025-08-15,ORD,CDG,0.007,0.571,0.170,0.246,0.34,Difficult
695,2025-08-13,ORD,SJU,0.013,0.582,0.138,0.254,0.34,Difficult
953,2025-08-05,ORD,MUC,0.001,0.470,0.255,0.266,0.34,Difficult
1616,2025-08-10,ORD,GRR,0.012,0.421,0.330,0.234,0.34,Difficult
2154,2025-08-09,ORD,ROC,0.016,0.549,0.064,0.383,0.34,Difficult
1616,2025-08-14,ORD,GRR,0.007,0.629,0.106,0.280,0.34,Difficult
2658,2025-08-13,ORD,SMF,0.011,0.545,0.191,0.223,0.34,Difficult
1144,2025-08-11,ORD,ONT,0.009,0.591,0.266,0.094,0.34,Difficult
1583,2025-08-13,ORD,BWI,0.011,0.570,0.128,0.334,0.34,Difficult
5833,2025-08-02,ORD,DTW,0.009,0.649,0.117,0.231,0.34,Difficult
3433,2025-08-09,ORD,CVG,0.009,0.684,0.096,0.151,0.34,Difficult
3604,2025-08-01,ORD,CMH,0.013,0.627,0.255,0.063,0.34,Difficult
2211,2025-08-05,ORD,SEA,0.013,0.650,0.096,0.189,0.34,Difficult
1660,2025-08-08,ORD,SFO,0.010,0.708,0.106,0.134,0.34,Difficult
1710,2025-08-07,ORD,SMF,0.012,0.549,0.202,0.197,0.34,Difficult
5652,2025-08-05,ORD,GEG,0.004,0.613,0.266,0.086,0.34,Difficult
1124,2025-08-01,ORD,IAH,0.001,0.625,0.117,0.320,0.34,Difficult
881,2025-08-03,ORD,HND,0.007,0.601,0.521,0.660,0.34,Difficult
1006,2025-08-02,ORD,LGA,0.013,0.621,0.191,0.091,0.34,Difficult
1156,2025-08-08,ORD,MSY,0.015,0.622,0.106,0.203,0.34,Difficult
2677,2025-08-05,ORD,IAD,0.008,0.599,0.191,0.137,0.34,Difficult
288,2025-08-08,ORD,SNN,0.008,0.577,0.181,0.231,0.34,Difficult
2202,2025-08-12,ORD,IAH,0.100,0.576,0.043,0.097,0.34,Difficult
2658,2025-08-09,ORD,SMF,0.007,0.574,0.138,0.311,0.34,Difficult
987,2025-08-13,ORD,CDG,0.009,0.622,0.160,0.231,0.34,Difficult
2658,2025-08-01,ORD,SMF,0.007,0.614,0.191,0.206,0.34,Difficult
1967,2025-08-02,ORD,LAX,0.012,0.658,0.170,0.154,0.34,Difficult
2207,2025-08-07,ORD,OMA,0.013,0.568,0.191,0.226,0.34,Difficult
777,2025-08-01,ORD,LAS,0.011,0.616,0.181,0.151,0.34,Difficult
592,2025-08-08,ORD,JAC,0.011,0.720,0.085,0.163,0.34,Difficult
349,2025-08-13,ORD,BTV,0.003,0.591,0.128,0.286,0.34,Difficult
1974,2025-08-02,ORD,PWM,0.007,0.720,0.096,0.126,0.34,Difficult
2426,2025-08-06,ORD,IAH,0.011,0.598,0.149,0.186,0.34,Difficult
5352,2025-08-05,ORD,CAK,0.000,0.730,0.128,0.066,0.34,Difficult
580,2025-08-05,ORD,PDX,0.012,0.652,0.085,0.240,0.34,Difficult
1269,2025-08-01,ORD,CLE,0.009,0.651,0.170,0.149,0.34,Difficult
617,2025-08-07,ORD,CLT,0.010,0.640,0.202,0.100,0.34,Difficult
2172,2025-08-14,ORD,FAI,0.011,0.535,0.117,0.411,0.34,Difficult
987,2025-08-14,ORD,CDG,0.025,0.526,0.149,0.277,0.34,Difficult
1801,2025-08-08,ORD,DEN,0.012,0.554,0.202,0.246,0.34,Difficult
695,2025-08-09,ORD,SJU,0.015,0.616,0.138,0.209,0.34,Difficult
118,2025-08-02,ORD,EDI,0.013,0.577,0.170,0.200,0.34,Difficult
1742,2025-08-07,ORD,JAX,0.008,0.653,0.117,0.229,0.34,Difficult
1761,2025-08-03,ORD,FAT,0.001,0.617,0.191,0.174,0.34,Difficult
2039,2025-08-07,ORD,MCO,0.001,0.717,0.043,0.206,0.34,Difficult
1144,2025-08-03,ORD,ONT,0.009,0.568,0.298,0.106,0.34,Difficult
1983,2025-08-05,ORD,LAX,0.069,0.561,0.128,0.063,0.34,Difficult
1616,2025-08-11,ORD,GRR,0.013,0.616,0.053,0.309,0.34,Difficult
2154,2025-08-02,ORD,ROC,0.016,0.622,0.043,0.300,0.34,Difficult
2677,2025-08-12,ORD,IAD,0.008,0.515,0.340,0.126,0.34,Difficult
4792,2025-08-02,ORD,ROA,0.011,0.591,0.266,0.089,0.34,Difficult
4416,2025-08-15,ORD,STL,0.008,0.621,0.234,0.083,0.34,Difficult
953,2025-08-01,ORD,MUC,0.001,0.615,0.149,0.263,0.34,Difficult
481,2025-08-02,ORD,RNO,0.012,0.659,0.149,0.186,0.34,Difficult
2394,2025-08-08,ORD,DEN,0.012,0.647,0.170,0.109,0.34,Difficult
534,2025-08-02,ORD,EWR,0.013,0.594,0.255,0.114,0.34,Difficult
2059,2025-08-02,ORD,PDX,0.012,0.601,0.106,0.274,0.34,Difficult
793,2025-08-08,ORD,DFW,0.011,0.664,0.117,0.154,0.34,Difficult
374,2025-08-01,ORD,MSP,0.009,0.534,0.213,0.240,0.34,Difficult
2278,2025-08-13,ORD,SEA,0.012,0.572,0.181,0.226,0.34,Difficult
2243,2025-08-13,ORD,RIC,0.009,0.596,0.181,0.240,0.34,Difficult
777,2025-08-05,ORD,LAS,0.010,0.570,0.234,0.177,0.34,Difficult
2481,2025-08-02,ORD,SYR,0.008,0.687,0.053,0.234,0.34,Difficult
2211,2025-08-11,ORD,SEA,0.010,0.539,0.160,0.317,0.34,Difficult
1156,2025-08-06,ORD,MSY,0.015,0.655,0.096,0.217,0.34,Difficult
1655,2025-08-09,ORD,DCA,0.011,0.549,0.255,0.137,0.34,Difficult
118,2025-08-15,ORD,EDI,0.007,0.484,0.202,0.326,0.34,Difficult
1335,2025-08-14,ORD,BUF,0.010,0.561,0.149,0.274,0.34,Difficult
5915,2025-08-12,ORD,LNK,0.010,0.523,0.266,0.117,0.33,Difficult
1156,2025-08-03,ORD,MSY,0.005,0.631,0.064,0.200,0.33,Difficult
1006,2025-08-09,ORD,LGA,0.015,0.657,0.138,0.083,0.33,Difficult
1983,2025-08-10,ORD,LAX,0.013,0.573,0.117,0.169,0.33,Difficult
2179,2025-08-13,ORD,SFO,0.014,0.540,0.202,0.134,0.33,Difficult
2394,2025-08-11,ORD,DEN,0.011,0.596,0.128,0.166,0.33,Difficult
5251,2025-08-09,ORD,ASE,0.004,0.761,0.043,0.060,0.33,Difficult
1398,2025-08-01,ORD,ATL,0.012,0.594,0.128,0.194,0.33,Difficult
1974,2025-08-01,ORD,PWM,0.007,0.785,0.000,0.129,0.33,Difficult
2172,2025-08-01,ORD,FAI,0.011,0.473,0.085,0.394,0.33,Difficult
1761,2025-08-11,ORD,FAT,0.007,0.629,0.074,0.191,0.33,Difficult
1801,2025-08-14,ORD,DEN,0.014,0.563,0.160,0.183,0.33,Difficult
2677,2025-08-04,ORD,IAD,0.008,0.522,0.255,0.051,0.33,Difficult
944,2025-08-02,ORD,FRA,0.002,0.552,0.606,0.523,0.33,Difficult
929,2025-08-08,ORD,LHR,0.020,0.574,0.117,0.134,0.33,Difficult
2243,2025-08-15,ORD,RIC,0.009,0.556,0.128,0.191,0.33,Difficult
1742,2025-08-06,ORD,JAX,0.010,0.588,0.138,0.137,0.33,Difficult
5624,2025-08-01,ORD,LEX,0.008,0.555,0.181,0.114,0.33,Difficult
2417,2025-08-08,ORD,SAN,0.011,0.713,0.021,0.166,0.33,Difficult
1660,2025-08-09,ORD,SFO,0.009,0.678,0.011,0.217,0.33,Difficult
1324,2025-08-06,ORD,SFO,0.012,0.605,0.138,0.174,0.33,Difficult
1983,2025-08-02,ORD,LAX,0.008,0.608,0.106,0.194,0.33,Difficult
3433,2025-08-02,ORD,CVG,0.004,0.677,0.053,0.211,0.33,Difficult
288,2025-08-09,ORD,SNN,0.008,0.518,0.149,0.283,0.33,Difficult
1182,2025-08-11,ORD,SJC,0.012,0.639,0.096,0.157,0.33,Difficult
1144,2025-08-02,ORD,ONT,0.009,0.571,0.181,0.171,0.33,Difficult
1156,2025-08-04,ORD,MSY,0.014,0.607,0.043,0.240,0.33,Difficult
2172,2025-08-03,ORD,FAI,0.011,0.430,0.191,0.326,0.33,Difficult
5964,2025-08-08,ORD,CID,0.008,0.613,0.160,0.137,0.33,Difficult
2652,2025-08-05,ORD,RSW,0.010,0.571,0.202,0.140,0.33,Difficult
2494,2025-08-06,ORD,MCI,0.012,0.524,0.085,0.340,0.33,Difficult
2652,2025-08-06,ORD,RSW,0.010,0.594,0.128,0.151,0.33,Difficult
5131,2025-08-07,ORD,CMX,0.012,0.556,0.191,0.097,0.33,Difficult
2154,2025-08-14,ORD,ROC,0.016,0.540,0.170,0.203,0.33,Difficult
1178,2025-08-15,ORD,ORF,0.007,0.651,0.085,0.174,0.33,Difficult
920,2025-08-08,ORD,LHR,0.052,0.633,0.074,0.071,0.33,Difficult
1710,2025-08-02,ORD,SMF,0.012,0.607,0.043,0.289,0.33,Difficult
4518,2025-08-02,ORD,STL,0.002,0.698,0.053,0.177,0.33,Difficult
1742,2025-08-01,ORD,JAX,0.010,0.594,0.138,0.123,0.33,Difficult
288,2025-08-15,ORD,SNN,0.001,0.608,0.021,0.354,0.33,Difficult
422,2025-08-01,ORD,ATH,0.013,0.603,0.043,0.283,0.33,Difficult
5964,2025-08-06,ORD,CID,0.008,0.684,0.064,0.131,0.33,Difficult
592,2025-08-01,ORD,JAC,0.012,0.573,0.138,0.209,0.33,Difficult
5534,2025-08-09,ORD,OMA,0.020,0.663,0.053,0.171,0.33,Difficult
920,2025-08-10,ORD,LHR,0.001,0.558,0.223,0.089,0.33,Difficult
1030,2025-08-10,ORD,ABQ,0.009,0.525,0.223,0.126,0.33,Difficult
2154,2025-08-15,ORD,ROC,0.016,0.503,0.106,0.291,0.33,Difficult
349,2025-08-11,ORD,BTV,0.008,0.552,0.117,0.254,0.33,Difficult
4519,2025-08-09,ORD,SCE,0.006,0.621,0.128,0.140,0.33,Difficult
1761,2025-08-04,ORD,FAT,0.010,0.551,0.202,0.117,0.33,Difficult
2184,2025-08-02,ORD,EGE,0.004,0.711,0.064,0.166,0.33,Difficult
920,2025-08-02,ORD,LHR,0.001,0.607,0.170,0.114,0.33,Difficult
1347,2025-08-02,ORD,FLL,0.009,0.634,0.149,0.106,0.33,Difficult
5251,2025-08-08,ORD,ASE,0.008,0.746,0.032,0.091,0.33,Difficult
1967,2025-08-05,ORD,LAX,0.014,0.580,0.149,0.126,0.33,Difficult
2481,2025-08-13,ORD,SYR,0.010,0.650,0.064,0.217,0.33,Difficult
909,2025-08-05,ORD,AMS,0.016,0.436,0.149,0.311,0.33,Difficult
2497,2025-08-11,ORD,DTW,0.010,0.577,0.128,0.174,0.33,Difficult
5534,2025-08-03,ORD,OMA,0.008,0.577,0.117,0.177,0.33,Difficult
4416,2025-08-03,ORD,STL,0.007,0.632,0.170,0.060,0.33,Difficult
1124,2025-08-11,ORD,IAH,0.012,0.582,0.106,0.220,0.33,Difficult
1178,2025-08-14,ORD,ORF,0.011,0.599,0.085,0.189,0.33,Difficult
1801,2025-08-11,ORD,DEN,0.014,0.557,0.128,0.249,0.33,Difficult
580,2025-08-12,ORD,PDX,0.007,0.585,0.128,0.183,0.33,Difficult
2211,2025-08-07,ORD,SEA,0.010,0.581,0.096,0.200,0.33,Difficult
944,2025-08-13,ORD,FRA,0.010,0.631,0.404,0.669,0.33,Difficult
1974,2025-08-13,ORD,PWM,0.007,0.568,0.170,0.140,0.33,Difficult
2426,2025-08-09,ORD,IAH,0.013,0.604,0.128,0.174,0.33,Difficult
739,2025-08-04,ORD,BZN,0.012,0.603,0.085,0.191,0.33,Difficult
2658,2025-08-12,ORD,SMF,0.012,0.473,0.181,0.240,0.33,Difficult
953,2025-08-10,ORD,MUC,0.002,0.409,0.287,0.266,0.33,Difficult
1144,2025-08-05,ORD,ONT,0.029,0.642,0.106,0.049,0.33,Difficult
1710,2025-08-10,ORD,SMF,0.011,0.531,0.181,0.177,0.33,Difficult
1983,2025-08-09,ORD,LAX,0.008,0.711,0.064,0.129,0.33,Difficult
881,2025-08-10,ORD,HND,0.004,0.569,0.447,0.743,0.33,Difficult
5320,2025-08-05,ORD,MKE,0.003,0.599,0.234,0.054,0.33,Difficult
2059,2025-08-05,ORD,PDX,0.003,0.634,0.096,0.231,0.33,Difficult
1708,2025-08-09,ORD,CLE,0.007,0.534,0.170,0.180,0.33,Difficult
617,2025-08-02,ORD,CLT,0.010,0.516,0.149,0.286,0.33,Difficult
1785,2025-08-11,ORD,EWR,0.008,0.631,0.160,0.074,0.33,Difficult
6002,2025-08-10,ORD,AVL,0.009,0.577,0.170,0.117,0.33,Difficult
1583,2025-08-12,ORD,BWI,0.011,0.485,0.128,0.349,0.33,Difficult
2278,2025-08-09,ORD,SEA,0.012,0.608,0.106,0.194,0.33,Difficult
312,2025-08-02,ORD,CHS,0.009,0.651,0.064,0.189,0.33,Difficult
1580,2025-08-03,ORD,YVR,0.015,0.627,0.160,0.089,0.33,Difficult
2424,2025-08-01,ORD,RDU,0.011,0.527,0.128,0.226,0.33,Difficult
3628,2025-08-02,ORD,IND,0.012,0.548,0.085,0.260,0.33,Difficult
2426,2025-08-08,ORD,IAH,0.013,0.591,0.117,0.143,0.33,Difficult
1708,2025-08-13,ORD,CLE,0.009,0.672,0.074,0.109,0.33,Difficult
1178,2025-08-13,ORD,ORF,0.013,0.543,0.149,0.217,0.33,Difficult
5964,2025-08-04,ORD,CID,0.019,0.670,0.032,0.146,0.33,Difficult
739,2025-08-07,ORD,BZN,0.074,0.538,0.021,0.157,0.33,Difficult
1616,2025-08-13,ORD,GRR,0.008,0.534,0.117,0.277,0.33,Difficult
1710,2025-08-06,ORD,SMF,0.012,0.601,0.138,0.149,0.33,Difficult
987,2025-08-05,ORD,CDG,0.009,0.492,0.234,0.177,0.33,Difficult
2394,2025-08-02,ORD,DEN,0.012,0.629,0.043,0.211,0.33,Difficult
5833,2025-08-14,ORD,DTW,0.015,0.641,0.043,0.191,0.33,Difficult
1785,2025-08-02,ORD,EWR,0.013,0.598,0.170,0.091,0.33,Difficult
929,2025-08-09,ORD,LHR,0.020,0.584,0.128,0.103,0.33,Difficult
2677,2025-08-13,ORD,IAD,0.008,0.593,0.202,0.106,0.33,Difficult
5915,2025-08-02,ORD,LNK,0.010,0.632,0.149,0.109,0.33,Difficult
288,2025-08-12,ORD,SNN,0.008,0.491,0.213,0.191,0.33,Difficult
349,2025-08-04,ORD,BTV,0.055,0.506,0.074,0.231,0.33,Difficult
1761,2025-08-09,ORD,FAT,0.008,0.517,0.191,0.163,0.33,Difficult
1742,2025-08-04,ORD,JAX,0.010,0.607,0.128,0.149,0.33,Difficult
1030,2025-08-05,ORD,ABQ,0.012,0.677,0.096,0.129,0.33,Difficult
2424,2025-08-11,ORD,RDU,0.011,0.628,0.043,0.231,0.33,Difficult
929,2025-08-05,ORD,LHR,0.012,0.538,0.202,0.123,0.33,Difficult
288,2025-08-14,ORD,SNN,0.008,0.608,0.096,0.257,0.33,Difficult
1761,2025-08-13,ORD,FAT,0.007,0.551,0.160,0.183,0.33,Difficult
1859,2025-08-09,ORD,SNA,0.011,0.625,0.138,0.083,0.33,Difficult
2278,2025-08-05,ORD,SEA,0.012,0.613,0.085,0.194,0.33,Difficult
118,2025-08-08,ORD,EDI,0.013,0.528,0.106,0.289,0.33,Difficult
5847,2025-08-09,ORD,DSM,0.006,0.649,0.096,0.154,0.33,Difficult
374,2025-08-02,ORD,MSP,0.009,0.560,0.064,0.289,0.33,Difficult
1182,2025-08-08,ORD,SJC,0.014,0.683,0.021,0.209,0.33,Difficult
1347,2025-08-15,ORD,FLL,0.021,0.588,0.106,0.194,0.33,Difficult
2039,2025-08-11,ORD,MCO,0.013,0.569,0.138,0.200,0.33,Difficult
3604,2025-08-04,ORD,CMH,0.015,0.591,0.170,0.071,0.33,Difficult
2179,2025-08-05,ORD,SFO,0.004,0.570,0.223,0.091,0.33,Difficult
929,2025-08-01,ORD,LHR,0.008,0.630,0.085,0.154,0.33,Difficult
1776,2025-08-07,ORD,PHL,0.011,0.545,0.213,0.137,0.33,Difficult
349,2025-08-09,ORD,BTV,0.008,0.683,0.043,0.203,0.33,Difficult
1989,2025-08-15,ORD,BOS,0.010,0.585,0.160,0.191,0.33,Difficult
5534,2025-08-02,ORD,OMA,0.008,0.562,0.128,0.209,0.33,Difficult
291,2025-08-15,ORD,BDL,0.011,0.570,0.096,0.251,0.33,Difficult
5652,2025-08-02,ORD,GEG,0.012,0.605,0.138,0.117,0.33,Difficult
2059,2025-08-08,ORD,PDX,0.009,0.627,0.074,0.206,0.33,Difficult
2154,2025-08-06,ORD,ROC,0.016,0.488,0.160,0.231,0.33,Difficult
2494,2025-08-04,ORD,MCI,0.012,0.488,0.170,0.286,0.33,Difficult
5833,2025-08-01,ORD,DTW,0.007,0.627,0.074,0.186,0.33,Difficult
929,2025-08-07,ORD,LHR,0.001,0.489,0.266,0.169,0.33,Difficult
4638,2025-08-02,ORD,COS,0.011,0.562,0.160,0.126,0.33,Difficult
2148,2025-08-09,ORD,SAT,0.012,0.625,0.085,0.183,0.33,Difficult
1742,2025-08-11,ORD,JAX,0.008,0.476,0.160,0.289,0.33,Difficult
580,2025-08-01,ORD,PDX,0.012,0.625,0.106,0.177,0.33,Difficult
1660,2025-08-02,ORD,SFO,0.009,0.643,0.053,0.180,0.33,Difficult
5290,2025-08-08,ORD,BOI,0.010,0.567,0.245,0.074,0.33,Difficult
2394,2025-08-01,ORD,DEN,0.011,0.587,0.138,0.134,0.33,Difficult
2243,2025-08-02,ORD,RIC,0.009,0.639,0.000,0.260,0.33,Difficult
1347,2025-08-01,ORD,FLL,0.012,0.604,0.160,0.089,0.33,Difficult
2155,2025-08-11,ORD,LAX,0.014,0.570,0.149,0.134,0.33,Difficult
481,2025-08-08,ORD,RNO,0.008,0.716,0.096,0.089,0.33,Difficult
1269,2025-08-02,ORD,CLE,0.014,0.607,0.085,0.254,0.33,Difficult
592,2025-08-03,ORD,JAC,0.012,0.664,0.021,0.183,0.33,Difficult
1616,2025-08-04,ORD,GRR,0.010,0.457,0.191,0.254,0.33,Difficult
1989,2025-08-01,ORD,BOS,0.013,0.610,0.128,0.097,0.33,Difficult
1905,2025-08-11,ORD,PIT,0.010,0.647,0.085,0.166,0.33,Difficult
2147,2025-08-05,ORD,ALB,0.007,0.599,0.149,0.146,0.33,Difficult
1710,2025-08-11,ORD,SMF,0.013,0.562,0.043,0.320,0.33,Difficult
1182,2025-08-01,ORD,SJC,0.008,0.573,0.128,0.191,0.33,Difficult
2481,2025-08-01,ORD,SYR,0.010,0.647,0.064,0.203,0.33,Difficult
2211,2025-08-01,ORD,SEA,0.013,0.621,0.032,0.226,0.33,Difficult
2179,2025-08-04,ORD,SFO,0.014,0.573,0.149,0.126,0.33,Difficult
1124,2025-08-13,ORD,IAH,0.010,0.494,0.149,0.266,0.33,Difficult
953,2025-08-15,ORD,MUC,0.001,0.550,0.117,0.343,0.33,Difficult
1616,2025-08-05,ORD,GRR,0.010,0.436,0.234,0.220,0.33,Difficult
3542,2025-08-02,ORD,YUL,0.012,0.785,0.011,0.054,0.33,Difficult
2426,2025-08-03,ORD,IAH,0.013,0.622,0.096,0.123,0.33,Difficult
2417,2025-08-05,ORD,SAN,0.011,0.591,0.074,0.240,0.33,Difficult
2154,2025-08-04,ORD,ROC,0.012,0.594,0.085,0.260,0.33,Difficult
265,2025-08-02,ORD,YYZ,0.017,0.599,0.128,0.117,0.33,Difficult
1859,2025-08-08,ORD,SNA,0.012,0.677,0.128,0.091,0.33,Difficult
1580,2025-08-01,ORD,YVR,0.012,0.644,0.085,0.131,0.33,Difficult
909,2025-08-12,ORD,AMS,0.005,0.429,0.245,0.263,0.33,Difficult
2172,2025-08-09,ORD,FAI,0.009,0.483,0.117,0.366,0.33,Difficult
1580,2025-08-02,ORD,YVR,0.019,0.637,0.106,0.083,0.33,Difficult
580,2025-08-11,ORD,PDX,0.011,0.591,0.043,0.280,0.33,Difficult
3716,2025-08-01,ORD,CMH,0.018,0.591,0.160,0.120,0.33,Difficult
1801,2025-08-05,ORD,DEN,0.012,0.584,0.043,0.329,0.33,Difficult
2179,2025-08-09,ORD,SFO,0.014,0.650,0.085,0.146,0.33,Difficult
2278,2025-08-03,ORD,SEA,0.012,0.610,0.160,0.134,0.33,Difficult
1124,2025-08-10,ORD,IAH,0.012,0.616,0.128,0.143,0.33,Difficult
1775,2025-08-04,ORD,FLL,0.045,0.552,0.138,0.049,0.33,Difficult
2658,2025-08-14,ORD,SMF,0.007,0.527,0.149,0.214,0.33,Difficult
5790,2025-08-03,ORD,CRW,0.005,0.687,0.085,0.094,0.33,Difficult
1761,2025-08-15,ORD,FAT,0.011,0.491,0.191,0.211,0.33,Difficult
2677,2025-08-03,ORD,IAD,0.008,0.605,0.160,0.134,0.33,Difficult
2148,2025-08-04,ORD,SAT,0.012,0.690,0.000,0.246,0.33,Difficult
2202,2025-08-09,ORD,IAH,0.010,0.616,0.106,0.197,0.33,Difficult
1801,2025-08-01,ORD,DEN,0.012,0.598,0.074,0.291,0.33,Difficult
1859,2025-08-02,ORD,SNA,0.012,0.694,0.032,0.146,0.33,Difficult
2424,2025-08-14,ORD,RDU,0.013,0.500,0.074,0.354,0.33,Difficult
374,2025-08-15,ORD,MSP,0.013,0.521,0.117,0.171,0.32,Difficult
664,2025-08-02,ORD,LGA,0.002,0.617,0.117,0.083,0.32,Difficult
2424,2025-08-03,ORD,RDU,0.011,0.524,0.096,0.206,0.32,Difficult
1776,2025-08-13,ORD,PHL,0.055,0.591,0.000,0.120,0.32,Difficult
5652,2025-08-13,ORD,GEG,0.008,0.584,0.128,0.083,0.32,Difficult
2039,2025-08-01,ORD,MCO,0.013,0.670,0.000,0.120,0.32,Difficult
312,2025-08-04,ORD,CHS,0.011,0.690,0.021,0.120,0.32,Difficult
2059,2025-08-06,ORD,PDX,0.011,0.543,0.138,0.174,0.32,Difficult
5624,2025-08-05,ORD,LEX,0.002,0.649,0.064,0.097,0.32,Difficult
2417,2025-08-01,ORD,SAN,0.011,0.567,0.106,0.174,0.32,Difficult
5868,2025-08-13,ORD,YWG,0.004,0.613,0.043,0.163,0.32,Difficult
1583,2025-08-01,ORD,BWI,0.010,0.598,0.011,0.217,0.32,Difficult
2424,2025-08-07,ORD,RDU,0.011,0.576,0.074,0.166,0.32,Difficult
1967,2025-08-01,ORD,LAX,0.012,0.582,0.096,0.100,0.32,Difficult
1398,2025-08-02,ORD,ATL,0.011,0.591,0.032,0.240,0.32,Difficult
1708,2025-08-14,ORD,CLE,0.011,0.634,0.053,0.160,0.32,Difficult
291,2025-08-13,ORD,BDL,0.011,0.578,0.064,0.163,0.32,Difficult
1580,2025-08-08,ORD,YVR,0.012,0.640,0.064,0.071,0.32,Difficult
2202,2025-08-08,ORD,IAH,0.011,0.558,0.117,0.126,0.32,Difficult
1660,2025-08-15,ORD,SFO,0.009,0.563,0.128,0.157,0.32,Difficult
4638,2025-08-01,ORD,COS,0.011,0.534,0.191,0.100,0.32,Difficult
1124,2025-08-12,ORD,IAH,0.013,0.561,0.043,0.246,0.32,Difficult
5637,2025-08-01,ORD,GRB,0.008,0.708,0.000,0.111,0.32,Difficult
4792,2025-08-01,ORD,ROA,0.008,0.591,0.149,0.063,0.32,Difficult
592,2025-08-05,ORD,JAC,0.012,0.426,0.266,0.111,0.32,Difficult
374,2025-08-07,ORD,MSP,0.013,0.564,0.138,0.129,0.32,Difficult
1801,2025-08-03,ORD,DEN,0.014,0.552,0.117,0.174,0.32,Difficult
4463,2025-08-12,ORD,ABE,0.005,0.589,0.149,0.091,0.32,Difficult
929,2025-08-14,ORD,LHR,0.012,0.375,0.255,0.229,0.32,Difficult
2138,2025-08-05,ORD,LGA,0.274,0.611,0.106,0.043,0.32,Difficult
929,2025-08-10,ORD,LHR,0.012,0.431,0.234,0.200,0.32,Difficult
2148,2025-08-01,ORD,SAT,0.016,0.578,0.032,0.177,0.32,Difficult
2059,2025-08-15,ORD,PDX,0.015,0.561,0.032,0.243,0.32,Difficult
5901,2025-08-14,ORD,FAR,0.006,0.598,0.106,0.097,0.32,Difficult
580,2025-08-10,ORD,PDX,0.012,0.570,0.085,0.200,0.32,Difficult
5631,2025-08-11,ORD,DAY,0.005,0.512,0.181,0.097,0.32,Difficult
920,2025-08-05,ORD,LHR,0.010,0.607,0.106,0.117,0.32,Difficult
2494,2025-08-13,ORD,MCI,0.016,0.451,0.181,0.214,0.32,Difficult
4636,2025-08-11,ORD,SBN,0.011,0.534,0.191,0.043,0.32,Difficult
5526,2025-08-12,ORD,ATW,0.002,0.643,0.096,0.111,0.32,Difficult
929,2025-08-06,ORD,LHR,0.008,0.597,0.074,0.149,0.32,Difficult
1324,2025-08-04,ORD,SFO,0.012,0.561,0.149,0.114,0.32,Difficult
349,2025-08-12,ORD,BTV,0.011,0.456,0.106,0.334,0.32,Difficult
4636,2025-08-14,ORD,SBN,0.009,0.643,0.074,0.057,0.32,Difficult
349,2025-08-15,ORD,BTV,0.010,0.568,0.053,0.266,0.32,Difficult
3635,2025-08-02,ORD,MSN,0.011,0.649,0.000,0.214,0.32,Difficult
349,2025-08-02,ORD,BTV,0.008,0.638,0.011,0.186,0.32,Difficult
3716,2025-08-02,ORD,CMH,0.008,0.584,0.000,0.283,0.32,Difficult
2652,2025-08-03,ORD,RSW,0.013,0.647,0.000,0.166,0.32,Difficult
5314,2025-08-04,ORD,LNK,0.010,0.556,0.170,0.069,0.32,Difficult
3716,2025-08-08,ORD,CMH,0.012,0.570,0.096,0.157,0.32,Difficult
1785,2025-08-09,ORD,EWR,0.013,0.500,0.223,0.077,0.32,Difficult
4792,2025-08-09,ORD,ROA,0.009,0.548,0.128,0.100,0.32,Difficult
5534,2025-08-05,ORD,OMA,0.020,0.562,0.149,0.097,0.32,Difficult
5847,2025-08-11,ORD,DSM,0.012,0.527,0.128,0.171,0.32,Difficult
1905,2025-08-13,ORD,PIT,0.012,0.559,0.085,0.203,0.32,Difficult
4518,2025-08-15,ORD,STL,0.011,0.610,0.043,0.137,0.32,Difficult
845,2025-08-05,ORD,GRU,0.006,0.493,0.457,0.771,0.32,Difficult
2394,2025-08-13,ORD,DEN,0.009,0.543,0.128,0.117,0.32,Difficult
1269,2025-08-09,ORD,CLE,0.009,0.517,0.117,0.226,0.32,Difficult
2059,2025-08-14,ORD,PDX,0.012,0.576,0.096,0.180,0.32,Difficult
2658,2025-08-08,ORD,SMF,0.007,0.589,0.053,0.174,0.32,Difficult
4636,2025-08-04,ORD,SBN,0.010,0.556,0.160,0.091,0.32,Difficult
2059,2025-08-07,ORD,PDX,0.011,0.558,0.064,0.191,0.32,Difficult
953,2025-08-11,ORD,MUC,0.001,0.398,0.255,0.240,0.32,Difficult
3663,2025-08-04,ORD,BGR,0.007,0.548,0.128,0.114,0.32,Difficult
1660,2025-08-12,ORD,SFO,0.010,0.584,0.085,0.149,0.32,Difficult
695,2025-08-10,ORD,SJU,0.010,0.549,0.074,0.214,0.32,Difficult
2658,2025-08-11,ORD,SMF,0.007,0.621,0.064,0.191,0.32,Difficult
1335,2025-08-04,ORD,BUF,0.012,0.527,0.074,0.263,0.32,Difficult
1335,2025-08-05,ORD,BUF,0.013,0.509,0.085,0.229,0.32,Difficult
3716,2025-08-14,ORD,CMH,0.012,0.570,0.106,0.111,0.32,Difficult
2172,2025-08-15,ORD,FAI,0.011,0.450,0.085,0.337,0.32,Difficult
4792,2025-08-05,ORD,ROA,0.008,0.598,0.117,0.060,0.32,Difficult
617,2025-08-03,ORD,CLT,0.010,0.581,0.149,0.091,0.32,Difficult
1801,2025-08-10,ORD,DEN,0.014,0.591,0.074,0.163,0.32,Difficult
2243,2025-08-01,ORD,RIC,0.001,0.592,0.085,0.220,0.32,Difficult
920,2025-08-06,ORD,LHR,0.001,0.587,0.128,0.089,0.32,Difficult
695,2025-08-08,ORD,SJU,0.010,0.555,0.149,0.134,0.32,Difficult
2481,2025-08-10,ORD,SYR,0.010,0.509,0.202,0.143,0.32,Difficult
5790,2025-08-13,ORD,CRW,0.006,0.512,0.149,0.154,0.32,Difficult
2179,2025-08-07,ORD,SFO,0.014,0.575,0.128,0.100,0.32,Difficult
2394,2025-08-09,ORD,DEN,0.009,0.591,0.085,0.171,0.32,Difficult
349,2025-08-01,ORD,BTV,0.008,0.577,0.074,0.143,0.32,Difficult
2075,2025-08-05,ORD,TPA,0.011,0.591,0.085,0.120,0.32,Difficult
4188,2025-08-02,ORD,GSO,0.008,0.654,0.085,0.057,0.32,Difficult
1616,2025-08-12,ORD,GRR,0.004,0.409,0.202,0.249,0.32,Difficult
349,2025-08-14,ORD,BTV,0.001,0.584,0.064,0.214,0.32,Difficult
739,2025-08-01,ORD,BZN,0.010,0.646,0.021,0.151,0.32,Difficult
5624,2025-08-06,ORD,LEX,0.014,0.584,0.085,0.117,0.32,Difficult
3699,2025-08-09,ORD,PIT,0.005,0.649,0.043,0.134,0.32,Difficult
793,2025-08-05,ORD,DFW,0.011,0.629,0.043,0.197,0.32,Difficult
1616,2025-08-07,ORD,GRR,0.007,0.530,0.096,0.251,0.32,Difficult
1616,2025-08-03,ORD,GRR,0.003,0.519,0.138,0.217,0.32,Difficult
1269,2025-08-11,ORD,CLE,0.010,0.581,0.106,0.129,0.32,Difficult
1660,2025-08-07,ORD,SFO,0.009,0.589,0.085,0.174,0.32,Difficult
1801,2025-08-02,ORD,DEN,0.014,0.484,0.085,0.303,0.32,Difficult
2005,2025-08-03,ORD,TYS,0.009,0.614,0.043,0.160,0.32,Difficult
695,2025-08-07,ORD,SJU,0.010,0.610,0.053,0.151,0.32,Difficult
118,2025-08-09,ORD,EDI,0.007,0.543,0.064,0.300,0.32,Difficult
2243,2025-08-05,ORD,RIC,0.009,0.547,0.106,0.171,0.32,Difficult
1616,2025-08-01,ORD,GRR,0.008,0.586,0.011,0.263,0.32,Difficult
739,2025-08-11,ORD,BZN,0.012,0.527,0.106,0.194,0.32,Difficult
265,2025-08-12,ORD,YYZ,0.012,0.568,0.149,0.074,0.32,Difficult
5392,2025-08-07,ORD,OKC,0.013,0.620,0.000,0.209,0.32,Difficult
1660,2025-08-14,ORD,SFO,0.009,0.552,0.138,0.089,0.32,Difficult
1974,2025-08-08,ORD,PWM,0.007,0.659,0.000,0.137,0.32,Difficult
2427,2025-08-04,ORD,CVG,0.010,0.603,0.043,0.151,0.32,Difficult
312,2025-08-05,ORD,CHS,0.011,0.679,0.000,0.183,0.32,Difficult
481,2025-08-05,ORD,RNO,0.012,0.564,0.170,0.086,0.32,Difficult
5833,2025-08-07,ORD,DTW,0.010,0.562,0.106,0.129,0.32,Difficult
5290,2025-08-02,ORD,BOI,0.010,0.637,0.043,0.111,0.32,Difficult
1983,2025-08-01,ORD,LAX,0.008,0.598,0.064,0.137,0.32,Difficult
1708,2025-08-15,ORD,CLE,0.009,0.556,0.149,0.134,0.32,Difficult
2059,2025-08-13,ORD,PDX,0.015,0.537,0.106,0.151,0.32,Difficult
1616,2025-08-06,ORD,GRR,0.007,0.556,0.096,0.206,0.32,Difficult
5526,2025-08-07,ORD,ATW,0.002,0.708,0.021,0.069,0.32,Difficult
1124,2025-08-06,ORD,IAH,0.012,0.573,0.043,0.243,0.32,Difficult
2179,2025-08-11,ORD,SFO,0.011,0.591,0.064,0.146,0.32,Difficult
1270,2025-08-10,ORD,PUJ,0.012,0.680,0.064,0.074,0.32,Difficult
2155,2025-08-02,ORD,LAX,0.006,0.603,0.043,0.254,0.32,Difficult
592,2025-08-15,ORD,JAC,0.012,0.672,0.000,0.180,0.32,Difficult
2481,2025-08-08,ORD,SYR,0.010,0.578,0.064,0.163,0.32,Difficult
3465,2025-08-02,ORD,GSP,0.009,0.562,0.117,0.134,0.32,Difficult
1324,2025-08-03,ORD,SFO,0.012,0.548,0.170,0.123,0.32,Difficult
3433,2025-08-11,ORD,CVG,0.014,0.627,0.074,0.117,0.32,Difficult
4519,2025-08-05,ORD,SCE,0.007,0.599,0.128,0.117,0.32,Difficult
374,2025-08-05,ORD,MSP,0.008,0.564,0.106,0.134,0.32,Difficult
2179,2025-08-08,ORD,SFO,0.014,0.584,0.064,0.154,0.32,Difficult
5314,2025-08-03,ORD,LNK,0.007,0.665,0.106,0.057,0.32,Difficult
1347,2025-08-04,ORD,FLL,0.009,0.585,0.128,0.083,0.32,Difficult
777,2025-08-14,ORD,LAS,0.019,0.584,0.138,0.080,0.32,Difficult
695,2025-08-03,ORD,SJU,0.010,0.646,0.085,0.109,0.32,Difficult
291,2025-08-07,ORD,BDL,0.004,0.574,0.160,0.109,0.32,Difficult
291,2025-08-11,ORD,BDL,0.011,0.596,0.064,0.211,0.32,Difficult
1182,2025-08-05,ORD,SJC,0.010,0.585,0.074,0.163,0.32,Difficult
5045,2025-08-01,ORD,RHI,0.002,0.741,0.000,0.094,0.32,Difficult
5131,2025-08-04,ORD,CMX,0.012,0.556,0.149,0.071,0.32,Difficult
5352,2025-08-09,ORD,CAK,0.008,0.654,0.064,0.080,0.32,Difficult
2424,2025-08-13,ORD,RDU,0.011,0.567,0.043,0.289,0.32,Difficult
4590,2025-08-09,ORD,MDT,0.004,0.621,0.085,0.077,0.32,Difficult
4518,2025-08-05,ORD,STL,0.004,0.632,0.064,0.143,0.32,Difficult
1989,2025-08-13,ORD,BOS,0.013,0.558,0.074,0.154,0.32,Difficult
288,2025-08-03,ORD,SNN,0.006,0.599,0.074,0.209,0.32,Difficult
1580,2025-08-05,ORD,YVR,0.012,0.627,0.064,0.094,0.32,Difficult
920,2025-08-11,ORD,LHR,0.010,0.525,0.191,0.071,0.32,Difficult
5314,2025-08-11,ORD,LNK,0.010,0.480,0.234,0.063,0.32,Difficult
2154,2025-08-12,ORD,ROC,0.008,0.403,0.170,0.283,0.32,Difficult
2417,2025-08-03,ORD,SAN,0.011,0.588,0.106,0.146,0.32,Difficult
2497,2025-08-07,ORD,DTW,0.012,0.530,0.160,0.071,0.32,Difficult
3604,2025-08-07,ORD,CMH,0.013,0.541,0.138,0.083,0.32,Difficult
2424,2025-08-15,ORD,RDU,0.011,0.509,0.138,0.231,0.32,Difficult
1178,2025-08-03,ORD,ORF,0.011,0.543,0.053,0.249,0.32,Difficult
580,2025-08-07,ORD,PDX,0.011,0.506,0.096,0.203,0.32,Difficult
2243,2025-08-07,ORD,RIC,0.010,0.574,0.085,0.180,0.32,Difficult
1983,2025-08-14,ORD,LAX,0.001,0.540,0.117,0.186,0.32,Difficult
1030,2025-08-02,ORD,ABQ,0.012,0.521,0.138,0.146,0.32,Difficult
3402,2025-08-01,ORD,YOW,0.008,0.684,0.021,0.123,0.32,Difficult
1660,2025-08-05,ORD,SFO,0.010,0.626,0.064,0.134,0.32,Difficult
3402,2025-08-12,ORD,YOW,0.010,0.541,0.149,0.106,0.32,Difficult
5392,2025-08-02,ORD,OKC,0.009,0.641,0.011,0.143,0.32,Difficult
6004,2025-08-01,ORD,SUN,0.014,0.676,0.000,0.089,0.32,Difficult
291,2025-08-14,ORD,BDL,0.009,0.545,0.149,0.137,0.32,Difficult
777,2025-08-06,ORD,LAS,0.011,0.515,0.181,0.106,0.32,Difficult
2144,2025-08-12,ORD,YYZ,0.042,0.551,0.106,0.069,0.32,Difficult
5392,2025-08-10,ORD,OKC,0.013,0.634,0.000,0.174,0.32,Difficult
1335,2025-08-11,ORD,BUF,0.013,0.445,0.191,0.220,0.32,Difficult
2481,2025-08-07,ORD,SYR,0.011,0.432,0.160,0.220,0.32,Difficult
4518,2025-08-01,ORD,STL,0.009,0.534,0.170,0.131,0.32,Difficult
714,2025-08-15,ORD,MDT,0.013,0.565,0.053,0.254,0.32,Difficult
2658,2025-08-03,ORD,SMF,0.010,0.553,0.128,0.157,0.32,Difficult
1776,2025-08-08,ORD,PHL,0.011,0.676,0.021,0.146,0.32,Difficult
1710,2025-08-05,ORD,SMF,0.003,0.616,0.053,0.223,0.32,Difficult
5534,2025-08-10,ORD,OMA,0.008,0.534,0.181,0.140,0.32,Difficult
374,2025-08-08,ORD,MSP,0.008,0.564,0.074,0.169,0.32,Difficult
5637,2025-08-07,ORD,GRB,0.008,0.708,0.021,0.071,0.32,Difficult
5131,2025-08-13,ORD,CMX,0.012,0.567,0.117,0.083,0.32,Difficult
349,2025-08-07,ORD,BTV,0.008,0.562,0.074,0.229,0.32,Difficult
580,2025-08-04,ORD,PDX,0.012,0.567,0.053,0.183,0.32,Difficult
2075,2025-08-07,ORD,TPA,0.011,0.653,0.074,0.040,0.32,Difficult
2005,2025-08-04,ORD,TYS,0.010,0.551,0.117,0.123,0.32,Difficult
2211,2025-08-03,ORD,SEA,0.010,0.601,0.064,0.123,0.32,Difficult
777,2025-08-02,ORD,LAS,0.011,0.640,0.011,0.129,0.32,Difficult
2179,2025-08-01,ORD,SFO,0.014,0.577,0.074,0.140,0.32,Difficult
312,2025-08-13,ORD,CHS,0.008,0.620,0.085,0.143,0.32,Difficult
2426,2025-08-11,ORD,IAH,0.013,0.527,0.128,0.117,0.32,Difficult
2278,2025-08-14,ORD,SEA,0.012,0.561,0.064,0.211,0.32,Difficult
4518,2025-08-06,ORD,STL,0.004,0.643,0.096,0.109,0.32,Difficult
1660,2025-08-03,ORD,SFO,0.009,0.596,0.128,0.103,0.32,Difficult
5699,2025-08-08,ORD,SAV,0.009,0.649,0.074,0.117,0.32,Difficult
2211,2025-08-08,ORD,SEA,0.010,0.594,0.021,0.189,0.32,Difficult
1182,2025-08-14,ORD,SJC,0.012,0.545,0.106,0.177,0.32,Difficult
5392,2025-08-11,ORD,OKC,0.013,0.627,0.032,0.146,0.32,Difficult
793,2025-08-01,ORD,DFW,0.011,0.620,0.000,0.206,0.32,Difficult
1269,2025-08-05,ORD,CLE,0.013,0.558,0.074,0.191,0.32,Difficult
777,2025-08-03,ORD,LAS,0.010,0.568,0.096,0.140,0.32,Difficult
714,2025-08-10,ORD,MDT,0.013,0.618,0.000,0.183,0.32,Difficult
291,2025-08-05,ORD,BDL,0.009,0.607,0.074,0.137,0.32,Difficult
1324,2025-08-07,ORD,SFO,0.012,0.545,0.085,0.183,0.32,Difficult
5901,2025-08-01,ORD,FAR,0.012,0.591,0.064,0.143,0.32,Difficult
2243,2025-08-03,ORD,RIC,0.007,0.616,0.064,0.151,0.32,Difficult
1785,2025-08-08,ORD,EWR,0.008,0.549,0.170,0.080,0.32,Difficult
2494,2025-08-01,ORD,MCI,0.011,0.503,0.138,0.206,0.32,Difficult
1859,2025-08-10,ORD,SNA,0.012,0.616,0.074,0.080,0.32,Difficult
845,2025-08-09,ORD,GRU,0.008,0.620,0.426,0.606,0.32,Difficult
1708,2025-08-12,ORD,CLE,0.009,0.534,0.149,0.129,0.32,Difficult
2658,2025-08-15,ORD,SMF,0.007,0.396,0.277,0.194,0.32,Difficult
288,2025-08-07,ORD,SNN,0.008,0.518,0.138,0.200,0.32,Difficult
374,2025-08-06,ORD,MSP,0.013,0.486,0.202,0.114,0.32,Difficult
4590,2025-08-07,ORD,MDT,0.009,0.545,0.191,0.046,0.32,Difficult
793,2025-08-07,ORD,DFW,0.007,0.568,0.085,0.229,0.32,Difficult
534,2025-08-15,ORD,EWR,0.013,0.512,0.213,0.043,0.32,Difficult
291,2025-08-01,ORD,BDL,0.010,0.633,0.011,0.180,0.32,Difficult
2075,2025-08-01,ORD,TPA,0.011,0.719,0.011,0.109,0.32,Difficult
592,2025-08-13,ORD,JAC,0.012,0.646,0.000,0.149,0.32,Difficult
1989,2025-08-05,ORD,BOS,0.008,0.552,0.106,0.131,0.32,Difficult
3716,2025-08-04,ORD,CMH,0.008,0.512,0.149,0.157,0.32,Difficult
312,2025-08-06,ORD,CHS,0.008,0.577,0.106,0.163,0.32,Difficult
2075,2025-08-08,ORD,TPA,0.011,0.545,0.160,0.051,0.32,Difficult
1983,2025-08-13,ORD,LAX,0.013,0.524,0.149,0.097,0.32,Difficult
2179,2025-08-10,ORD,SFO,0.014,0.584,0.106,0.063,0.32,Difficult
1989,2025-08-11,ORD,BOS,0.012,0.582,0.117,0.126,0.32,Difficult
1178,2025-08-07,ORD,ORF,0.007,0.577,0.043,0.209,0.32,Difficult
5915,2025-08-15,ORD,LNK,0.010,0.556,0.138,0.080,0.32,Difficult
288,2025-08-05,ORD,SNN,0.008,0.416,0.181,0.231,0.32,Difficult
2039,2025-08-03,ORD,MCO,0.013,0.610,0.053,0.131,0.32,Difficult
1801,2025-08-04,ORD,DEN,0.014,0.545,0.064,0.263,0.32,Difficult
534,2025-08-08,ORD,EWR,0.013,0.504,0.223,0.083,0.32,Difficult
1967,2025-08-11,ORD,LAX,0.014,0.594,0.064,0.134,0.32,Difficult
2417,2025-08-14,ORD,SAN,0.011,0.546,0.128,0.157,0.32,Difficult
6002,2025-08-06,ORD,AVL,0.008,0.567,0.138,0.083,0.32,Difficult
2202,2025-08-05,ORD,IAH,0.012,0.591,0.085,0.177,0.32,Difficult
2148,2025-08-11,ORD,SAT,0.012,0.585,0.043,0.163,0.32,Difficult
592,2025-08-10,ORD,JAC,0.011,0.642,0.043,0.091,0.32,Difficult
2494,2025-08-03,ORD,MCI,0.013,0.598,0.032,0.223,0.32,Difficult
5868,2025-08-08,ORD,YWG,0.010,0.534,0.160,0.149,0.32,Difficult
1974,2025-08-11,ORD,PWM,0.010,0.568,0.064,0.166,0.32,Difficult
6004,2025-08-02,ORD,SUN,0.014,0.684,0.000,0.074,0.32,Difficult
1974,2025-08-09,ORD,PWM,0.008,0.590,0.064,0.154,0.32,Difficult
3707,2025-08-02,ORD,IND,0.012,0.570,0.117,0.077,0.32,Difficult
1269,2025-08-03,ORD,CLE,0.011,0.530,0.149,0.103,0.32,Difficult
1324,2025-08-08,ORD,SFO,0.012,0.589,0.085,0.186,0.32,Difficult
5631,2025-08-04,ORD,DAY,0.005,0.676,0.043,0.091,0.32,Difficult
2155,2025-08-07,ORD,LAX,0.004,0.668,0.085,0.103,0.32,Difficult
1324,2025-08-05,ORD,SFO,0.012,0.608,0.106,0.103,0.32,Difficult
1785,2025-08-14,ORD,EWR,0.014,0.576,0.128,0.094,0.32,Difficult
2207,2025-08-04,ORD,OMA,0.010,0.577,0.011,0.257,0.32,Difficult
1178,2025-08-11,ORD,ORF,0.007,0.521,0.064,0.263,0.32,Difficult
2005,2025-08-14,ORD,TYS,0.009,0.504,0.170,0.131,0.32,Difficult
1324,2025-08-15,ORD,SFO,0.012,0.493,0.064,0.240,0.31,Difficult
1347,2025-08-06,ORD,FLL,0.011,0.540,0.074,0.091,0.31,Difficult
2865,2025-08-14,ORD,LGA,0.008,0.621,0.043,0.037,0.31,Difficult
5833,2025-08-13,ORD,DTW,0.008,0.527,0.074,0.129,0.31,Difficult
617,2025-08-15,ORD,CLT,0.007,0.381,0.245,0.180,0.31,Difficult
2865,2025-08-01,ORD,LGA,0.010,0.594,0.085,0.074,0.31,Difficult
1989,2025-08-02,ORD,BOS,0.012,0.610,0.000,0.151,0.31,Difficult
5610,2025-08-09,ORD,CHO,0.008,0.610,0.053,0.066,0.31,Difficult
1006,2025-08-13,ORD,LGA,0.011,0.604,0.053,0.106,0.31,Difficult
2417,2025-08-15,ORD,SAN,0.012,0.436,0.149,0.131,0.31,Difficult
5250,2025-08-01,ORD,BNA,0.008,0.620,0.000,0.131,0.31,Difficult
1967,2025-08-06,ORD,LAX,0.013,0.610,0.064,0.054,0.31,Difficult
1006,2025-08-10,ORD,LGA,0.015,0.529,0.138,0.029,0.31,Difficult
2147,2025-08-10,ORD,ALB,0.007,0.508,0.096,0.166,0.31,Difficult
2075,2025-08-13,ORD,TPA,0.011,0.542,0.085,0.089,0.31,Difficult
1811,2025-08-01,ORD,MSP,0.059,0.627,0.415,0.334,0.31,Difficult
3604,2025-08-13,ORD,CMH,0.013,0.548,0.128,0.069,0.31,Difficult
118,2025-08-11,ORD,EDI,0.013,0.398,0.223,0.154,0.31,Difficult
2144,2025-08-12,ORD,YYZ,0.011,0.551,0.106,0.069,0.31,Difficult
2059,2025-08-10,ORD,PDX,0.012,0.518,0.074,0.171,0.31,Difficult
5131,2025-08-03,ORD,CMX,0.012,0.589,0.096,0.074,0.31,Difficult
739,2025-08-15,ORD,BZN,0.008,0.607,0.021,0.166,0.31,Difficult
2243,2025-08-11,ORD,RIC,0.009,0.577,0.011,0.186,0.31,Difficult
312,2025-08-01,ORD,CHS,0.008,0.603,0.000,0.200,0.31,Difficult
1859,2025-08-05,ORD,SNA,0.011,0.616,0.053,0.094,0.31,Difficult
5250,2025-08-07,ORD,BNA,0.011,0.512,0.170,0.063,0.31,Difficult
3635,2025-08-09,ORD,MSN,0.008,0.559,0.021,0.151,0.31,Difficult
1776,2025-08-11,ORD,PHL,0.011,0.529,0.074,0.189,0.31,Difficult
1776,2025-08-01,ORD,PHL,0.004,0.667,0.000,0.063,0.31,Difficult
987,2025-08-10,ORD,CDG,0.009,0.505,0.106,0.151,0.31,Difficult
881,2025-08-02,ORD,HND,0.002,0.634,0.298,0.689,0.31,Difficult
1324,2025-08-02,ORD,SFO,0.012,0.553,0.021,0.237,0.31,Difficult
4395,2025-08-02,ORD,TVC,0.002,0.643,0.000,0.103,0.31,Difficult
5392,2025-08-14,ORD,OKC,0.012,0.395,0.234,0.111,0.31,Difficult
3604,2025-08-05,ORD,CMH,0.013,0.598,0.064,0.069,0.31,Difficult
3465,2025-08-09,ORD,GSP,0.009,0.613,0.021,0.129,0.31,Difficult
5045,2025-08-10,ORD,RHI,0.011,0.621,0.000,0.083,0.31,Difficult
793,2025-08-03,ORD,DFW,0.008,0.594,0.021,0.103,0.31,Difficult
2075,2025-08-11,ORD,TPA,0.011,0.456,0.160,0.123,0.31,Difficult
592,2025-08-07,ORD,JAC,0.011,0.556,0.000,0.220,0.31,Difficult
5833,2025-08-08,ORD,DTW,0.009,0.548,0.032,0.183,0.31,Difficult
481,2025-08-03,ORD,RNO,0.007,0.538,0.106,0.114,0.31,Difficult
5868,2025-08-15,ORD,YWG,0.008,0.584,0.064,0.134,0.31,Difficult
3663,2025-08-08,ORD,BGR,0.007,0.577,0.106,0.089,0.31,Difficult
3402,2025-08-11,ORD,YOW,0.010,0.527,0.064,0.146,0.31,Difficult
3628,2025-08-03,ORD,IND,0.012,0.555,0.021,0.137,0.31,Difficult
291,2025-08-09,ORD,BDL,0.009,0.521,0.096,0.186,0.31,Difficult
265,2025-08-09,ORD,YYZ,0.004,0.525,0.106,0.123,0.31,Difficult
349,2025-08-03,ORD,BTV,0.007,0.581,0.000,0.157,0.31,Difficult
5314,2025-08-09,ORD,LNK,0.010,0.534,0.064,0.140,0.31,Difficult
1776,2025-08-05,ORD,PHL,0.011,0.522,0.064,0.177,0.31,Difficult
4638,2025-08-05,ORD,COS,0.007,0.570,0.106,0.103,0.31,Difficult
2075,2025-08-04,ORD,TPA,0.011,0.640,0.043,0.049,0.31,Difficult
118,2025-08-12,ORD,EDI,0.005,0.463,0.106,0.249,0.31,Difficult
1144,2025-08-08,ORD,ONT,0.018,0.562,0.043,0.111,0.31,Difficult
312,2025-08-11,ORD,CHS,0.011,0.541,0.021,0.214,0.31,Difficult
2148,2025-08-02,ORD,SAT,0.003,0.549,0.053,0.231,0.31,Difficult
714,2025-08-14,ORD,MDT,0.008,0.586,0.043,0.163,0.31,Difficult
3716,2025-08-06,ORD,CMH,0.012,0.605,0.032,0.083,0.31,Difficult
5526,2025-08-02,ORD,ATW,0.008,0.643,0.021,0.077,0.31,Difficult
265,2025-08-11,ORD,YYZ,0.013,0.499,0.149,0.049,0.31,Difficult
1775,2025-08-04,ORD,FLL,0.001,0.552,0.138,0.049,0.31,Difficult
1905,2025-08-05,ORD,PIT,0.011,0.505,0.128,0.140,0.31,Difficult
1398,2025-08-12,ORD,ATL,0.011,0.535,0.096,0.123,0.31,Difficult
1974,2025-08-06,ORD,PWM,0.008,0.525,0.085,0.129,0.31,Difficult
291,2025-08-02,ORD,BDL,0.008,0.534,0.064,0.137,0.31,Difficult
5474,2025-08-11,ORD,MBS,0.004,0.599,0.064,0.114,0.31,Difficult
3402,2025-08-13,ORD,YOW,0.010,0.512,0.085,0.129,0.31,Difficult
1776,2025-08-03,ORD,PHL,0.011,0.545,0.106,0.083,0.31,Difficult
1859,2025-08-07,ORD,SNA,0.012,0.547,0.106,0.066,0.31,Difficult
1182,2025-08-02,ORD,SJC,0.012,0.610,0.000,0.174,0.31,Difficult
2179,2025-08-15,ORD,SFO,0.011,0.482,0.138,0.166,0.31,Difficult
4636,2025-08-05,ORD,SBN,0.010,0.556,0.085,0.051,0.31,Difficult
2652,2025-08-08,ORD,RSW,0.013,0.420,0.202,0.094,0.31,Difficult
2652,2025-08-14,ORD,RSW,0.005,0.535,0.053,0.171,0.31,Difficult
617,2025-08-11,ORD,CLT,0.010,0.548,0.043,0.143,0.31,Difficult
5352,2025-08-01,ORD,CAK,0.006,0.599,0.064,0.091,0.31,Difficult
2394,2025-08-06,ORD,DEN,0.003,0.589,0.074,0.120,0.31,Difficult
1269,2025-08-14,ORD,CLE,0.010,0.551,0.128,0.083,0.31,Difficult
929,2025-08-13,ORD,LHR,0.012,0.444,0.149,0.191,0.31,Difficult
1347,2025-08-03,ORD,FLL,0.026,0.582,0.032,0.100,0.31,Difficult
5045,2025-08-03,ORD,RHI,0.011,0.599,0.064,0.060,0.31,Difficult
2481,2025-08-03,ORD,SYR,0.009,0.516,0.085,0.154,0.31,Difficult
1785,2025-08-01,ORD,EWR,0.004,0.591,0.117,0.060,0.31,Difficult
2417,2025-08-06,ORD,SAN,0.009,0.594,0.053,0.134,0.31,Difficult
1347,2025-08-08,ORD,FLL,0.007,0.584,0.043,0.120,0.31,Difficult
3525,2025-08-06,ORD,YYZ,0.012,0.634,0.021,0.037,0.31,Difficult
1859,2025-08-12,ORD,SNA,0.003,0.543,0.106,0.091,0.31,Difficult
3628,2025-08-08,ORD,IND,0.009,0.570,0.074,0.120,0.31,Difficult
1785,2025-08-07,ORD,EWR,0.008,0.579,0.074,0.051,0.31,Difficult
2075,2025-08-03,ORD,TPA,0.011,0.640,0.053,0.057,0.31,Difficult
777,2025-08-10,ORD,LAS,0.009,0.493,0.160,0.083,0.31,Difficult
3598,2025-08-07,ORD,SDF,0.008,0.498,0.117,0.097,0.31,Difficult
118,2025-08-05,ORD,EDI,0.013,0.491,0.053,0.206,0.31,Difficult
349,2025-08-10,ORD,BTV,0.008,0.525,0.064,0.163,0.31,Difficult
2658,2025-08-07,ORD,SMF,0.007,0.549,0.043,0.151,0.31,Difficult
714,2025-08-05,ORD,MDT,0.010,0.577,0.032,0.163,0.31,Difficult
1859,2025-08-13,ORD,SNA,0.011,0.538,0.053,0.131,0.31,Difficult
5534,2025-08-06,ORD,OMA,0.008,0.548,0.043,0.166,0.31,Difficult
2394,2025-08-10,ORD,DEN,0.014,0.619,0.032,0.106,0.31,Difficult
4638,2025-08-07,ORD,COS,0.011,0.534,0.106,0.083,0.31,Difficult
1974,2025-08-05,ORD,PWM,0.007,0.564,0.064,0.146,0.31,Difficult
2677,2025-08-11,ORD,IAD,0.008,0.621,0.043,0.043,0.31,Difficult
2427,2025-08-11,ORD,CVG,0.008,0.594,0.000,0.134,0.31,Difficult
920,2025-08-04,ORD,LHR,0.001,0.574,0.096,0.051,0.31,Difficult
2148,2025-08-03,ORD,SAT,0.009,0.556,0.085,0.131,0.31,Difficult
929,2025-08-03,ORD,LHR,0.001,0.568,0.064,0.106,0.31,Difficult
1178,2025-08-05,ORD,ORF,0.008,0.564,0.021,0.234,0.31,Difficult
1905,2025-08-08,ORD,PIT,0.011,0.483,0.117,0.191,0.31,Difficult
1069,2025-08-09,ORD,DCA,0.009,0.517,0.074,0.140,0.31,Difficult
4590,2025-08-02,ORD,MDT,0.009,0.654,0.000,0.054,0.31,Difficult
2243,2025-08-08,ORD,RIC,0.009,0.592,0.032,0.140,0.31,Difficult
1801,2025-08-07,ORD,DEN,0.005,0.584,0.043,0.171,0.31,Difficult
3525,2025-08-04,ORD,YYZ,0.002,0.634,0.043,0.066,0.31,Difficult
1967,2025-08-09,ORD,LAX,0.014,0.576,0.074,0.117,0.31,Difficult
1347,2025-08-05,ORD,FLL,0.001,0.524,0.117,0.111,0.31,Difficult
1660,2025-08-10,ORD,SFO,0.005,0.587,0.064,0.071,0.31,Difficult
2155,2025-08-01,ORD,LAX,0.014,0.531,0.064,0.137,0.31,Difficult
349,2025-08-08,ORD,BTV,0.010,0.612,0.011,0.174,0.31,Difficult
1859,2025-08-15,ORD,SNA,0.011,0.590,0.064,0.120,0.31,Difficult
1708,2025-08-10,ORD,CLE,0.013,0.577,0.064,0.123,0.31,Difficult
2481,2025-08-12,ORD,SYR,0.010,0.418,0.138,0.220,0.31,Difficult
5253,2025-08-07,ORD,FCA,0.010,0.605,0.043,0.086,0.31,Difficult
1335,2025-08-03,ORD,BUF,0.010,0.519,0.074,0.174,0.31,Difficult
1124,2025-08-07,ORD,IAH,0.012,0.591,0.043,0.137,0.31,Difficult
714,2025-08-11,ORD,MDT,0.008,0.573,0.032,0.194,0.31,Difficult
5847,2025-08-02,ORD,DSM,0.006,0.562,0.021,0.169,0.31,Difficult
2417,2025-08-04,ORD,SAN,0.011,0.576,0.032,0.140,0.31,Difficult
2494,2025-08-08,ORD,MCI,0.012,0.512,0.021,0.289,0.31,Difficult
374,2025-08-13,ORD,MSP,0.009,0.573,0.043,0.117,0.31,Difficult
4766,2025-08-05,ORD,OKC,0.011,0.534,0.053,0.129,0.31,Difficult
2652,2025-08-07,ORD,RSW,0.010,0.584,0.043,0.137,0.31,Difficult
5253,2025-08-05,ORD,FCA,0.004,0.641,0.043,0.074,0.31,Difficult
1580,2025-08-15,ORD,YVR,0.012,0.539,0.074,0.120,0.31,Difficult
3525,2025-08-10,ORD,YYZ,0.013,0.598,0.064,0.031,0.31,Difficult
312,2025-08-03,ORD,CHS,0.008,0.612,0.043,0.091,0.31,Difficult
2211,2025-08-09,ORD,SEA,0.012,0.518,0.053,0.169,0.31,Difficult
5290,2025-08-15,ORD,BOI,0.007,0.629,0.000,0.094,0.31,Difficult
793,2025-08-11,ORD,DFW,0.011,0.538,0.021,0.180,0.31,Difficult
622,2025-08-12,ORD,DEN,0.014,0.626,0.564,0.294,0.31,Difficult
5847,2025-08-13,ORD,DSM,0.004,0.577,0.000,0.206,0.31,Difficult
5790,2025-08-06,ORD,CRW,0.002,0.567,0.085,0.114,0.31,Difficult
3628,2025-08-11,ORD,IND,0.012,0.512,0.149,0.060,0.31,Difficult
845,2025-08-12,ORD,GRU,0.008,0.413,0.532,0.617,0.31,Difficult
1030,2025-08-09,ORD,ABQ,0.009,0.543,0.043,0.206,0.31,Difficult
3465,2025-08-05,ORD,GSP,0.009,0.548,0.085,0.109,0.31,Difficult
4518,2025-08-08,ORD,STL,0.011,0.556,0.032,0.183,0.31,Difficult
3604,2025-08-02,ORD,CMH,0.013,0.527,0.064,0.137,0.31,Difficult
3542,2025-08-11,ORD,YUL,0.010,0.649,0.000,0.049,0.31,Difficult
1983,2025-08-08,ORD,LAX,0.008,0.585,0.043,0.146,0.31,Difficult
4518,2025-08-07,ORD,STL,0.011,0.610,0.043,0.074,0.31,Difficult
5555,2025-08-10,ORD,MKE,0.004,0.578,0.085,0.091,0.31,Difficult
2677,2025-08-10,ORD,IAD,0.008,0.537,0.106,0.140,0.31,Difficult
1967,2025-08-08,ORD,LAX,0.011,0.564,0.106,0.091,0.31,Difficult
2427,2025-08-08,ORD,CVG,0.009,0.517,0.128,0.129,0.31,Difficult
5964,2025-08-07,ORD,CID,0.008,0.620,0.021,0.120,0.31,Difficult
1182,2025-08-07,ORD,SJC,0.012,0.592,0.064,0.114,0.31,Difficult
2243,2025-08-09,ORD,RIC,0.009,0.516,0.021,0.234,0.31,Difficult
4416,2025-08-07,ORD,STL,0.007,0.534,0.138,0.057,0.31,Difficult
2059,2025-08-11,ORD,PDX,0.012,0.561,0.000,0.166,0.31,Difficult
5225,2025-08-04,ORD,MKE,0.005,0.545,0.149,0.089,0.31,Difficult
3433,2025-08-01,ORD,CVG,0.005,0.505,0.128,0.097,0.31,Difficult
1403,2025-08-11,ORD,SLC,0.011,0.525,0.064,0.137,0.31,Difficult
1124,2025-08-08,ORD,IAH,0.012,0.561,0.032,0.180,0.31,Difficult
2039,2025-08-06,ORD,MCO,0.013,0.460,0.106,0.151,0.31,Difficult
2243,2025-08-06,ORD,RIC,0.010,0.378,0.181,0.206,0.31,Difficult
5631,2025-08-05,ORD,DAY,0.005,0.621,0.043,0.089,0.31,Difficult
4546,2025-08-07,ORD,AVP,0.005,0.578,0.096,0.051,0.31,Difficult
1655,2025-08-02,ORD,DCA,0.013,0.581,0.053,0.143,0.31,Difficult
5290,2025-08-04,ORD,BOI,0.002,0.577,0.085,0.071,0.31,Difficult
1967,2025-08-10,ORD,LAX,0.012,0.622,0.043,0.029,0.31,Difficult
5624,2025-08-11,ORD,LEX,0.013,0.613,0.021,0.091,0.31,Difficult
4712,2025-08-01,ORD,ELP,0.007,0.591,0.032,0.137,0.31,Difficult
2635,2025-08-01,ORD,CLT,0.035,0.607,0.032,0.049,0.31,Difficult
4416,2025-08-09,ORD,STL,0.007,0.610,0.021,0.146,0.31,Difficult
2658,2025-08-10,ORD,SMF,0.007,0.599,0.043,0.106,0.31,Difficult
2148,2025-08-10,ORD,SAT,0.010,0.574,0.043,0.137,0.31,Difficult
2155,2025-08-15,ORD,LAX,0.014,0.552,0.032,0.211,0.31,Difficult
3716,2025-08-15,ORD,CMH,0.006,0.491,0.181,0.106,0.31,Difficult
1030,2025-08-14,ORD,ABQ,0.010,0.560,0.043,0.160,0.31,Difficult
4395,2025-08-04,ORD,TVC,0.007,0.599,0.085,0.074,0.31,Difficult
1761,2025-08-14,ORD,FAT,0.011,0.439,0.181,0.157,0.31,Difficult
1324,2025-08-11,ORD,SFO,0.012,0.578,0.032,0.154,0.31,Difficult
3402,2025-08-05,ORD,YOW,0.010,0.562,0.053,0.106,0.31,Difficult
1616,2025-08-08,ORD,GRR,0.012,0.436,0.138,0.220,0.31,Difficult
5253,2025-08-10,ORD,FCA,0.011,0.649,0.000,0.063,0.31,Difficult
2005,2025-08-01,ORD,TYS,0.013,0.603,0.000,0.191,0.31,Difficult
617,2025-08-04,ORD,CLT,0.010,0.565,0.053,0.097,0.31,Difficult
5847,2025-08-01,ORD,DSM,0.012,0.577,0.043,0.169,0.31,Difficult
1974,2025-08-04,ORD,PWM,0.010,0.586,0.000,0.134,0.31,Difficult
3716,2025-08-03,ORD,CMH,0.012,0.577,0.043,0.160,0.31,Difficult
5624,2025-08-07,ORD,LEX,0.001,0.577,0.074,0.129,0.31,Difficult
5474,2025-08-13,ORD,MBS,0.004,0.436,0.255,0.089,0.31,Difficult
1983,2025-08-11,ORD,LAX,0.016,0.582,0.064,0.046,0.31,Difficult
1335,2025-08-13,ORD,BUF,0.010,0.467,0.128,0.209,0.31,Difficult
5915,2025-08-01,ORD,LNK,0.015,0.599,0.053,0.089,0.31,Difficult
3707,2025-08-01,ORD,IND,0.010,0.577,0.021,0.151,0.31,Difficult
1742,2025-08-13,ORD,JAX,0.010,0.453,0.117,0.231,0.31,Difficult
2426,2025-08-01,ORD,IAH,0.011,0.491,0.160,0.100,0.31,Difficult
580,2025-08-15,ORD,PDX,0.011,0.546,0.043,0.197,0.31,Difficult
739,2025-08-05,ORD,BZN,0.012,0.592,0.032,0.160,0.31,Difficult
1583,2025-08-06,ORD,BWI,0.007,0.482,0.074,0.223,0.31,Difficult
2147,2025-08-15,ORD,ALB,0.009,0.521,0.043,0.209,0.31,Difficult
2481,2025-08-04,ORD,SYR,0.010,0.563,0.021,0.146,0.31,Difficult
2494,2025-08-15,ORD,MCI,0.012,0.433,0.074,0.257,0.31,Difficult
2417,2025-08-10,ORD,SAN,0.009,0.585,0.021,0.163,0.31,Difficult
312,2025-08-09,ORD,CHS,0.008,0.573,0.011,0.197,0.31,Difficult
1347,2025-08-13,ORD,FLL,0.011,0.604,0.043,0.049,0.31,Difficult
4766,2025-08-07,ORD,OKC,0.011,0.578,0.043,0.114,0.31,Difficult
1583,2025-08-10,ORD,BWI,0.007,0.551,0.000,0.211,0.31,Difficult
1324,2025-08-10,ORD,SFO,0.012,0.545,0.074,0.086,0.31,Difficult
714,2025-08-03,ORD,MDT,0.013,0.545,0.043,0.146,0.31,Difficult
2179,2025-08-12,ORD,SFO,0.014,0.515,0.074,0.143,0.31,Difficult
1269,2025-08-04,ORD,CLE,0.010,0.612,0.043,0.126,0.31,Difficult
5474,2025-08-08,ORD,MBS,0.004,0.567,0.064,0.100,0.31,Difficult
2148,2025-08-08,ORD,SAT,0.012,0.476,0.085,0.254,0.31,Difficult
2424,2025-08-04,ORD,RDU,0.008,0.527,0.074,0.151,0.31,Difficult
265,2025-08-14,ORD,YYZ,0.017,0.547,0.117,0.054,0.31,Difficult
920,2025-08-14,ORD,LHR,0.006,0.568,0.117,0.069,0.31,Difficult
1761,2025-08-08,ORD,FAT,0.007,0.594,0.032,0.137,0.31,Difficult
2652,2025-08-13,ORD,RSW,0.010,0.483,0.074,0.177,0.31,Difficult
5624,2025-08-04,ORD,LEX,0.011,0.634,0.000,0.097,0.31,Difficult
1785,2025-08-15,ORD,EWR,0.008,0.610,0.053,0.077,0.31,Difficult
3402,2025-08-15,ORD,YOW,0.015,0.505,0.096,0.111,0.31,Difficult
2155,2025-08-10,ORD,LAX,0.006,0.629,0.021,0.111,0.31,Difficult
5474,2025-08-01,ORD,MBS,0.005,0.610,0.085,0.080,0.31,Difficult
1144,2025-08-07,ORD,ONT,0.010,0.630,0.043,0.057,0.31,Difficult
5392,2025-08-01,ORD,OKC,0.008,0.577,0.021,0.137,0.31,Difficult
4395,2025-08-07,ORD,TVC,0.007,0.599,0.053,0.046,0.31,Difficult
1708,2025-08-02,ORD,CLE,0.004,0.551,0.043,0.180,0.31,Difficult
2202,2025-08-06,ORD,IAH,0.012,0.555,0.138,0.043,0.31,Difficult
845,2025-08-02,ORD,GRU,0.004,0.584,0.394,0.603,0.31,Difficult
481,2025-08-01,ORD,RNO,0.008,0.586,0.032,0.143,0.31,Difficult
3402,2025-08-09,ORD,YOW,0.015,0.484,0.117,0.094,0.31,Difficult
4484,2025-08-05,ORD,AVL,0.007,0.621,0.043,0.106,0.31,Difficult
481,2025-08-10,ORD,RNO,0.012,0.538,0.064,0.120,0.31,Difficult
617,2025-08-09,ORD,CLT,0.007,0.443,0.128,0.229,0.31,Difficult
5225,2025-08-03,ORD,MKE,0.012,0.599,0.000,0.106,0.31,Difficult
5314,2025-08-06,ORD,LNK,0.007,0.403,0.309,0.031,0.31,Difficult
695,2025-08-06,ORD,SJU,0.013,0.570,0.053,0.100,0.31,Difficult
4519,2025-08-14,ORD,SCE,0.006,0.534,0.096,0.126,0.31,Difficult
1580,2025-08-10,ORD,YVR,0.017,0.564,0.053,0.114,0.31,Difficult
1776,2025-08-14,ORD,PHL,0.011,0.578,0.064,0.134,0.31,Difficult
5534,2025-08-13,ORD,OMA,0.008,0.634,0.000,0.154,0.31,Difficult
2148,2025-08-05,ORD,SAT,0.012,0.527,0.106,0.129,0.31,Difficult
5253,2025-08-02,ORD,FCA,0.007,0.627,0.043,0.091,0.31,Difficult
4546,2025-08-15,ORD,AVP,0.005,0.599,0.053,0.074,0.31,Difficult
1347,2025-08-11,ORD,FLL,0.009,0.619,0.053,0.083,0.31,Difficult
739,2025-08-14,ORD,BZN,0.012,0.490,0.128,0.146,0.31,Difficult
5847,2025-08-05,ORD,DSM,0.006,0.584,0.000,0.197,0.31,Difficult
1398,2025-08-07,ORD,ATL,0.011,0.532,0.096,0.143,0.31,Difficult
1905,2025-08-03,ORD,PIT,0.011,0.534,0.064,0.154,0.31,Difficult
2394,2025-08-14,ORD,DEN,0.012,0.547,0.096,0.063,0.31,Difficult
739,2025-08-10,ORD,BZN,0.009,0.541,0.032,0.154,0.31,Difficult
1182,2025-08-10,ORD,SJC,0.004,0.527,0.043,0.231,0.31,Difficult
3628,2025-08-01,ORD,IND,0.009,0.570,0.053,0.103,0.31,Difficult
1710,2025-08-03,ORD,SMF,0.010,0.512,0.117,0.143,0.31,Difficult
3716,2025-08-10,ORD,CMH,0.012,0.534,0.128,0.094,0.31,Difficult
374,2025-08-09,ORD,MSP,0.004,0.538,0.085,0.157,0.31,Difficult
2202,2025-08-03,ORD,IAH,0.011,0.570,0.064,0.117,0.31,Difficult
5534,2025-08-12,ORD,OMA,0.008,0.541,0.106,0.143,0.31,Difficult
2481,2025-08-11,ORD,SYR,0.010,0.501,0.074,0.220,0.31,Difficult
1660,2025-08-06,ORD,SFO,0.009,0.589,0.053,0.134,0.31,Difficult
1156,2025-08-07,ORD,MSY,0.011,0.558,0.032,0.157,0.31,Difficult
2059,2025-08-01,ORD,PDX,0.013,0.552,0.021,0.177,0.31,Difficult
2202,2025-08-01,ORD,IAH,0.012,0.558,0.032,0.166,0.31,Difficult
4518,2025-08-11,ORD,STL,0.009,0.567,0.117,0.063,0.31,Difficult
881,2025-08-09,ORD,HND,0.007,0.519,0.223,1.000,0.31,Difficult
2207,2025-08-11,ORD,OMA,0.011,0.577,0.000,0.220,0.31,Difficult
5250,2025-08-02,ORD,BNA,0.004,0.577,0.032,0.203,0.31,Difficult
920,2025-08-09,ORD,LHR,0.007,0.584,0.096,0.074,0.31,Difficult
3433,2025-08-08,ORD,CVG,0.005,0.555,0.096,0.094,0.31,Difficult
909,2025-08-04,ORD,AMS,0.001,0.372,0.191,0.251,0.31,Difficult
1859,2025-08-01,ORD,SNA,0.011,0.625,0.021,0.069,0.31,Difficult
1967,2025-08-14,ORD,LAX,0.012,0.549,0.043,0.134,0.31,Difficult
695,2025-08-12,ORD,SJU,0.000,0.442,0.149,0.206,0.31,Difficult
1403,2025-08-15,ORD,SLC,0.004,0.560,0.053,0.197,0.31,Difficult
1129,2025-08-14,ORD,BOS,0.013,0.584,0.096,0.034,0.31,Difficult
2179,2025-08-02,ORD,SFO,0.014,0.570,0.053,0.117,0.31,Difficult
5352,2025-08-13,ORD,CAK,0.008,0.621,0.053,0.051,0.31,Difficult
2427,2025-08-03,ORD,CVG,0.009,0.551,0.032,0.203,0.31,Difficult
4636,2025-08-12,ORD,SBN,0.001,0.480,0.160,0.106,0.31,Difficult
1655,2025-08-08,ORD,DCA,0.013,0.563,0.032,0.134,0.31,Difficult
1403,2025-08-01,ORD,SLC,0.005,0.499,0.128,0.137,0.31,Difficult
3465,2025-08-04,ORD,GSP,0.008,0.548,0.117,0.057,0.31,Difficult
987,2025-08-12,ORD,CDG,0.002,0.478,0.149,0.160,0.31,Difficult
2039,2025-08-08,ORD,MCO,0.014,0.545,0.085,0.129,0.31,Difficult
1006,2025-08-15,ORD,LGA,0.011,0.604,0.032,0.097,0.31,Difficult
1708,2025-08-05,ORD,CLE,0.009,0.521,0.085,0.117,0.31,Difficult
4712,2025-08-06,ORD,ELP,0.010,0.528,0.085,0.177,0.31,Difficult
2147,2025-08-01,ORD,ALB,0.007,0.586,0.021,0.146,0.31,Difficult
5915,2025-08-06,ORD,LNK,0.010,0.556,0.064,0.100,0.31,Difficult
1403,2025-08-04,ORD,SLC,0.008,0.525,0.138,0.094,0.31,Difficult
1905,2025-08-12,ORD,PIT,0.001,0.505,0.138,0.151,0.31,Difficult
5833,2025-08-06,ORD,DTW,0.009,0.562,0.064,0.097,0.31,Difficult
2202,2025-08-14,ORD,IAH,0.012,0.518,0.128,0.097,0.31,Difficult
617,2025-08-10,ORD,CLT,0.010,0.532,0.021,0.203,0.31,Difficult
2202,2025-08-13,ORD,IAH,0.016,0.527,0.117,0.120,0.31,Difficult
1742,2025-08-08,ORD,JAX,0.010,0.491,0.085,0.166,0.31,Difficult
6002,2025-08-07,ORD,AVL,0.008,0.497,0.138,0.077,0.31,Difficult
2426,2025-08-13,ORD,IAH,0.013,0.409,0.181,0.186,0.31,Difficult
3542,2025-08-04,ORD,YUL,0.010,0.476,0.170,0.060,0.31,Difficult
2059,2025-08-03,ORD,PDX,0.012,0.518,0.064,0.163,0.31,Difficult
1580,2025-08-06,ORD,YVR,0.019,0.460,0.085,0.123,0.30,Difficult
2147,2025-08-09,ORD,ALB,0.010,0.469,0.064,0.194,0.30,Difficult
5847,2025-08-04,ORD,DSM,0.012,0.512,0.000,0.146,0.30,Difficult
929,2025-08-12,ORD,LHR,0.001,0.411,0.128,0.186,0.30,Difficult
2147,2025-08-06,ORD,ALB,0.007,0.395,0.128,0.163,0.30,Difficult
5695,2025-08-04,ORD,ABE,0.006,0.536,0.117,0.034,0.30,Difficult
2154,2025-08-08,ORD,ROC,0.010,0.467,0.000,0.223,0.30,Difficult
3716,2025-08-11,ORD,CMH,0.012,0.512,0.053,0.097,0.30,Difficult
1129,2025-08-01,ORD,BOS,0.013,0.598,0.021,0.029,0.30,Difficult
2424,2025-08-12,ORD,RDU,0.011,0.476,0.043,0.211,0.30,Difficult
1989,2025-08-07,ORD,BOS,0.013,0.506,0.000,0.149,0.30,Difficult
5108,2025-08-15,ORD,SLN,0.005,0.556,0.064,0.077,0.30,Difficult
291,2025-08-08,ORD,BDL,0.011,0.501,0.053,0.154,0.30,Difficult
3598,2025-08-04,ORD,SDF,0.011,0.548,0.000,0.091,0.30,Difficult
1030,2025-08-07,ORD,ABQ,0.012,0.517,0.000,0.163,0.30,Difficult
1859,2025-08-04,ORD,SNA,0.011,0.620,0.021,0.043,0.30,Difficult
3525,2025-08-07,ORD,YYZ,0.012,0.548,0.032,0.049,0.30,Difficult
265,2025-08-04,ORD,YYZ,0.012,0.512,0.074,0.023,0.30,Difficult
4491,2025-08-11,ORD,CAE,0.006,0.512,0.053,0.097,0.30,Difficult
3402,2025-08-04,ORD,YOW,0.015,0.498,0.074,0.091,0.30,Difficult
2147,2025-08-03,ORD,ALB,0.008,0.482,0.053,0.151,0.30,Difficult
1006,2025-08-01,ORD,LGA,0.013,0.568,0.011,0.051,0.30,Difficult
2677,2025-08-08,ORD,IAD,0.008,0.540,0.053,0.111,0.30,Difficult
4395,2025-08-09,ORD,TVC,0.005,0.512,0.074,0.111,0.30,Difficult
1785,2025-08-05,ORD,EWR,0.008,0.521,0.117,0.011,0.30,Difficult
5915,2025-08-09,ORD,LNK,0.010,0.556,0.000,0.100,0.30,Difficult
265,2025-08-13,ORD,YYZ,0.012,0.586,0.021,0.089,0.30,Difficult
534,2025-08-12,ORD,EWR,0.013,0.578,0.000,0.057,0.30,Difficult
5868,2025-08-03,ORD,YWG,0.011,0.484,0.106,0.063,0.30,Difficult
5131,2025-08-15,ORD,CMX,0.039,0.469,0.053,0.100,0.30,Difficult
374,2025-08-04,ORD,MSP,0.009,0.551,0.000,0.091,0.30,Difficult
1742,2025-08-05,ORD,JAX,0.013,0.427,0.043,0.231,0.30,Difficult
2394,2025-08-04,ORD,DEN,0.012,0.512,0.085,0.103,0.30,Difficult
5526,2025-08-10,ORD,ATW,0.008,0.589,0.000,0.114,0.30,Difficult
2172,2025-08-02,ORD,FAI,0.009,0.404,0.043,0.280,0.30,Difficult
3402,2025-08-02,ORD,YOW,0.018,0.512,0.021,0.131,0.30,Difficult
1655,2025-08-07,ORD,DCA,0.013,0.570,0.000,0.069,0.30,Difficult
5652,2025-08-09,ORD,GEG,0.008,0.541,0.096,0.051,0.30,Difficult
534,2025-08-04,ORD,EWR,0.013,0.545,0.032,0.074,0.30,Difficult
944,2025-08-09,ORD,FRA,0.013,0.631,0.234,0.680,0.30,Difficult
664,2025-08-09,ORD,LGA,0.010,0.591,0.000,0.031,0.30,Difficult
2005,2025-08-11,ORD,TYS,0.010,0.365,0.160,0.154,0.30,Difficult
5517,2025-08-15,ORD,PVD,0.006,0.505,0.064,0.100,0.30,Difficult
3663,2025-08-07,ORD,BGR,0.007,0.534,0.043,0.066,0.30,Difficult
5901,2025-08-07,ORD,FAR,0.012,0.512,0.032,0.151,0.30,Difficult
3402,2025-08-14,ORD,YOW,0.010,0.570,0.021,0.120,0.30,Difficult
1269,2025-08-07,ORD,CLE,0.002,0.491,0.085,0.114,0.30,Difficult
1859,2025-08-11,ORD,SNA,0.011,0.560,0.043,0.074,0.30,Difficult
5253,2025-08-13,ORD,FCA,0.003,0.347,0.213,0.114,0.30,Difficult
2075,2025-08-15,ORD,TPA,0.011,0.493,0.085,0.083,0.30,Difficult
2075,2025-08-14,ORD,TPA,0.011,0.525,0.064,0.074,0.30,Difficult
920,2025-08-15,ORD,LHR,0.006,0.548,0.074,0.091,0.30,Difficult
1144,2025-08-10,ORD,ONT,0.009,0.483,0.064,0.154,0.30,Difficult
1785,2025-08-03,ORD,EWR,0.008,0.579,0.021,0.060,0.30,Difficult
5314,2025-08-05,ORD,LNK,0.010,0.621,0.000,0.046,0.30,Difficult
5790,2025-08-05,ORD,CRW,0.006,0.567,0.000,0.143,0.30,Difficult
5253,2025-08-11,ORD,FCA,0.007,0.541,0.053,0.109,0.30,Difficult
1156,2025-08-05,ORD,MSY,0.012,0.387,0.138,0.206,0.30,Difficult
1269,2025-08-13,ORD,CLE,0.016,0.534,0.000,0.097,0.30,Difficult
2155,2025-08-08,ORD,LAX,0.014,0.498,0.021,0.171,0.30,Difficult
5251,2025-08-01,ORD,ASE,0.001,0.466,0.106,0.123,0.30,Difficult
2059,2025-08-04,ORD,PDX,0.009,0.525,0.000,0.129,0.30,Difficult
3716,2025-08-05,ORD,CMH,0.012,0.534,0.000,0.154,0.30,Difficult
291,2025-08-12,ORD,BDL,0.001,0.469,0.053,0.203,0.30,Difficult
793,2025-08-04,ORD,DFW,0.011,0.543,0.021,0.103,0.30,Difficult
5637,2025-08-02,ORD,GRB,0.004,0.545,0.064,0.071,0.30,Difficult
2278,2025-08-04,ORD,SEA,0.012,0.564,0.021,0.100,0.30,Difficult
1708,2025-08-03,ORD,CLE,0.009,0.512,0.043,0.137,0.30,Difficult
2039,2025-08-13,ORD,MCO,0.013,0.392,0.149,0.149,0.30,Difficult
4792,2025-08-03,ORD,ROA,0.013,0.598,0.011,0.080,0.30,Difficult
953,2025-08-12,ORD,MUC,0.002,0.344,0.128,0.240,0.30,Difficult
4599,2025-08-02,ORD,BHM,0.007,0.501,0.043,0.149,0.30,Difficult
5250,2025-08-09,ORD,BNA,0.014,0.512,0.021,0.097,0.30,Difficult
2427,2025-08-14,ORD,CVG,0.000,0.556,0.011,0.163,0.30,Difficult
1655,2025-08-01,ORD,DCA,0.013,0.578,0.000,0.129,0.30,Difficult
5915,2025-08-03,ORD,LNK,0.011,0.523,0.053,0.077,0.30,Difficult
481,2025-08-04,ORD,RNO,0.012,0.538,0.021,0.120,0.30,Difficult
845,2025-08-10,ORD,GRU,0.004,0.617,0.319,0.591,0.30,Difficult
5499,2025-08-05,ORD,SBN,0.002,0.610,0.021,0.057,0.30,Difficult
1785,2025-08-04,ORD,EWR,0.007,0.579,0.043,0.066,0.30,Difficult
5250,2025-08-10,ORD,BNA,0.002,0.562,0.021,0.071,0.30,Difficult
4636,2025-08-13,ORD,SBN,0.008,0.469,0.170,0.054,0.30,Difficult
5790,2025-08-02,ORD,CRW,0.005,0.480,0.085,0.094,0.30,Difficult
1398,2025-08-10,ORD,ATL,0.010,0.519,0.064,0.057,0.30,Difficult
1069,2025-08-14,ORD,DCA,0.011,0.534,0.000,0.137,0.30,Difficult
5392,2025-08-09,ORD,OKC,0.009,0.498,0.085,0.117,0.30,Difficult
3663,2025-08-01,ORD,BGR,0.006,0.551,0.074,0.077,0.30,Difficult
4766,2025-08-01,ORD,OKC,0.011,0.534,0.043,0.080,0.30,Difficult
4712,2025-08-07,ORD,ELP,0.009,0.536,0.021,0.103,0.30,Difficult
1347,2025-08-07,ORD,FLL,0.011,0.561,0.043,0.086,0.30,Difficult
1269,2025-08-10,ORD,CLE,0.011,0.594,0.000,0.049,0.30,Difficult
4792,2025-08-14,ORD,ROA,0.013,0.577,0.021,0.071,0.30,Difficult
4792,2025-08-13,ORD,ROA,0.004,0.534,0.043,0.091,0.30,Difficult
1974,2025-08-10,ORD,PWM,0.007,0.495,0.074,0.109,0.30,Difficult
4599,2025-08-07,ORD,BHM,0.009,0.512,0.064,0.054,0.30,Difficult
5314,2025-08-02,ORD,LNK,0.007,0.599,0.000,0.077,0.30,Difficult
1708,2025-08-04,ORD,CLE,0.012,0.375,0.149,0.126,0.30,Difficult
5225,2025-08-07,ORD,MKE,0.005,0.534,0.043,0.117,0.30,Difficult
5610,2025-08-13,ORD,CHO,0.006,0.610,0.043,0.034,0.30,Difficult
5131,2025-08-14,ORD,CMX,0.039,0.490,0.021,0.103,0.30,Difficult
3551,2025-08-06,ORD,SDF,0.012,0.512,0.053,0.060,0.30,Difficult
534,2025-08-03,ORD,EWR,0.013,0.545,0.043,0.029,0.30,Difficult
1403,2025-08-13,ORD,SLC,0.011,0.456,0.117,0.120,0.30,Difficult
5964,2025-08-15,ORD,CID,0.008,0.534,0.011,0.123,0.30,Difficult
5624,2025-08-09,ORD,LEX,0.013,0.491,0.053,0.103,0.30,Difficult
881,2025-08-15,ORD,HND,0.002,0.600,0.245,0.683,0.30,Difficult
1347,2025-08-14,ORD,FLL,0.009,0.527,0.043,0.066,0.30,Difficult
4712,2025-08-13,ORD,ELP,0.010,0.469,0.106,0.123,0.30,Difficult
3635,2025-08-01,ORD,MSN,0.004,0.497,0.085,0.126,0.30,Difficult
1387,2025-08-02,ORD,SFO,0.002,0.687,0.383,0.346,0.30,Difficult
3604,2025-08-15,ORD,CMH,0.013,0.519,0.043,0.066,0.30,Difficult
4638,2025-08-11,ORD,COS,0.011,0.541,0.043,0.069,0.30,Difficult
5499,2025-08-03,ORD,SBN,0.009,0.512,0.085,0.103,0.30,Difficult
953,2025-08-14,ORD,MUC,0.009,0.342,0.149,0.177,0.30,Difficult
3525,2025-08-14,ORD,YYZ,0.012,0.469,0.138,0.014,0.30,Difficult
5699,2025-08-03,ORD,SAV,0.006,0.562,0.053,0.069,0.30,Difficult
2865,2025-08-15,ORD,LGA,0.010,0.552,0.074,0.051,0.30,Difficult
5517,2025-08-11,ORD,PVD,0.006,0.498,0.043,0.117,0.30,Difficult
5610,2025-08-03,ORD,CHO,0.007,0.501,0.085,0.046,0.30,Difficult
5652,2025-08-01,ORD,GEG,0.013,0.541,0.074,0.069,0.30,Difficult
5699,2025-08-04,ORD,SAV,0.007,0.548,0.064,0.077,0.30,Difficult
5833,2025-08-04,ORD,DTW,0.006,0.562,0.021,0.083,0.30,Difficult
1398,2025-08-11,ORD,ATL,0.009,0.456,0.106,0.086,0.30,Difficult
5901,2025-08-10,ORD,FAR,0.012,0.541,0.021,0.077,0.30,Difficult
3604,2025-08-14,ORD,CMH,0.013,0.541,0.011,0.117,0.30,Difficult
5964,2025-08-01,ORD,CID,0.013,0.534,0.000,0.131,0.30,Difficult
2677,2025-08-14,ORD,IAD,0.008,0.537,0.085,0.077,0.30,Difficult
4519,2025-08-13,ORD,SCE,0.006,0.556,0.000,0.097,0.30,Difficult
3598,2025-08-08,ORD,SDF,0.011,0.584,0.021,0.057,0.30,Difficult
1129,2025-08-07,ORD,BOS,0.013,0.506,0.085,0.066,0.30,Difficult
374,2025-08-10,ORD,MSP,0.013,0.521,0.043,0.129,0.30,Difficult
714,2025-08-08,ORD,MDT,0.013,0.505,0.043,0.137,0.30,Difficult
219,2025-08-04,ORD,HNL,0.015,0.687,0.319,0.449,0.30,Difficult
5610,2025-08-02,ORD,CHO,0.008,0.523,0.074,0.097,0.30,Difficult
2635,2025-08-01,ORD,CLT,0.010,0.607,0.032,0.049,0.30,Difficult
1989,2025-08-14,ORD,BOS,0.012,0.564,0.011,0.114,0.30,Difficult
2184,2025-08-01,ORD,EGE,0.011,0.616,0.000,0.080,0.30,Difficult
1785,2025-08-12,ORD,EWR,0.008,0.564,0.000,0.111,0.30,Difficult
2497,2025-08-03,ORD,DTW,0.012,0.581,0.000,0.126,0.30,Difficult
3716,2025-08-09,ORD,CMH,0.008,0.498,0.064,0.146,0.30,Difficult
739,2025-08-03,ORD,BZN,0.004,0.509,0.032,0.180,0.30,Difficult
2394,2025-08-07,ORD,DEN,0.012,0.563,0.032,0.077,0.30,Difficult
1983,2025-08-04,ORD,LAX,0.013,0.534,0.043,0.043,0.30,Difficult
374,2025-08-03,ORD,MSP,0.009,0.564,0.053,0.077,0.30,Difficult
987,2025-08-04,ORD,CDG,0.002,0.384,0.213,0.117,0.30,Difficult
3465,2025-08-10,ORD,GSP,0.013,0.570,0.032,0.014,0.30,Difficult
291,2025-08-04,ORD,BDL,0.001,0.520,0.021,0.143,0.30,Difficult
5915,2025-08-13,ORD,LNK,0.010,0.556,0.000,0.100,0.30,Difficult
2075,2025-08-10,ORD,TPA,0.011,0.552,0.000,0.106,0.30,Difficult
5352,2025-08-07,ORD,CAK,0.008,0.556,0.043,0.031,0.30,Difficult
1776,2025-08-12,ORD,PHL,0.055,0.322,0.074,0.163,0.30,Difficult
5250,2025-08-08,ORD,BNA,0.009,0.598,0.032,0.029,0.30,Difficult
3707,2025-08-13,ORD,IND,0.007,0.491,0.085,0.111,0.30,Difficult
4590,2025-08-15,ORD,MDT,0.009,0.578,0.000,0.063,0.30,Difficult
4491,2025-08-02,ORD,CAE,0.005,0.556,0.032,0.094,0.30,Difficult
4188,2025-08-12,ORD,GSO,0.004,0.425,0.170,0.074,0.30,Difficult
3663,2025-08-15,ORD,BGR,0.007,0.528,0.043,0.100,0.30,Difficult
3707,2025-08-04,ORD,IND,0.011,0.519,0.043,0.080,0.30,Difficult
5901,2025-08-08,ORD,FAR,0.012,0.462,0.128,0.111,0.30,Difficult
5526,2025-08-04,ORD,ATW,0.008,0.556,0.021,0.051,0.30,Difficult
5624,2025-08-08,ORD,LEX,0.008,0.591,0.000,0.083,0.30,Difficult
291,2025-08-03,ORD,BDL,0.013,0.512,0.021,0.129,0.30,Difficult
5964,2025-08-11,ORD,CID,0.009,0.519,0.074,0.117,0.30,Difficult
481,2025-08-15,ORD,RNO,0.008,0.473,0.096,0.100,0.30,Difficult
1583,2025-08-04,ORD,BWI,0.010,0.512,0.000,0.229,0.30,Difficult
2494,2025-08-14,ORD,MCI,0.012,0.534,0.000,0.157,0.30,Difficult
534,2025-08-11,ORD,EWR,0.013,0.567,0.021,0.069,0.30,Difficult
5847,2025-08-03,ORD,DSM,0.012,0.505,0.000,0.154,0.30,Difficult
5790,2025-08-12,ORD,CRW,0.001,0.469,0.128,0.060,0.30,Difficult
5526,2025-08-08,ORD,ATW,0.008,0.621,0.000,0.066,0.30,Difficult
5631,2025-08-02,ORD,DAY,0.005,0.556,0.011,0.137,0.30,Difficult
4712,2025-08-08,ORD,ELP,0.007,0.584,0.000,0.091,0.30,Difficult
4636,2025-08-08,ORD,SBN,0.011,0.490,0.106,0.054,0.30,Difficult
1655,2025-08-05,ORD,DCA,0.013,0.545,0.000,0.083,0.30,Difficult
1989,2025-08-08,ORD,BOS,0.013,0.527,0.000,0.131,0.30,Difficult
1905,2025-08-10,ORD,PIT,0.000,0.527,0.000,0.191,0.30,Difficult
4395,2025-08-08,ORD,TVC,0.006,0.599,0.000,0.060,0.30,Difficult
265,2025-08-05,ORD,YYZ,0.005,0.577,0.021,0.046,0.30,Difficult
4518,2025-08-09,ORD,STL,0.009,0.512,0.000,0.154,0.30,Difficult
4712,2025-08-03,ORD,ELP,0.010,0.536,0.053,0.060,0.30,Difficult
5251,2025-08-15,ORD,ASE,0.012,0.575,0.011,0.043,0.30,Difficult
2154,2025-08-10,ORD,ROC,0.010,0.464,0.011,0.200,0.30,Difficult
5790,2025-08-07,ORD,CRW,0.000,0.556,0.021,0.103,0.30,Difficult
6002,2025-08-08,ORD,AVL,0.008,0.442,0.128,0.086,0.30,Difficult
5652,2025-08-15,ORD,GEG,0.007,0.548,0.074,0.060,0.30,Difficult
4519,2025-08-02,ORD,SCE,0.005,0.578,0.032,0.077,0.30,Difficult
5915,2025-08-05,ORD,LNK,0.010,0.534,0.043,0.080,0.30,Difficult
5901,2025-08-15,ORD,FAR,0.006,0.505,0.043,0.106,0.30,Difficult
3402,2025-08-10,ORD,YOW,0.008,0.519,0.064,0.091,0.30,Difficult
3542,2025-08-03,ORD,YUL,0.011,0.476,0.106,0.037,0.30,Difficult
2865,2025-08-03,ORD,LGA,0.010,0.558,0.043,0.011,0.30,Difficult
481,2025-08-14,ORD,RNO,0.012,0.508,0.096,0.066,0.30,Difficult
2394,2025-08-03,ORD,DEN,0.012,0.568,0.011,0.094,0.30,Difficult
4546,2025-08-13,ORD,AVP,0.005,0.512,0.043,0.109,0.30,Difficult
4546,2025-08-03,ORD,AVP,0.005,0.490,0.096,0.063,0.30,Difficult
2323,2025-08-09,ORD,MCO,0.010,1.000,0.234,0.086,0.30,Difficult
714,2025-08-13,ORD,MDT,0.012,0.482,0.074,0.149,0.30,Difficult
5565,2025-08-13,ORD,CHO,0.023,0.578,0.000,0.051,0.30,Difficult
5135,2025-08-04,ORD,MCW,0.011,0.501,0.096,0.063,0.30,Difficult
3551,2025-08-03,ORD,SDF,0.013,0.555,0.043,0.094,0.30,Difficult
2243,2025-08-14,ORD,RIC,0.010,0.483,0.096,0.131,0.30,Difficult
1030,2025-08-03,ORD,ABQ,0.013,0.421,0.096,0.143,0.30,Difficult
2865,2025-08-13,ORD,LGA,0.010,0.522,0.021,0.103,0.30,Difficult
5499,2025-08-02,ORD,SBN,0.008,0.523,0.064,0.054,0.30,Difficult
4463,2025-08-01,ORD,ABE,0.047,0.534,0.000,0.046,0.30,Difficult
5833,2025-08-03,ORD,DTW,0.009,0.498,0.053,0.134,0.30,Difficult
1974,2025-08-03,ORD,PWM,0.007,0.534,0.043,0.120,0.30,Difficult
3715,2025-08-02,ORD,ELP,0.003,0.551,0.011,0.120,0.30,Difficult
2179,2025-08-14,ORD,SFO,0.014,0.540,0.053,0.103,0.30,Difficult
4463,2025-08-02,ORD,ABE,0.002,0.480,0.106,0.083,0.30,Difficult
4599,2025-08-05,ORD,BHM,0.009,0.556,0.000,0.083,0.30,Difficult
4599,2025-08-04,ORD,BHM,0.007,0.610,0.021,0.063,0.30,Difficult
5699,2025-08-01,ORD,SAV,0.014,0.527,0.000,0.191,0.30,Difficult
265,2025-08-07,ORD,YYZ,0.017,0.551,0.021,0.046,0.30,Difficult
3433,2025-08-04,ORD,CVG,0.011,0.541,0.032,0.080,0.30,Difficult
793,2025-08-10,ORD,DFW,0.008,0.521,0.064,0.080,0.30,Difficult
3628,2025-08-06,ORD,IND,0.003,0.484,0.096,0.074,0.30,Difficult
5352,2025-08-12,ORD,CAK,0.008,0.545,0.053,0.066,0.30,Difficult
4590,2025-08-10,ORD,MDT,0.009,0.610,0.000,0.057,0.30,Difficult
777,2025-08-15,ORD,LAS,0.011,0.476,0.117,0.089,0.30,Difficult
4712,2025-08-11,ORD,ELP,0.003,0.559,0.021,0.080,0.30,Difficult
5352,2025-08-03,ORD,CAK,0.008,0.534,0.053,0.049,0.30,Difficult
3715,2025-08-09,ORD,ELP,0.010,0.555,0.000,0.089,0.30,Difficult
3716,2025-08-07,ORD,CMH,0.012,0.562,0.000,0.100,0.30,Difficult
881,2025-08-06,ORD,HND,0.004,0.571,0.309,0.626,0.30,Difficult
5699,2025-08-07,ORD,SAV,0.014,0.570,0.011,0.074,0.30,Difficult
3635,2025-08-15,ORD,MSN,0.012,0.491,0.043,0.129,0.30,Difficult
4590,2025-08-05,ORD,MDT,0.009,0.578,0.032,0.043,0.30,Difficult
5517,2025-08-05,ORD,PVD,0.003,0.541,0.043,0.106,0.30,Difficult
5526,2025-08-09,ORD,ATW,0.008,0.425,0.191,0.080,0.30,Difficult
664,2025-08-01,ORD,LGA,0.013,0.584,0.021,0.063,0.30,Difficult
1030,2025-08-08,ORD,ABQ,0.012,0.465,0.085,0.140,0.30,Difficult
1146,2025-08-09,ORD,MBJ,0.001,0.713,0.532,0.129,0.30,Difficult
4395,2025-08-13,ORD,TVC,0.007,0.534,0.043,0.074,0.30,Difficult
2211,2025-08-04,ORD,SEA,0.008,0.552,0.000,0.106,0.30,Difficult
1129,2025-08-04,ORD,BOS,0.010,0.522,0.064,0.031,0.30,Difficult
5637,2025-08-03,ORD,GRB,0.008,0.534,0.032,0.097,0.30,Difficult
2147,2025-08-08,ORD,ALB,0.009,0.508,0.021,0.163,0.30,Difficult
481,2025-08-11,ORD,RNO,0.012,0.530,0.043,0.091,0.30,Difficult
1983,2025-08-12,ORD,LAX,0.013,0.448,0.128,0.083,0.30,Difficult
5314,2025-08-07,ORD,LNK,0.007,0.545,0.074,0.043,0.30,Difficult
1403,2025-08-02,ORD,SLC,0.009,0.525,0.043,0.154,0.30,Difficult
5637,2025-08-11,ORD,GRB,0.008,0.556,0.064,0.057,0.30,Difficult
1776,2025-08-04,ORD,PHL,0.011,0.552,0.000,0.151,0.30,Difficult
534,2025-08-07,ORD,EWR,0.013,0.471,0.096,0.054,0.30,Difficult
881,2025-08-01,ORD,HND,0.002,0.643,0.213,0.749,0.30,Difficult
2147,2025-08-13,ORD,ALB,0.003,0.517,0.000,0.220,0.30,Difficult
5565,2025-08-13,ORD,CHO,0.011,0.578,0.000,0.051,0.30,Difficult
5610,2025-08-01,ORD,CHO,0.006,0.545,0.074,0.094,0.30,Difficult
4792,2025-08-04,ORD,ROA,0.013,0.433,0.149,0.057,0.30,Difficult
920,2025-08-03,ORD,LHR,0.010,0.525,0.064,0.106,0.30,Difficult
1776,2025-08-10,ORD,PHL,0.011,0.558,0.011,0.109,0.30,Difficult
1398,2025-08-05,ORD,ATL,0.011,0.414,0.106,0.146,0.30,Difficult
2006,2025-08-09,ORD,GUA,0.012,0.584,0.606,0.169,0.30,Difficult
4395,2025-08-14,ORD,TVC,0.004,0.523,0.085,0.089,0.30,Difficult
5517,2025-08-04,ORD,PVD,0.006,0.527,0.085,0.089,0.30,Difficult
5251,2025-08-03,ORD,ASE,0.008,0.536,0.053,0.043,0.30,Difficult
3542,2025-08-15,ORD,YUL,0.013,0.562,0.021,0.091,0.30,Difficult
3525,2025-08-13,ORD,YYZ,0.012,0.613,0.011,0.063,0.30,Difficult
4590,2025-08-01,ORD,MDT,0.011,0.567,0.021,0.054,0.30,Difficult
3716,2025-08-13,ORD,CMH,0.012,0.570,0.000,0.094,0.30,Difficult
1989,2025-08-12,ORD,BOS,0.013,0.491,0.000,0.166,0.30,Difficult
5915,2025-08-10,ORD,LNK,0.011,0.578,0.021,0.043,0.30,Difficult
5250,2025-08-15,ORD,BNA,0.008,0.498,0.064,0.077,0.30,Difficult
944,2025-08-08,ORD,FRA,0.013,0.622,0.362,0.511,0.30,Difficult
4491,2025-08-01,ORD,CAE,0.006,0.480,0.106,0.066,0.30,Difficult
5868,2025-08-06,ORD,YWG,0.010,0.476,0.064,0.109,0.30,Difficult
1859,2025-08-03,ORD,SNA,0.004,0.603,0.021,0.057,0.30,Difficult
4416,2025-08-14,ORD,STL,0.001,0.599,0.021,0.080,0.30,Difficult
2155,2025-08-03,ORD,LAX,0.001,0.559,0.032,0.077,0.30,Difficult
3551,2025-08-01,ORD,SDF,0.013,0.469,0.053,0.114,0.30,Difficult
944,2025-08-06,ORD,FRA,0.010,0.562,0.362,0.563,0.30,Difficult
1129,2025-08-02,ORD,BOS,0.015,0.562,0.000,0.063,0.30,Difficult
5517,2025-08-01,ORD,PVD,0.007,0.598,0.000,0.060,0.30,Difficult
5555,2025-08-02,ORD,MKE,0.007,0.545,0.074,0.091,0.30,Difficult
5131,2025-08-01,ORD,CMX,0.021,0.534,0.043,0.069,0.30,Difficult
1983,2025-08-03,ORD,LAX,0.007,0.573,0.032,0.063,0.30,Difficult
617,2025-08-12,ORD,CLT,0.010,0.433,0.138,0.137,0.30,Difficult
793,2025-08-06,ORD,DFW,0.008,0.495,0.053,0.117,0.30,Difficult
2005,2025-08-02,ORD,TYS,0.013,0.521,0.032,0.160,0.30,Difficult
2417,2025-08-11,ORD,SAN,0.012,0.552,0.021,0.123,0.30,Difficult
5868,2025-08-09,ORD,YWG,0.009,0.584,0.011,0.109,0.30,Difficult
1324,2025-08-14,ORD,SFO,0.012,0.499,0.043,0.149,0.30,Difficult
2148,2025-08-14,ORD,SAT,0.012,0.483,0.053,0.106,0.30,Difficult
4416,2025-08-02,ORD,STL,0.007,0.534,0.043,0.111,0.30,Difficult
265,2025-08-01,ORD,YYZ,0.012,0.504,0.074,0.066,0.30,Difficult
374,2025-08-11,ORD,MSP,0.009,0.508,0.043,0.137,0.30,Difficult
4636,2025-08-03,ORD,SBN,0.008,0.610,0.021,0.034,0.30,Difficult
4518,2025-08-03,ORD,STL,0.004,0.578,0.000,0.109,0.30,Difficult
2147,2025-08-11,ORD,ALB,0.009,0.403,0.117,0.234,0.30,Difficult
5108,2025-08-05,ORD,SLN,0.017,0.523,0.064,0.054,0.30,Difficult
4518,2025-08-04,ORD,STL,0.011,0.578,0.000,0.103,0.30,Difficult
1403,2025-08-10,ORD,SLC,0.011,0.505,0.032,0.100,0.30,Difficult
4416,2025-08-11,ORD,STL,0.008,0.512,0.021,0.137,0.30,Difficult
5526,2025-08-03,ORD,ATW,0.008,0.567,0.000,0.071,0.30,Difficult
1124,2025-08-14,ORD,IAH,0.012,0.527,0.000,0.163,0.30,Difficult
219,2025-08-05,ORD,HNL,0.007,0.687,0.330,0.414,0.30,Difficult
1580,2025-08-04,ORD,YVR,0.012,0.568,0.032,0.051,0.30,Difficult
1761,2025-08-10,ORD,FAT,0.004,0.534,0.032,0.094,0.30,Difficult
1129,2025-08-15,ORD,BOS,0.013,0.537,0.000,0.100,0.30,Difficult
4416,2025-08-08,ORD,STL,0.008,0.578,0.011,0.057,0.30,Difficult
534,2025-08-01,ORD,EWR,0.013,0.537,0.021,0.077,0.30,Difficult
5253,2025-08-01,ORD,FCA,0.010,0.591,0.043,0.051,0.30,Difficult
3433,2025-08-07,ORD,CVG,0.014,0.555,0.021,0.106,0.30,Difficult
4766,2025-08-09,ORD,OKC,0.011,0.501,0.000,0.160,0.30,Difficult
2211,2025-08-10,ORD,SEA,0.008,0.529,0.064,0.117,0.30,Difficult
4792,2025-08-06,ORD,ROA,0.008,0.519,0.064,0.097,0.30,Difficult
6002,2025-08-13,ORD,AVL,0.003,0.466,0.074,0.169,0.30,Difficult
2202,2025-08-15,ORD,IAH,0.012,0.461,0.096,0.086,0.30,Difficult
5868,2025-08-07,ORD,YWG,0.008,0.462,0.085,0.126,0.30,Difficult
2424,2025-08-06,ORD,RDU,0.011,0.464,0.064,0.140,0.30,Difficult
793,2025-08-14,ORD,DFW,0.011,0.534,0.043,0.103,0.30,Difficult
664,2025-08-10,ORD,LGA,0.013,0.539,0.074,0.031,0.30,Difficult
2039,2025-08-04,ORD,MCO,0.014,0.572,0.043,0.066,0.30,Difficult
3604,2025-08-10,ORD,CMH,0.009,0.598,0.043,0.049,0.30,Difficult
2652,2025-08-11,ORD,RSW,0.010,0.394,0.181,0.143,0.30,Difficult
1182,2025-08-13,ORD,SJC,0.012,0.461,0.053,0.146,0.30,Difficult
5624,2025-08-10,ORD,LEX,0.008,0.519,0.074,0.066,0.30,Difficult
1144,2025-08-04,ORD,ONT,0.018,0.532,0.043,0.089,0.30,Difficult
5833,2025-08-15,ORD,DTW,0.009,0.570,0.000,0.154,0.30,Difficult
3598,2025-08-02,ORD,SDF,0.008,0.505,0.043,0.151,0.30,Difficult
534,2025-08-10,ORD,EWR,0.003,0.471,0.160,0.089,0.30,Difficult
3604,2025-08-12,ORD,CMH,0.004,0.534,0.064,0.054,0.30,Difficult
1182,2025-08-03,ORD,SJC,0.012,0.512,0.064,0.051,0.30,Difficult
5790,2025-08-08,ORD,CRW,0.000,0.534,0.000,0.157,0.30,Difficult
2426,2025-08-15,ORD,IAH,0.013,0.445,0.096,0.143,0.30,Difficult
2497,2025-08-13,ORD,DTW,0.003,0.525,0.043,0.094,0.30,Difficult
219,2025-08-07,ORD,HNL,0.015,0.692,0.330,0.429,0.30,Difficult
3542,2025-08-01,ORD,YUL,0.013,0.577,0.021,0.074,0.30,Difficult
2075,2025-08-12,ORD,TPA,0.011,0.479,0.074,0.163,0.30,Difficult
4638,2025-08-04,ORD,COS,0.008,0.570,0.000,0.063,0.30,Difficult
1967,2025-08-13,ORD,LAX,0.014,0.452,0.074,0.174,0.30,Difficult
2424,2025-08-08,ORD,RDU,0.011,0.503,0.021,0.157,0.30,Difficult
5045,2025-08-09,ORD,RHI,0.011,0.512,0.053,0.111,0.30,Difficult
5290,2025-08-01,ORD,BOI,0.010,0.590,0.000,0.077,0.30,Difficult
920,2025-08-01,ORD,LHR,0.001,0.587,0.021,0.066,0.30,Difficult
1905,2025-08-15,ORD,PIT,0.011,0.465,0.064,0.123,0.30,Difficult
5290,2025-08-10,ORD,BOI,0.007,0.504,0.096,0.043,0.30,Difficult
5699,2025-08-11,ORD,SAV,0.006,0.534,0.085,0.089,0.30,Difficult
920,2025-08-07,ORD,LHR,0.007,0.522,0.064,0.069,0.30,Difficult
5637,2025-08-08,ORD,GRB,0.008,0.534,0.085,0.051,0.30,Difficult
1785,2025-08-10,ORD,EWR,0.008,0.579,0.053,0.031,0.30,Difficult
2155,2025-08-13,ORD,LAX,0.013,0.479,0.128,0.063,0.30,Difficult
1655,2025-08-13,ORD,DCA,0.013,0.589,0.000,0.069,0.30,Difficult
3402,2025-08-03,ORD,YOW,0.010,0.570,0.000,0.114,0.30,Difficult
312,2025-08-10,ORD,CHS,0.011,0.461,0.064,0.134,0.30,Difficult
6002,2025-08-01,ORD,AVL,0.008,0.543,0.011,0.097,0.30,Difficult
4590,2025-08-08,ORD,MDT,0.009,0.501,0.117,0.046,0.30,Difficult
5847,2025-08-14,ORD,DSM,0.012,0.505,0.064,0.089,0.30,Difficult
2394,2025-08-05,ORD,DEN,0.011,0.512,0.043,0.083,0.30,Difficult
4518,2025-08-10,ORD,STL,0.004,0.567,0.000,0.097,0.30,Difficult
5624,2025-08-02,ORD,LEX,0.008,0.519,0.053,0.097,0.30,Difficult
1124,2025-08-15,ORD,IAH,0.004,0.527,0.021,0.200,0.30,Difficult
2202,2025-08-07,ORD,IAH,0.012,0.552,0.032,0.080,0.30,Difficult
1030,2025-08-01,ORD,ABQ,0.014,0.483,0.064,0.154,0.30,Difficult
1655,2025-08-15,ORD,DCA,0.011,0.545,0.000,0.106,0.30,Difficult
5108,2025-08-14,ORD,SLN,0.005,0.480,0.053,0.043,0.29,Difficult
2677,2025-08-06,ORD,IAD,0.008,0.463,0.043,0.089,0.29,Difficult
2427,2025-08-05,ORD,CVG,0.008,0.430,0.074,0.123,0.29,Difficult
3628,2025-08-04,ORD,IND,0.009,0.512,0.000,0.063,0.29,Difficult
3433,2025-08-10,ORD,CVG,0.005,0.462,0.011,0.143,0.29,Difficult
3433,2025-08-06,ORD,CVG,0.002,0.528,0.000,0.109,0.29,Difficult
1905,2025-08-04,ORD,PIT,0.009,0.495,0.021,0.103,0.29,Difficult
5253,2025-08-15,ORD,FCA,0.012,0.548,0.000,0.069,0.29,Difficult
5555,2025-08-08,ORD,MKE,0.007,0.523,0.000,0.097,0.29,Difficult
1215,2025-08-09,ORD,ANC,0.008,0.516,0.447,0.423,0.29,Difficult
4766,2025-08-13,ORD,OKC,0.011,0.501,0.011,0.097,0.29,Difficult
2394,2025-08-15,ORD,DEN,0.011,0.503,0.000,0.120,0.29,Difficult
1655,2025-08-04,ORD,DCA,0.014,0.534,0.021,0.060,0.29,Difficult
1291,2025-08-07,ORD,IAH,0.059,0.635,0.319,0.271,0.29,Difficult
1742,2025-08-12,ORD,JAX,0.009,0.384,0.064,0.189,0.29,Difficult
5320,2025-08-04,ORD,MKE,0.009,0.523,0.000,0.049,0.29,Difficult
1006,2025-08-11,ORD,LGA,0.015,0.470,0.053,0.020,0.29,Difficult
1069,2025-08-03,ORD,DCA,0.011,0.556,0.000,0.049,0.29,Difficult
3433,2025-08-13,ORD,CVG,0.007,0.555,0.000,0.080,0.29,Difficult
5474,2025-08-07,ORD,MBS,0.004,0.447,0.117,0.086,0.29,Difficult
5538,2025-08-04,ORD,HSV,0.006,0.512,0.021,0.037,0.29,Difficult
2347,2025-08-12,ORD,CLE,0.206,0.529,0.074,0.131,0.29,Difficult
5538,2025-08-03,ORD,HSV,0.006,0.512,0.011,0.054,0.29,Difficult
617,2025-08-05,ORD,CLT,0.010,0.404,0.064,0.149,0.29,Difficult
1006,2025-08-03,ORD,LGA,0.013,0.539,0.000,0.037,0.29,Difficult
5352,2025-08-14,ORD,CAK,0.006,0.501,0.000,0.120,0.29,Difficult
5652,2025-08-14,ORD,GEG,0.009,0.498,0.043,0.077,0.29,Difficult
1655,2025-08-10,ORD,DCA,0.001,0.549,0.000,0.083,0.29,Difficult
1708,2025-08-07,ORD,CLE,0.009,0.499,0.000,0.091,0.29,Difficult
1006,2025-08-14,ORD,LGA,0.013,0.519,0.000,0.080,0.29,Difficult
2179,2025-08-06,ORD,SFO,0.014,0.512,0.000,0.123,0.29,Difficult
4491,2025-08-10,ORD,CAE,0.006,0.556,0.000,0.046,0.29,Difficult
5251,2025-08-07,ORD,ASE,0.008,0.567,0.000,0.046,0.29,Difficult
1006,2025-08-06,ORD,LGA,0.011,0.456,0.074,0.037,0.29,Difficult
1655,2025-08-06,ORD,DCA,0.013,0.443,0.053,0.083,0.29,Difficult
5250,2025-08-05,ORD,BNA,0.009,0.548,0.000,0.083,0.29,Difficult
3402,2025-08-07,ORD,YOW,0.010,0.519,0.000,0.114,0.29,Difficult
4712,2025-08-10,ORD,ELP,0.010,0.489,0.053,0.074,0.29,Difficult
5868,2025-08-14,ORD,YWG,0.011,0.469,0.021,0.149,0.29,Difficult
2497,2025-08-04,ORD,DTW,0.012,0.465,0.053,0.097,0.29,Difficult
2147,2025-08-04,ORD,ALB,0.004,0.434,0.053,0.163,0.29,Difficult
4599,2025-08-08,ORD,BHM,0.009,0.501,0.011,0.066,0.29,Difficult
5225,2025-08-05,ORD,MKE,0.005,0.480,0.085,0.077,0.29,Difficult
1495,2025-08-14,ORD,TVC,0.013,0.494,0.053,0.074,0.29,Difficult
1811,2025-08-02,ORD,MSP,0.012,0.653,0.340,0.400,0.29,Difficult
5474,2025-08-09,ORD,MBS,0.005,0.490,0.011,0.097,0.29,Difficult
5901,2025-08-04,ORD,FAR,0.003,0.433,0.106,0.074,0.29,Difficult
534,2025-08-14,ORD,EWR,0.013,0.523,0.043,0.046,0.29,Difficult
1655,2025-08-03,ORD,DCA,0.001,0.534,0.043,0.023,0.29,Difficult
5610,2025-08-07,ORD,CHO,0.006,0.501,0.032,0.089,0.29,Difficult
1708,2025-08-08,ORD,CLE,0.012,0.397,0.106,0.083,0.29,Difficult
3663,2025-08-11,ORD,BGR,0.007,0.441,0.085,0.091,0.29,Difficult
1069,2025-08-11,ORD,DCA,0.011,0.512,0.011,0.046,0.29,Difficult
1708,2025-08-01,ORD,CLE,0.009,0.478,0.021,0.083,0.29,Difficult
664,2025-08-03,ORD,LGA,0.013,0.545,0.000,0.023,0.29,Difficult
2155,2025-08-14,ORD,LAX,0.014,0.480,0.011,0.140,0.29,Difficult
5915,2025-08-08,ORD,LNK,0.010,0.490,0.043,0.057,0.29,Difficult
5915,2025-08-04,ORD,LNK,0.010,0.523,0.000,0.103,0.29,Difficult
5555,2025-08-01,ORD,MKE,0.004,0.458,0.096,0.083,0.29,Difficult
5526,2025-08-01,ORD,ATW,0.007,0.545,0.000,0.066,0.29,Difficult
3542,2025-08-10,ORD,YUL,0.014,0.512,0.011,0.057,0.29,Difficult
664,2025-08-04,ORD,LGA,0.010,0.539,0.011,0.023,0.29,Difficult
534,2025-08-13,ORD,EWR,0.013,0.499,0.021,0.029,0.29,Difficult
2075,2025-08-06,ORD,TPA,0.011,0.473,0.032,0.071,0.29,Difficult
1495,2025-08-07,ORD,TVC,0.013,0.432,0.074,0.111,0.29,Difficult
3402,2025-08-08,ORD,YOW,0.010,0.519,0.000,0.109,0.29,Difficult
5045,2025-08-14,ORD,RHI,0.011,0.534,0.000,0.080,0.29,Difficult
5847,2025-08-08,ORD,DSM,0.012,0.491,0.043,0.089,0.29,Difficult
4638,2025-08-14,ORD,COS,0.008,0.484,0.021,0.089,0.29,Difficult
2865,2025-08-10,ORD,LGA,0.010,0.545,0.000,0.020,0.29,Difficult
4766,2025-08-14,ORD,OKC,0.011,0.469,0.032,0.091,0.29,Difficult
4519,2025-08-04,ORD,SCE,0.006,0.403,0.138,0.057,0.29,Difficult
5652,2025-08-11,ORD,GEG,0.011,0.534,0.000,0.091,0.29,Difficult
5320,2025-08-03,ORD,MKE,0.009,0.512,0.000,0.049,0.29,Difficult
2323,2025-08-15,ORD,MCO,0.012,0.629,0.298,0.494,0.29,Difficult
5833,2025-08-05,ORD,DTW,0.006,0.512,0.000,0.091,0.29,Difficult
1398,2025-08-09,ORD,ATL,0.055,0.197,0.138,0.183,0.29,Difficult
4491,2025-08-03,ORD,CAE,0.005,0.599,0.000,0.017,0.29,Difficult
5352,2025-08-04,ORD,CAK,0.008,0.534,0.000,0.031,0.29,Difficult
4518,2025-08-13,ORD,STL,0.002,0.512,0.021,0.094,0.29,Difficult
5474,2025-08-14,ORD,MBS,0.004,0.490,0.064,0.080,0.29,Difficult
4395,2025-08-05,ORD,TVC,0.006,0.556,0.011,0.074,0.29,Difficult
1708,2025-08-11,ORD,CLE,0.002,0.473,0.032,0.137,0.29,Difficult
845,2025-08-03,ORD,GRU,0.012,0.601,0.202,0.649,0.29,Difficult
1398,2025-08-04,ORD,ATL,0.010,0.496,0.021,0.094,0.29,Difficult
5526,2025-08-06,ORD,ATW,0.008,0.501,0.043,0.049,0.29,Difficult
1983,2025-08-15,ORD,LAX,0.008,0.394,0.096,0.100,0.29,Difficult
3598,2025-08-01,ORD,SDF,0.009,0.462,0.000,0.123,0.29,Difficult
2497,2025-08-14,ORD,DTW,0.009,0.483,0.064,0.086,0.29,Difficult
4792,2025-08-11,ORD,ROA,0.013,0.519,0.000,0.111,0.29,Difficult
1974,2025-08-15,ORD,PWM,0.007,0.504,0.000,0.146,0.29,Difficult
714,2025-08-09,ORD,MDT,0.012,0.342,0.106,0.180,0.29,Difficult
5610,2025-08-14,ORD,CHO,0.006,0.490,0.000,0.100,0.29,Difficult
5290,2025-08-07,ORD,BOI,0.011,0.512,0.053,0.057,0.29,Difficult
219,2025-08-08,ORD,HNL,0.007,0.644,0.277,0.520,0.29,Difficult
592,2025-08-12,ORD,JAC,0.012,0.439,0.064,0.143,0.29,Difficult
1347,2025-08-12,ORD,FLL,0.009,0.497,0.043,0.089,0.29,Difficult
4188,2025-08-04,ORD,GSO,0.007,0.490,0.043,0.040,0.29,Difficult
1398,2025-08-08,ORD,ATL,0.012,0.371,0.106,0.129,0.29,Difficult
1989,2025-08-10,ORD,BOS,0.013,0.500,0.021,0.089,0.29,Difficult
3604,2025-08-03,ORD,CMH,0.012,0.519,0.021,0.063,0.29,Difficult
1006,2025-08-08,ORD,LGA,0.010,0.529,0.011,0.026,0.29,Difficult
4395,2025-08-01,ORD,TVC,0.007,0.556,0.000,0.071,0.29,Difficult
219,2025-08-13,ORD,HNL,0.007,0.579,0.351,0.434,0.29,Difficult
5699,2025-08-15,ORD,SAV,0.009,0.491,0.000,0.131,0.29,Difficult
2243,2025-08-04,ORD,RIC,0.001,0.512,0.011,0.069,0.29,Difficult
534,2025-08-05,ORD,EWR,0.013,0.499,0.064,0.017,0.29,Difficult
3525,2025-08-01,ORD,YYZ,0.013,0.527,0.043,0.040,0.29,Difficult
5131,2025-08-08,ORD,CMX,0.008,0.512,0.043,0.080,0.29,Difficult
3707,2025-08-11,ORD,IND,0.012,0.484,0.000,0.117,0.29,Difficult
739,2025-08-13,ORD,BZN,0.012,0.421,0.043,0.154,0.29,Difficult
5526,2025-08-05,ORD,ATW,0.008,0.545,0.000,0.077,0.29,Difficult
5868,2025-08-10,ORD,YWG,0.010,0.469,0.043,0.077,0.29,Difficult
929,2025-08-04,ORD,LHR,0.012,0.519,0.000,0.051,0.29,Difficult
1967,2025-08-04,ORD,LAX,0.014,0.546,0.000,0.054,0.29,Difficult
5517,2025-08-02,ORD,PVD,0.006,0.498,0.000,0.126,0.29,Difficult
1742,2025-08-14,ORD,JAX,0.009,0.433,0.043,0.163,0.29,Difficult
5045,2025-08-07,ORD,RHI,0.011,0.512,0.021,0.103,0.29,Difficult
2202,2025-08-11,ORD,IAH,0.012,0.527,0.000,0.086,0.29,Difficult
5251,2025-08-04,ORD,ASE,0.008,0.481,0.053,0.043,0.29,Difficult
1905,2025-08-07,ORD,PIT,0.010,0.527,0.000,0.117,0.29,Difficult
4599,2025-08-13,ORD,BHM,0.009,0.501,0.021,0.054,0.29,Difficult
1967,2025-08-15,ORD,LAX,0.014,0.387,0.106,0.123,0.29,Difficult
4766,2025-08-11,ORD,OKC,0.004,0.501,0.043,0.111,0.29,Difficult
2006,2025-08-02,ORD,GUA,0.012,0.660,0.383,0.260,0.29,Difficult
4638,2025-08-10,ORD,COS,0.008,0.512,0.000,0.077,0.29,Difficult
4546,2025-08-11,ORD,AVP,0.005,0.523,0.021,0.097,0.29,Difficult
3465,2025-08-13,ORD,GSP,0.009,0.498,0.011,0.077,0.29,Difficult
1403,2025-08-03,ORD,SLC,0.004,0.482,0.064,0.034,0.29,Difficult
6002,2025-08-03,ORD,AVL,0.007,0.491,0.053,0.057,0.29,Difficult
374,2025-08-14,ORD,MSP,0.000,0.527,0.011,0.123,0.29,Difficult
4712,2025-08-15,ORD,ELP,0.009,0.395,0.128,0.069,0.29,Difficult
291,2025-08-06,ORD,BDL,0.001,0.527,0.000,0.134,0.29,Difficult
5499,2025-08-15,ORD,SBN,0.007,0.534,0.000,0.029,0.29,Difficult
1156,2025-08-11,ORD,MSY,0.014,0.440,0.043,0.106,0.29,Difficult
695,2025-08-14,ORD,SJU,0.017,0.451,0.000,0.106,0.29,Difficult
2652,2025-08-12,ORD,RSW,0.010,0.394,0.106,0.114,0.29,Difficult
4546,2025-08-14,ORD,AVP,0.005,0.501,0.043,0.106,0.29,Difficult
534,2025-08-09,ORD,EWR,0.013,0.447,0.085,0.066,0.29,Difficult
1403,2025-08-07,ORD,SLC,0.005,0.458,0.074,0.089,0.29,Difficult
1495,2025-08-12,ORD,TVC,0.010,0.243,0.202,0.183,0.29,Difficult
5517,2025-08-09,ORD,PVD,0.007,0.426,0.074,0.080,0.29,Difficult
1069,2025-08-02,ORD,DCA,0.008,0.491,0.011,0.137,0.29,Difficult
5392,2025-08-13,ORD,OKC,0.013,0.412,0.117,0.063,0.29,Difficult
4546,2025-08-01,ORD,AVP,0.005,0.523,0.021,0.063,0.29,Difficult
845,2025-08-15,ORD,GRU,0.006,0.505,0.330,0.574,0.29,Difficult
2148,2025-08-07,ORD,SAT,0.012,0.403,0.064,0.169,0.29,Difficult
4188,2025-08-05,ORD,GSO,0.004,0.545,0.000,0.031,0.29,Difficult
5392,2025-08-04,ORD,OKC,0.013,0.484,0.021,0.094,0.29,Difficult
5320,2025-08-08,ORD,MKE,0.009,0.490,0.021,0.057,0.29,Difficult
4766,2025-08-10,ORD,OKC,0.011,0.490,0.000,0.071,0.29,Difficult
3551,2025-08-04,ORD,SDF,0.011,0.505,0.021,0.094,0.29,Difficult
6002,2025-08-14,ORD,AVL,0.008,0.489,0.021,0.091,0.29,Difficult
4636,2025-08-06,ORD,SBN,0.001,0.490,0.085,0.043,0.29,Difficult
4491,2025-08-13,ORD,CAE,0.005,0.469,0.074,0.080,0.29,Difficult
2426,2025-08-14,ORD,IAH,0.013,0.497,0.011,0.083,0.29,Difficult
1006,2025-08-04,ORD,LGA,0.013,0.535,0.021,0.020,0.29,Difficult
4416,2025-08-01,ORD,STL,0.007,0.436,0.106,0.046,0.29,Difficult
3433,2025-08-15,ORD,CVG,0.005,0.433,0.043,0.126,0.29,Difficult
5225,2025-08-01,ORD,MKE,0.012,0.490,0.000,0.097,0.29,Difficult
4395,2025-08-06,ORD,TVC,0.007,0.512,0.021,0.074,0.29,Difficult
5131,2025-08-10,ORD,CMX,0.012,0.523,0.021,0.049,0.29,Difficult
5964,2025-08-05,ORD,CID,0.009,0.498,0.000,0.109,0.29,Difficult
2865,2025-08-11,ORD,LGA,0.009,0.456,0.064,0.057,0.29,Difficult
5108,2025-08-13,ORD,SLN,0.005,0.425,0.096,0.054,0.29,Difficult
5624,2025-08-14,ORD,LEX,0.011,0.548,0.000,0.057,0.29,Difficult
5499,2025-08-12,ORD,SBN,0.003,0.469,0.074,0.046,0.29,Difficult
4638,2025-08-08,ORD,COS,0.008,0.505,0.021,0.060,0.29,Difficult
987,2025-08-07,ORD,CDG,0.016,0.432,0.043,0.106,0.29,Difficult
3707,2025-08-07,ORD,IND,0.010,0.555,0.000,0.060,0.29,Difficult
3663,2025-08-13,ORD,BGR,0.002,0.489,0.021,0.123,0.29,Difficult
5901,2025-08-11,ORD,FAR,0.012,0.484,0.000,0.126,0.29,Difficult
4416,2025-08-13,ORD,STL,0.007,0.534,0.021,0.060,0.29,Difficult
5517,2025-08-13,ORD,PVD,0.008,0.548,0.000,0.057,0.29,Difficult
2424,2025-08-10,ORD,RDU,0.011,0.524,0.011,0.100,0.29,Difficult
5790,2025-08-15,ORD,CRW,0.005,0.469,0.032,0.117,0.29,Difficult
944,2025-08-10,ORD,FRA,0.001,0.516,0.372,0.534,0.29,Difficult
1006,2025-08-12,ORD,LGA,0.013,0.479,0.000,0.080,0.29,Difficult
265,2025-08-06,ORD,YYZ,0.013,0.465,0.043,0.046,0.29,Difficult
5631,2025-08-12,ORD,DAY,0.006,0.545,0.000,0.077,0.29,Difficult
4599,2025-08-11,ORD,BHM,0.007,0.512,0.064,0.043,0.29,Difficult
3635,2025-08-08,ORD,MSN,0.009,0.497,0.000,0.071,0.29,Difficult
374,2025-08-12,ORD,MSP,0.009,0.499,0.053,0.080,0.29,Difficult
1583,2025-08-03,ORD,BWI,0.008,0.512,0.011,0.106,0.29,Difficult
5652,2025-08-03,ORD,GEG,0.007,0.504,0.064,0.057,0.29,Difficult
3525,2025-08-11,ORD,YYZ,0.012,0.505,0.043,0.049,0.29,Difficult
5699,2025-08-14,ORD,SAV,0.007,0.519,0.021,0.069,0.29,Difficult
2426,2025-08-07,ORD,IAH,0.011,0.482,0.043,0.069,0.29,Difficult
2497,2025-08-06,ORD,DTW,0.012,0.400,0.117,0.069,0.29,Difficult
291,2025-08-10,ORD,BDL,0.002,0.512,0.021,0.091,0.29,Difficult
4491,2025-08-15,ORD,CAE,0.005,0.469,0.074,0.066,0.29,Difficult
3628,2025-08-07,ORD,IND,0.009,0.462,0.043,0.134,0.29,Difficult
5631,2025-08-06,ORD,DAY,0.005,0.469,0.074,0.077,0.29,Difficult
4590,2025-08-12,ORD,MDT,0.004,0.545,0.000,0.046,0.29,Difficult
5699,2025-08-13,ORD,SAV,0.006,0.491,0.043,0.083,0.29,Difficult
4766,2025-08-02,ORD,OKC,0.011,0.512,0.000,0.134,0.29,Difficult
5253,2025-08-09,ORD,FCA,0.007,0.505,0.000,0.089,0.29,Difficult
4638,2025-08-15,ORD,COS,0.007,0.484,0.000,0.106,0.29,Difficult
617,2025-08-14,ORD,CLT,0.010,0.525,0.000,0.123,0.29,Difficult
5392,2025-08-03,ORD,OKC,0.013,0.541,0.000,0.060,0.29,Difficult
1069,2025-08-01,ORD,DCA,0.011,0.495,0.000,0.097,0.29,Difficult
5138,2025-08-02,ORD,MGW,0.011,0.458,0.043,0.089,0.29,Difficult
622,2025-08-09,ORD,DEN,0.001,0.741,0.319,0.263,0.29,Difficult
5631,2025-08-09,ORD,DAY,0.005,0.501,0.021,0.103,0.29,Difficult
4638,2025-08-09,ORD,COS,0.011,0.455,0.043,0.123,0.29,Difficult
1178,2025-08-04,ORD,ORF,0.009,0.499,0.000,0.134,0.29,Difficult
3598,2025-08-12,ORD,SDF,0.002,0.412,0.096,0.111,0.29,Difficult
5250,2025-08-13,ORD,BNA,0.008,0.534,0.000,0.063,0.29,Difficult
2494,2025-08-10,ORD,MCI,0.013,0.415,0.032,0.214,0.29,Difficult
5474,2025-08-05,ORD,MBS,0.004,0.458,0.043,0.094,0.29,Difficult
4599,2025-08-09,ORD,BHM,0.007,0.469,0.000,0.151,0.29,Difficult
5253,2025-08-03,ORD,FCA,0.010,0.548,0.000,0.080,0.29,Difficult
1069,2025-08-10,ORD,DCA,0.004,0.530,0.021,0.071,0.29,Difficult
5253,2025-08-08,ORD,FCA,0.012,0.527,0.000,0.057,0.29,Difficult
4188,2025-08-10,ORD,GSO,0.001,0.490,0.043,0.080,0.29,Difficult
617,2025-08-01,ORD,CLT,0.009,0.433,0.032,0.177,0.29,Difficult
5652,2025-08-08,ORD,GEG,0.013,0.505,0.011,0.029,0.29,Difficult
4590,2025-08-04,ORD,MDT,0.009,0.469,0.085,0.049,0.29,Difficult
4636,2025-08-01,ORD,SBN,0.009,0.501,0.064,0.060,0.29,Difficult
1030,2025-08-11,ORD,ABQ,0.009,0.486,0.053,0.086,0.29,Difficult
5314,2025-08-10,ORD,LNK,0.010,0.490,0.064,0.051,0.29,Difficult
265,2025-08-10,ORD,YYZ,0.012,0.508,0.043,0.043,0.29,Difficult
2243,2025-08-10,ORD,RIC,0.010,0.498,0.000,0.120,0.29,Difficult
4188,2025-08-11,ORD,GSO,0.006,0.490,0.043,0.046,0.29,Difficult
5526,2025-08-15,ORD,ATW,0.004,0.469,0.021,0.100,0.29,Difficult
5538,2025-08-06,ORD,HSV,0.006,0.501,0.064,0.057,0.29,Difficult
4188,2025-08-01,ORD,GSO,0.006,0.425,0.138,0.046,0.29,Difficult
1398,2025-08-13,ORD,ATL,0.010,0.506,0.011,0.100,0.29,Difficult
953,2025-08-03,ORD,MUC,0.009,0.384,0.074,0.166,0.29,Difficult
5790,2025-08-04,ORD,CRW,0.005,0.545,0.000,0.069,0.29,Difficult
4546,2025-08-09,ORD,AVP,0.004,0.425,0.117,0.106,0.29,Difficult
5517,2025-08-10,ORD,PVD,0.008,0.484,0.000,0.100,0.29,Difficult
1989,2025-08-09,ORD,BOS,0.010,0.433,0.053,0.109,0.29,Difficult
5045,2025-08-04,ORD,RHI,0.011,0.501,0.032,0.097,0.29,Difficult
5637,2025-08-15,ORD,GRB,0.008,0.512,0.053,0.060,0.29,Difficult
664,2025-08-05,ORD,LGA,0.010,0.463,0.053,0.037,0.29,Difficult
777,2025-08-08,ORD,LAS,0.013,0.436,0.021,0.149,0.29,Difficult
5290,2025-08-14,ORD,BOI,0.010,0.512,0.011,0.071,0.29,Difficult
3635,2025-08-03,ORD,MSN,0.008,0.476,0.000,0.117,0.29,Difficult
4599,2025-08-10,ORD,BHM,0.007,0.512,0.000,0.060,0.29,Difficult
1144,2025-08-06,ORD,ONT,0.011,0.450,0.106,0.063,0.29,Difficult
5868,2025-08-11,ORD,YWG,0.008,0.433,0.053,0.126,0.29,Difficult
5251,2025-08-05,ORD,ASE,0.008,0.575,0.000,0.043,0.29,Difficult
1144,2025-08-12,ORD,ONT,0.011,0.365,0.149,0.126,0.29,Difficult
5225,2025-08-13,ORD,MKE,0.002,0.480,0.043,0.080,0.29,Difficult
4590,2025-08-03,ORD,MDT,0.009,0.578,0.000,0.011,0.29,Difficult
5555,2025-08-04,ORD,MKE,0.007,0.490,0.000,0.114,0.29,Difficult
4395,2025-08-03,ORD,TVC,0.006,0.534,0.000,0.077,0.29,Difficult
4792,2025-08-07,ORD,ROA,0.009,0.412,0.106,0.046,0.29,Difficult
219,2025-08-15,ORD,HNL,0.007,0.569,0.287,0.566,0.29,Difficult
4188,2025-08-08,ORD,GSO,0.008,0.523,0.032,0.051,0.29,Difficult
5637,2025-08-14,ORD,GRB,0.001,0.436,0.117,0.066,0.29,Difficult
4638,2025-08-03,ORD,COS,0.003,0.567,0.000,0.051,0.29,Difficult
3433,2025-08-03,ORD,CVG,0.005,0.536,0.000,0.117,0.29,Difficult
5538,2025-08-07,ORD,HSV,0.006,0.490,0.043,0.071,0.29,Difficult
5225,2025-08-02,ORD,MKE,0.012,0.480,0.000,0.123,0.29,Difficult
5652,2025-08-04,ORD,GEG,0.011,0.491,0.011,0.071,0.29,Difficult
3402,2025-08-06,ORD,YOW,0.010,0.491,0.021,0.089,0.29,Difficult
2677,2025-08-01,ORD,IAD,0.008,0.549,0.000,0.083,0.29,Difficult
695,2025-08-15,ORD,SJU,0.015,0.491,0.011,0.114,0.29,Difficult
3598,2025-08-06,ORD,SDF,0.008,0.469,0.053,0.063,0.29,Difficult
5538,2025-08-02,ORD,HSV,0.005,0.458,0.043,0.100,0.29,Difficult
3525,2025-08-15,ORD,YYZ,0.013,0.512,0.021,0.043,0.29,Difficult
1967,2025-08-03,ORD,LAX,0.014,0.545,0.000,0.069,0.29,Difficult
1761,2025-08-12,ORD,FAT,0.007,0.300,0.181,0.146,0.29,Difficult
3707,2025-08-03,ORD,IND,0.011,0.512,0.011,0.083,0.29,Difficult
5045,2025-08-08,ORD,RHI,0.011,0.447,0.043,0.080,0.29,Difficult
5624,2025-08-03,ORD,LEX,0.008,0.512,0.000,0.060,0.29,Difficult
3598,2025-08-10,ORD,SDF,0.008,0.455,0.043,0.077,0.29,Difficult
5847,2025-08-10,ORD,DSM,0.001,0.462,0.064,0.063,0.29,Difficult
5320,2025-08-01,ORD,MKE,0.009,0.523,0.000,0.040,0.29,Difficult
2184,2025-08-08,ORD,EGE,0.011,0.465,0.032,0.071,0.29,Difficult
288,2025-08-04,ORD,SNN,0.008,0.326,0.181,0.151,0.29,Difficult
1403,2025-08-08,ORD,SLC,0.004,0.508,0.021,0.111,0.29,Difficult
4463,2025-08-14,ORD,ABE,0.004,0.523,0.000,0.083,0.29,Difficult
3542,2025-08-07,ORD,YUL,0.011,0.455,0.085,0.046,0.29,Difficult
5833,2025-08-10,ORD,DTW,0.007,0.455,0.064,0.060,0.29,Difficult
5901,2025-08-03,ORD,FAR,0.012,0.458,0.053,0.080,0.29,Difficult
312,2025-08-07,ORD,CHS,0.008,0.512,0.000,0.129,0.29,Difficult
1403,2025-08-14,ORD,SLC,0.012,0.530,0.000,0.109,0.29,Difficult
5250,2025-08-06,ORD,BNA,0.009,0.519,0.011,0.049,0.29,Difficult
5517,2025-08-08,ORD,PVD,0.006,0.476,0.064,0.077,0.29,Difficult
1269,2025-08-06,ORD,CLE,0.021,0.415,0.011,0.140,0.29,Difficult
5964,2025-08-14,ORD,CID,0.008,0.491,0.021,0.080,0.29,Difficult
5352,2025-08-11,ORD,CAK,0.007,0.501,0.043,0.069,0.29,Difficult
5631,2025-08-13,ORD,DAY,0.006,0.425,0.085,0.069,0.29,Difficult
4638,2025-08-13,ORD,COS,0.004,0.462,0.053,0.077,0.29,Difficult
4188,2025-08-13,ORD,GSO,0.003,0.490,0.021,0.103,0.29,Difficult
2481,2025-08-09,ORD,SYR,0.010,0.418,0.032,0.171,0.29,Difficult
5392,2025-08-08,ORD,OKC,0.012,0.441,0.043,0.083,0.29,Difficult
5474,2025-08-15,ORD,MBS,0.047,0.436,0.021,0.074,0.29,Difficult
763,2025-08-15,ORD,PWM,0.206,0.624,0.021,0.086,0.29,Difficult
5474,2025-08-02,ORD,MBS,0.004,0.490,0.043,0.111,0.29,Difficult
5108,2025-08-03,ORD,SLN,0.012,0.480,0.021,0.060,0.29,Difficult
3551,2025-08-11,ORD,SDF,0.012,0.462,0.043,0.131,0.29,Difficult
5352,2025-08-08,ORD,CAK,0.004,0.512,0.021,0.066,0.29,Difficult
5320,2025-08-02,ORD,MKE,0.006,0.534,0.000,0.100,0.29,Difficult
3604,2025-08-11,ORD,CMH,0.012,0.541,0.000,0.051,0.29,Difficult
3465,2025-08-01,ORD,GSP,0.011,0.527,0.021,0.083,0.29,Difficult
2865,2025-08-07,ORD,LGA,0.009,0.525,0.000,0.043,0.29,Difficult
3465,2025-08-07,ORD,GSP,0.011,0.505,0.043,0.049,0.29,Difficult
5868,2025-08-04,ORD,YWG,0.010,0.519,0.000,0.097,0.29,Difficult
2417,2025-08-12,ORD,SAN,0.011,0.470,0.053,0.120,0.29,Difficult
3628,2025-08-05,ORD,IND,0.005,0.519,0.000,0.103,0.29,Difficult
5868,2025-08-01,ORD,YWG,0.011,0.448,0.032,0.117,0.29,Difficult
953,2025-08-06,ORD,MUC,0.001,0.438,0.032,0.186,0.29,Difficult
2211,2025-08-14,ORD,SEA,0.010,0.460,0.085,0.029,0.29,Difficult
5108,2025-08-04,ORD,SLN,0.005,0.501,0.043,0.060,0.29,Difficult
4599,2025-08-03,ORD,BHM,0.009,0.523,0.000,0.037,0.29,Difficult
1347,2025-08-10,ORD,FLL,0.009,0.397,0.160,0.049,0.29,Difficult
5538,2025-08-14,ORD,HSV,0.006,0.458,0.085,0.040,0.29,Difficult
4519,2025-08-15,ORD,SCE,0.006,0.490,0.021,0.129,0.29,Difficult
5555,2025-08-06,ORD,MKE,0.007,0.523,0.043,0.054,0.29,Difficult
5915,2025-08-11,ORD,LNK,0.010,0.447,0.043,0.097,0.29,Difficult
1776,2025-08-06,ORD,PHL,0.011,0.493,0.000,0.111,0.29,Difficult
4491,2025-08-08,ORD,CAE,0.006,0.480,0.000,0.120,0.29,Difficult
3465,2025-08-11,ORD,GSP,0.009,0.527,0.000,0.046,0.29,Difficult
1044,2025-08-02,ORD,LAX,0.006,0.708,0.319,0.297,0.29,Difficult
2497,2025-08-12,ORD,DTW,0.009,0.404,0.053,0.206,0.29,Difficult
3542,2025-08-05,ORD,YUL,0.002,0.577,0.000,0.071,0.29,Difficult
1989,2025-08-04,ORD,BOS,0.013,0.515,0.011,0.089,0.29,Difficult
4491,2025-08-07,ORD,CAE,0.006,0.501,0.043,0.040,0.29,Difficult
5538,2025-08-01,ORD,HSV,0.005,0.512,0.000,0.114,0.29,Difficult
5637,2025-08-04,ORD,GRB,0.008,0.414,0.085,0.086,0.29,Difficult
5320,2025-08-11,ORD,MKE,0.002,0.458,0.117,0.043,0.29,Difficult
1974,2025-08-07,ORD,PWM,0.007,0.491,0.000,0.097,0.29,Difficult
5555,2025-08-11,ORD,MKE,0.007,0.501,0.000,0.071,0.29,Difficult
5474,2025-08-03,ORD,MBS,0.004,0.480,0.021,0.106,0.29,Difficult
1583,2025-08-08,ORD,BWI,0.007,0.432,0.000,0.209,0.29,Difficult
3525,2025-08-03,ORD,YYZ,0.013,0.562,0.000,0.043,0.29,Difficult
1144,2025-08-14,ORD,ONT,0.011,0.430,0.106,0.086,0.29,Difficult
5131,2025-08-06,ORD,CMX,0.012,0.523,0.000,0.097,0.29,Difficult
617,2025-08-13,ORD,CLT,0.002,0.479,0.053,0.137,0.29,Difficult
1069,2025-08-04,ORD,DCA,0.029,0.512,0.000,0.009,0.29,Difficult
5624,2025-08-13,ORD,LEX,0.011,0.405,0.085,0.077,0.29,Difficult
5499,2025-08-07,ORD,SBN,0.008,0.523,0.021,0.066,0.29,Difficult
987,2025-08-11,ORD,CDG,0.016,0.394,0.085,0.109,0.29,Difficult
3465,2025-08-06,ORD,GSP,0.005,0.491,0.043,0.054,0.29,Difficult
5250,2025-08-14,ORD,BNA,0.008,0.527,0.000,0.029,0.29,Difficult
1599,2025-08-02,ORD,DEN,0.008,0.761,0.404,0.109,0.29,Difficult
4748,2025-08-01,ORD,ATW,0.156,0.534,0.191,0.140,0.29,Difficult
664,2025-08-11,ORD,LGA,0.014,0.491,0.043,0.029,0.29,Difficult
4484,2025-08-04,ORD,AVL,0.007,0.490,0.021,0.071,0.29,Difficult
4416,2025-08-04,ORD,STL,0.008,0.545,0.000,0.006,0.29,Difficult
1006,2025-08-05,ORD,LGA,0.011,0.447,0.085,0.014,0.29,Difficult
4546,2025-08-04,ORD,AVP,0.005,0.490,0.064,0.054,0.29,Difficult
3663,2025-08-14,ORD,BGR,0.008,0.497,0.000,0.109,0.29,Difficult
3628,2025-08-09,ORD,IND,0.008,0.433,0.074,0.114,0.29,Difficult
5652,2025-08-07,ORD,GEG,0.012,0.534,0.000,0.097,0.29,Difficult
3465,2025-08-15,ORD,GSP,0.009,0.462,0.085,0.086,0.29,Difficult
1495,2025-08-13,ORD,TVC,0.000,0.403,0.128,0.109,0.29,Difficult
5290,2025-08-03,ORD,BOI,0.010,0.484,0.032,0.091,0.29,Difficult
5225,2025-08-11,ORD,MKE,0.006,0.469,0.021,0.086,0.28,Difficult
219,2025-08-14,ORD,HNL,0.015,0.581,0.245,0.489,0.28,Difficult
5250,2025-08-12,ORD,BNA,0.008,0.383,0.096,0.054,0.28,Difficult
1599,2025-08-06,ORD,DEN,0.002,0.584,0.468,0.183,0.28,Difficult
4519,2025-08-11,ORD,SCE,0.006,0.490,0.011,0.071,0.28,Difficult
5290,2025-08-12,ORD,BOI,0.001,0.419,0.000,0.180,0.28,Difficult
5624,2025-08-12,ORD,LEX,0.003,0.390,0.043,0.111,0.28,Difficult
5262,2025-08-05,ORD,LNK,0.012,0.665,0.457,0.111,0.28,Difficult
5555,2025-08-05,ORD,MKE,0.007,0.469,0.000,0.106,0.28,Difficult
5320,2025-08-10,ORD,MKE,0.009,0.447,0.043,0.060,0.28,Difficult
2481,2025-08-06,ORD,SYR,0.011,0.378,0.021,0.160,0.28,Difficult
6004,2025-08-08,ORD,SUN,0.014,0.458,0.000,0.031,0.28,Difficult
1974,2025-08-12,ORD,PWM,0.004,0.378,0.032,0.140,0.28,Difficult
481,2025-08-06,ORD,RNO,0.007,0.473,0.000,0.091,0.28,Difficult
5100,2025-08-13,ORD,DEC,0.011,0.436,0.043,0.046,0.28,Difficult
5610,2025-08-08,ORD,CHO,0.007,0.480,0.021,0.060,0.28,Difficult
2427,2025-08-01,ORD,CVG,0.012,0.328,0.064,0.189,0.28,Difficult
411,2025-08-02,ORD,DTW,0.015,0.531,0.479,0.200,0.28,Difficult
3551,2025-08-10,ORD,SDF,0.013,0.390,0.043,0.080,0.28,Difficult
5555,2025-08-13,ORD,MKE,0.006,0.447,0.021,0.097,0.28,Difficult
2427,2025-08-07,ORD,CVG,0.010,0.465,0.021,0.077,0.28,Difficult
359,2025-08-12,ORD,MEX,0.027,0.556,0.479,0.100,0.28,Difficult
224,2025-08-03,ORD,BZN,0.036,0.788,0.213,0.154,0.28,Difficult
219,2025-08-10,ORD,HNL,0.015,0.579,0.277,0.506,0.28,Difficult
5250,2025-08-11,ORD,BNA,0.009,0.455,0.053,0.034,0.28,Difficult
1182,2025-08-12,ORD,SJC,0.012,0.363,0.021,0.189,0.28,Difficult
4491,2025-08-04,ORD,CAE,0.005,0.480,0.021,0.037,0.28,Difficult
5108,2025-08-01,ORD,SLN,0.007,0.447,0.053,0.043,0.28,Difficult
3433,2025-08-14,ORD,CVG,0.014,0.448,0.000,0.066,0.28,Difficult
1269,2025-08-08,ORD,CLE,0.009,0.417,0.043,0.083,0.28,Difficult
4463,2025-08-06,ORD,ABE,0.005,0.447,0.053,0.046,0.28,Difficult
2005,2025-08-15,ORD,TYS,0.013,0.247,0.170,0.086,0.28,Difficult
1398,2025-08-06,ORD,ATL,0.010,0.427,0.021,0.134,0.28,Difficult
2039,2025-08-09,ORD,MCO,0.013,0.349,0.053,0.189,0.28,Difficult
5868,2025-08-02,ORD,YWG,0.011,0.441,0.000,0.086,0.28,Difficult
3465,2025-08-14,ORD,GSP,0.008,0.491,0.000,0.051,0.28,Difficult
2254,2025-08-05,ORD,PDX,0.001,0.613,0.436,0.260,0.28,Difficult
763,2025-08-14,ORD,PWM,0.164,0.578,0.053,0.166,0.28,Difficult
5250,2025-08-04,ORD,BNA,0.008,0.512,0.000,0.037,0.28,Difficult
2394,2025-08-12,ORD,DEN,0.011,0.420,0.043,0.103,0.28,Difficult
2005,2025-08-07,ORD,TYS,0.011,0.425,0.021,0.077,0.28,Difficult
5610,2025-08-06,ORD,CHO,0.006,0.436,0.021,0.063,0.28,Difficult
5517,2025-08-03,ORD,PVD,0.008,0.489,0.000,0.074,0.28,Difficult
3542,2025-08-08,ORD,YUL,0.010,0.491,0.000,0.043,0.28,Difficult
4546,2025-08-02,ORD,AVP,0.005,0.469,0.021,0.069,0.28,Difficult
3628,2025-08-15,ORD,IND,0.012,0.481,0.000,0.074,0.28,Difficult
4416,2025-08-06,ORD,STL,0.006,0.512,0.000,0.034,0.28,Difficult
2865,2025-08-05,ORD,LGA,0.009,0.417,0.053,0.017,0.28,Difficult
5100,2025-08-04,ORD,DEC,0.011,0.403,0.021,0.074,0.28,Difficult
5915,2025-08-07,ORD,LNK,0.010,0.458,0.011,0.066,0.28,Difficult
1269,2025-08-15,ORD,CLE,0.007,0.409,0.064,0.089,0.28,Difficult
2039,2025-08-12,ORD,MCO,0.013,0.390,0.000,0.163,0.28,Difficult
2099,2025-08-15,ORD,IAH,0.013,0.616,0.404,0.197,0.28,Difficult
5253,2025-08-06,ORD,FCA,0.007,0.426,0.021,0.126,0.28,Difficult
4463,2025-08-05,ORD,ABE,0.005,0.469,0.021,0.077,0.28,Difficult
5847,2025-08-06,ORD,DSM,0.012,0.476,0.000,0.083,0.28,Difficult
2497,2025-08-05,ORD,DTW,0.010,0.348,0.106,0.091,0.28,Difficult
5474,2025-08-10,ORD,MBS,0.004,0.403,0.085,0.091,0.28,Difficult
3542,2025-08-14,ORD,YUL,0.011,0.498,0.000,0.034,0.28,Difficult
1580,2025-08-11,ORD,YVR,0.014,0.388,0.021,0.109,0.28,Difficult
5517,2025-08-07,ORD,PVD,0.006,0.462,0.000,0.086,0.28,Difficult
3525,2025-08-08,ORD,YYZ,0.013,0.484,0.000,0.051,0.28,Difficult
5320,2025-08-14,ORD,MKE,0.006,0.501,0.000,0.069,0.28,Difficult
468,2025-08-03,ORD,IAH,0.002,0.683,0.447,0.066,0.28,Difficult
5833,2025-08-09,ORD,DTW,0.006,0.426,0.000,0.160,0.28,Difficult
288,2025-08-10,ORD,SNN,0.008,0.370,0.021,0.174,0.28,Difficult
5499,2025-08-09,ORD,SBN,0.003,0.436,0.043,0.086,0.28,Difficult
4463,2025-08-13,ORD,ABE,0.003,0.523,0.000,0.046,0.28,Difficult
2497,2025-08-01,ORD,DTW,0.013,0.299,0.160,0.066,0.28,Difficult
4188,2025-08-09,ORD,GSO,0.008,0.436,0.000,0.157,0.28,Difficult
1403,2025-08-05,ORD,SLC,0.004,0.439,0.032,0.097,0.28,Difficult
5392,2025-08-06,ORD,OKC,0.004,0.484,0.000,0.060,0.28,Difficult
3663,2025-08-03,ORD,BGR,0.007,0.448,0.043,0.086,0.28,Difficult
312,2025-08-08,ORD,CHS,0.002,0.407,0.000,0.137,0.28,Difficult
3628,2025-08-10,ORD,IND,0.012,0.469,0.000,0.066,0.28,Difficult
5833,2025-08-12,ORD,DTW,0.015,0.297,0.085,0.171,0.28,Difficult
4766,2025-08-12,ORD,OKC,0.002,0.425,0.043,0.134,0.28,Difficult
5499,2025-08-01,ORD,SBN,0.003,0.403,0.106,0.026,0.28,Difficult
5045,2025-08-15,ORD,RHI,0.011,0.436,0.043,0.063,0.28,Difficult
4188,2025-08-07,ORD,GSO,0.007,0.490,0.000,0.046,0.28,Difficult
4590,2025-08-11,ORD,MDT,0.000,0.512,0.000,0.040,0.28,Difficult
265,2025-08-03,ORD,YYZ,0.013,0.469,0.000,0.029,0.28,Difficult
2337,2025-08-12,ORD,IAD,0.012,0.625,0.426,0.146,0.28,Difficult
2005,2025-08-13,ORD,TYS,0.010,0.365,0.106,0.069,0.28,Difficult
1182,2025-08-15,ORD,SJC,0.010,0.408,0.000,0.137,0.28,Difficult
5699,2025-08-10,ORD,SAV,0.008,0.441,0.043,0.057,0.28,Difficult
2652,2025-08-09,ORD,RSW,0.013,0.371,0.064,0.080,0.28,Difficult
2155,2025-08-12,ORD,LAX,0.014,0.296,0.085,0.191,0.28,Difficult
4712,2025-08-04,ORD,ELP,0.009,0.504,0.000,0.051,0.28,Difficult
5135,2025-08-08,ORD,MCW,0.015,0.338,0.138,0.054,0.28,Difficult
2005,2025-08-10,ORD,TYS,0.013,0.392,0.000,0.123,0.28,Difficult
5352,2025-08-02,ORD,CAK,0.008,0.480,0.000,0.094,0.28,Difficult
881,2025-08-04,ORD,HND,0.004,0.603,0.202,0.591,0.28,Difficult
5108,2025-08-02,ORD,SLN,0.009,0.480,0.032,0.043,0.28,Difficult
664,2025-08-08,ORD,LGA,0.013,0.473,0.043,0.023,0.28,Difficult
265,2025-08-08,ORD,YYZ,0.012,0.495,0.000,0.037,0.28,Difficult
5135,2025-08-09,ORD,MCW,0.010,0.371,0.106,0.049,0.28,Difficult
4766,2025-08-04,ORD,OKC,0.011,0.447,0.000,0.069,0.28,Difficult
617,2025-08-06,ORD,CLT,0.010,0.440,0.000,0.140,0.28,Difficult
1905,2025-08-06,ORD,PIT,0.011,0.414,0.000,0.106,0.28,Difficult
1909,2025-08-05,ORD,TVC,0.226,0.421,0.032,0.189,0.28,Difficult
4188,2025-08-06,ORD,GSO,0.007,0.403,0.096,0.034,0.28,Difficult
2147,2025-08-12,ORD,ALB,0.007,0.400,0.021,0.174,0.28,Difficult
5392,2025-08-15,ORD,OKC,0.004,0.469,0.000,0.080,0.28,Difficult
2487,2025-08-15,ORD,PHL,0.301,0.269,0.043,0.089,0.28,Difficult
2427,2025-08-12,ORD,CVG,0.009,0.348,0.074,0.083,0.28,Difficult
265,2025-08-15,ORD,YYZ,0.012,0.439,0.043,0.074,0.28,Difficult
714,2025-08-01,ORD,MDT,0.001,0.436,0.000,0.129,0.28,Difficult
5392,2025-08-05,ORD,OKC,0.009,0.433,0.000,0.106,0.28,Difficult
288,2025-08-11,ORD,SNN,0.008,0.339,0.043,0.174,0.28,Difficult
5833,2025-08-11,ORD,DTW,0.008,0.491,0.011,0.057,0.28,Difficult
1030,2025-08-13,ORD,ABQ,0.010,0.413,0.021,0.106,0.28,Difficult
1941,2025-08-02,ORD,CVG,0.099,0.642,0.085,0.283,0.28,Difficult
5100,2025-08-01,ORD,DEC,0.009,0.392,0.053,0.057,0.28,Difficult
944,2025-08-07,ORD,FRA,0.002,0.543,0.330,0.471,0.28,Difficult
4463,2025-08-07,ORD,ABE,0.004,0.501,0.000,0.043,0.28,Difficult
3465,2025-08-08,ORD,GSP,0.008,0.497,0.011,0.043,0.28,Difficult
3663,2025-08-05,ORD,BGR,0.007,0.390,0.085,0.106,0.28,Difficult
5045,2025-08-13,ORD,RHI,0.004,0.447,0.011,0.077,0.28,Difficult
4766,2025-08-08,ORD,OKC,0.004,0.480,0.000,0.077,0.28,Difficult
1989,2025-08-06,ORD,BOS,0.003,0.445,0.000,0.077,0.28,Difficult
592,2025-08-11,ORD,JAC,0.005,0.413,0.021,0.109,0.28,Difficult
4599,2025-08-15,ORD,BHM,0.006,0.469,0.000,0.086,0.28,Difficult
6002,2025-08-15,ORD,AVL,0.008,0.419,0.043,0.080,0.28,Difficult
468,2025-08-01,ORD,IAH,0.002,0.634,0.511,0.049,0.28,Difficult
5352,2025-08-06,ORD,CAK,0.008,0.469,0.021,0.051,0.28,Difficult
2290,2025-08-02,ORD,DFW,0.099,0.612,0.181,0.189,0.28,Difficult
5499,2025-08-11,ORD,SBN,0.007,0.414,0.043,0.091,0.28,Difficult
5290,2025-08-06,ORD,BOI,0.003,0.481,0.000,0.054,0.28,Difficult
2424,2025-08-09,ORD,RDU,0.009,0.375,0.053,0.160,0.28,Difficult
763,2025-08-08,ORD,PWM,0.164,0.529,0.160,0.083,0.28,Difficult
4395,2025-08-15,ORD,TVC,0.007,0.480,0.021,0.029,0.28,Difficult
5314,2025-08-15,ORD,LNK,0.009,0.447,0.000,0.086,0.28,Difficult
4416,2025-08-05,ORD,STL,0.006,0.501,0.000,0.054,0.28,Difficult
1113,2025-08-14,ORD,ALB,0.082,0.604,0.266,0.126,0.28,Difficult
3604,2025-08-08,ORD,CMH,0.008,0.469,0.021,0.069,0.28,Difficult
4599,2025-08-06,ORD,BHM,0.006,0.469,0.000,0.066,0.28,Difficult
5538,2025-08-10,ORD,HSV,0.006,0.480,0.000,0.037,0.28,Difficult
5225,2025-08-14,ORD,MKE,0.020,0.297,0.085,0.126,0.28,Difficult
4188,2025-08-15,ORD,GSO,0.008,0.469,0.000,0.040,0.28,Difficult
5652,2025-08-10,ORD,GEG,0.003,0.527,0.000,0.037,0.28,Difficult
378,2025-08-12,ORD,LAX,0.014,0.722,0.287,0.214,0.28,Difficult
1620,2025-08-14,ORD,SEA,0.014,0.550,0.479,0.180,0.28,Difficult
2483,2025-08-09,ORD,IAH,0.013,0.628,0.383,0.249,0.28,Difficult
4519,2025-08-01,ORD,SCE,0.007,0.480,0.000,0.077,0.28,Difficult
1580,2025-08-14,ORD,YVR,0.023,0.433,0.000,0.077,0.28,Difficult
4546,2025-08-05,ORD,AVP,0.005,0.469,0.000,0.051,0.28,Difficult
4792,2025-08-10,ORD,ROA,0.010,0.441,0.000,0.083,0.28,Difficult
3635,2025-08-10,ORD,MSN,0.011,0.405,0.021,0.091,0.28,Difficult
714,2025-08-12,ORD,MDT,0.008,0.486,0.000,0.086,0.28,Difficult
5352,2025-08-10,ORD,CAK,0.007,0.469,0.000,0.057,0.28,Difficult
3598,2025-08-14,ORD,SDF,0.008,0.462,0.043,0.040,0.28,Difficult
777,2025-08-07,ORD,LAS,0.010,0.479,0.011,0.066,0.28,Difficult
1291,2025-08-02,ORD,IAH,0.012,0.681,0.298,0.297,0.28,Difficult
5225,2025-08-08,ORD,MKE,0.019,0.469,0.000,0.057,0.28,Difficult
2155,2025-08-06,ORD,LAX,0.001,0.417,0.032,0.169,0.28,Difficult
4636,2025-08-15,ORD,SBN,0.008,0.447,0.000,0.063,0.28,Difficult
4546,2025-08-10,ORD,AVP,0.005,0.425,0.021,0.086,0.28,Difficult
3663,2025-08-06,ORD,BGR,0.007,0.484,0.000,0.074,0.28,Difficult
1314,2025-08-09,ORD,IAH,0.014,0.657,0.330,0.237,0.28,Difficult
5499,2025-08-10,ORD,SBN,0.007,0.360,0.106,0.031,0.28,Difficult
4519,2025-08-07,ORD,SCE,0.006,0.469,0.000,0.083,0.28,Difficult
1531,2025-08-11,ORD,DSM,0.011,0.556,0.426,0.254,0.28,Difficult
4792,2025-08-15,ORD,ROA,0.009,0.448,0.021,0.057,0.28,Difficult
5135,2025-08-06,ORD,MCW,0.011,0.305,0.170,0.037,0.28,Difficult
5610,2025-08-05,ORD,CHO,0.007,0.458,0.021,0.046,0.28,Difficult
3628,2025-08-13,ORD,IND,0.005,0.484,0.021,0.046,0.28,Difficult
2465,2025-08-13,ORD,ORF,0.013,0.631,0.287,0.369,0.28,Difficult
777,2025-08-11,ORD,LAS,0.011,0.305,0.128,0.131,0.28,Difficult
4491,2025-08-05,ORD,CAE,0.005,0.458,0.011,0.029,0.28,Difficult
5100,2025-08-14,ORD,DEC,0.009,0.360,0.117,0.057,0.28,Difficult
5290,2025-08-13,ORD,BOI,0.007,0.473,0.000,0.060,0.28,Difficult
695,2025-08-11,ORD,SJU,0.010,0.366,0.085,0.091,0.28,Difficult
4491,2025-08-14,ORD,CAE,0.006,0.523,0.000,0.037,0.28,Difficult
912,2025-08-10,ORD,KEF,0.008,0.512,0.372,0.397,0.28,Difficult
5526,2025-08-11,ORD,ATW,0.008,0.512,0.000,0.037,0.28,Difficult
2865,2025-08-12,ORD,LGA,0.010,0.489,0.032,0.023,0.28,Difficult
3542,2025-08-09,ORD,YUL,0.014,0.362,0.053,0.100,0.28,Difficult
2497,2025-08-10,ORD,DTW,0.006,0.426,0.011,0.083,0.28,Difficult
5610,2025-08-04,ORD,CHO,0.007,0.512,0.000,0.034,0.28,Difficult
445,2025-08-09,ORD,ANC,0.014,0.649,0.330,0.263,0.28,Difficult
4599,2025-08-14,ORD,BHM,0.006,0.501,0.000,0.071,0.28,Difficult
2008,2025-08-09,ORD,MCO,0.013,0.727,0.404,0.094,0.28,Difficult
468,2025-08-13,ORD,IAH,0.013,0.558,0.553,0.069,0.28,Difficult
4766,2025-08-03,ORD,OKC,0.004,0.469,0.000,0.060,0.28,Difficult
4463,2025-08-08,ORD,ABE,0.005,0.469,0.000,0.051,0.28,Difficult
2059,2025-08-12,ORD,PDX,0.012,0.263,0.096,0.180,0.28,Difficult
4766,2025-08-15,ORD,OKC,0.011,0.447,0.000,0.114,0.28,Difficult
3628,2025-08-14,ORD,IND,0.009,0.462,0.021,0.049,0.28,Difficult
445,2025-08-12,ORD,ANC,0.012,0.582,0.351,0.363,0.28,Difficult
920,2025-08-13,ORD,LHR,0.001,0.450,0.053,0.077,0.28,Difficult
1398,2025-08-14,ORD,ATL,0.011,0.466,0.000,0.060,0.28,Difficult
1129,2025-08-11,ORD,BOS,0.013,0.456,0.021,0.049,0.28,Difficult
1785,2025-08-06,ORD,EWR,0.008,0.506,0.011,0.034,0.28,Difficult
5499,2025-08-04,ORD,SBN,0.008,0.403,0.043,0.063,0.28,Difficult
4491,2025-08-06,ORD,CAE,0.006,0.447,0.000,0.063,0.28,Difficult
2865,2025-08-04,ORD,LGA,0.010,0.489,0.000,0.026,0.28,Difficult
3598,2025-08-03,ORD,SDF,0.008,0.469,0.021,0.080,0.28,Difficult
622,2025-08-02,ORD,DEN,0.014,0.693,0.287,0.297,0.28,Difficult
4188,2025-08-03,ORD,GSO,0.008,0.469,0.021,0.043,0.28,Difficult
224,2025-08-08,ORD,BZN,0.117,0.663,0.085,0.206,0.28,Difficult
4463,2025-08-10,ORD,ABE,0.005,0.469,0.021,0.046,0.28,Difficult
2497,2025-08-09,ORD,DTW,0.001,0.378,0.043,0.200,0.28,Difficult
5555,2025-08-03,ORD,MKE,0.007,0.490,0.000,0.086,0.28,Difficult
5290,2025-08-05,ORD,BOI,0.004,0.473,0.000,0.043,0.28,Difficult
2137,2025-08-15,ORD,SLC,0.164,0.558,0.074,0.174,0.28,Difficult
4484,2025-08-11,ORD,AVL,0.007,0.458,0.000,0.069,0.28,Difficult
1129,2025-08-08,ORD,BOS,0.011,0.360,0.032,0.060,0.27,Difficult
5610,2025-08-15,ORD,CHO,0.007,0.371,0.032,0.037,0.27,Difficult
5225,2025-08-10,ORD,MKE,0.005,0.360,0.000,0.137,0.27,Difficult
3707,2025-08-05,ORD,IND,0.012,0.297,0.117,0.049,0.27,Difficult
219,2025-08-12,ORD,HNL,0.007,0.612,0.202,0.454,0.27,Difficult
5320,2025-08-13,ORD,MKE,0.009,0.371,0.053,0.026,0.27,Difficult
2666,2025-08-13,ORD,DEN,0.002,0.553,0.309,0.371,0.27,Difficult
6004,2025-08-15,ORD,SUN,0.014,0.341,0.053,0.023,0.27,Difficult
2155,2025-08-04,ORD,LAX,0.001,0.362,0.064,0.080,0.27,Difficult
1361,2025-08-01,ORD,STL,0.012,0.519,0.330,0.349,0.27,Difficult
2497,2025-08-02,ORD,DTW,0.010,0.348,0.043,0.083,0.27,Difficult
1531,2025-08-02,ORD,DSM,0.007,0.639,0.330,0.254,0.27,Difficult
1069,2025-08-05,ORD,DCA,0.008,0.309,0.096,0.031,0.27,Difficult
5474,2025-08-06,ORD,MBS,0.004,0.349,0.096,0.063,0.27,Difficult
5538,2025-08-05,ORD,HSV,0.006,0.403,0.000,0.051,0.27,Difficult
1620,2025-08-15,ORD,SEA,0.018,0.540,0.394,0.231,0.27,Difficult
561,2025-08-06,ORD,MCI,0.059,0.630,0.181,0.217,0.27,Difficult
5131,2025-08-11,ORD,CMX,0.012,0.392,0.000,0.040,0.27,Difficult
3542,2025-08-06,ORD,YUL,0.011,0.419,0.011,0.023,0.27,Difficult
5699,2025-08-05,ORD,SAV,0.007,0.355,0.064,0.031,0.27,Difficult
219,2025-08-06,ORD,HNL,0.015,0.639,0.160,0.469,0.27,Difficult
5652,2025-08-06,ORD,GEG,0.003,0.419,0.011,0.031,0.27,Difficult
5790,2025-08-09,ORD,CRW,0.005,0.371,0.000,0.089,0.27,Difficult
312,2025-08-15,ORD,CHS,0.010,0.292,0.085,0.106,0.27,Difficult
4712,2025-08-05,ORD,ELP,0.009,0.412,0.000,0.049,0.27,Difficult
5474,2025-08-12,ORD,MBS,0.001,0.338,0.064,0.080,0.27,Difficult
5474,2025-08-04,ORD,MBS,0.004,0.316,0.064,0.071,0.27,Difficult
929,2025-08-11,ORD,LHR,0.012,0.365,0.000,0.111,0.27,Difficult
5314,2025-08-14,ORD,LNK,0.006,0.436,0.000,0.057,0.27,Difficult
2254,2025-08-03,ORD,PDX,0.002,0.646,0.309,0.257,0.27,Difficult
5251,2025-08-11,ORD,ASE,0.008,0.434,0.000,0.031,0.27,Difficult
5637,2025-08-10,ORD,GRB,0.008,0.360,0.064,0.057,0.27,Difficult
1156,2025-08-14,ORD,MSY,0.011,0.324,0.043,0.154,0.27,Difficult
4482,2025-08-11,ORD,TUL,0.007,0.414,0.000,0.063,0.27,Difficult
4519,2025-08-08,ORD,SCE,0.006,0.327,0.064,0.054,0.27,Difficult
1069,2025-08-13,ORD,DCA,0.013,0.398,0.000,0.089,0.27,Difficult
2184,2025-08-15,ORD,EGE,0.011,0.357,0.000,0.097,0.27,Difficult
5517,2025-08-06,ORD,PVD,0.009,0.405,0.000,0.046,0.27,Difficult
1834,2025-08-08,ORD,TPA,0.046,0.729,0.191,0.100,0.27,Difficult
4792,2025-08-08,ORD,ROA,0.009,0.405,0.000,0.071,0.27,Difficult
561,2025-08-07,ORD,MCI,0.013,0.695,0.277,0.174,0.27,Difficult
1485,2025-08-13,ORD,SEA,0.016,0.613,0.351,0.237,0.27,Difficult
5499,2025-08-14,ORD,SBN,0.003,0.414,0.000,0.057,0.27,Difficult
944,2025-08-03,ORD,FRA,0.001,0.562,0.223,0.500,0.27,Difficult
4636,2025-08-07,ORD,SBN,0.009,0.447,0.000,0.037,0.27,Difficult
4463,2025-08-09,ORD,ABE,0.005,0.316,0.085,0.040,0.27,Difficult
4395,2025-08-10,ORD,TVC,0.007,0.414,0.000,0.031,0.27,Difficult
2201,2025-08-01,ORD,MCO,0.012,0.762,0.266,0.083,0.27,Difficult
622,2025-08-05,ORD,DEN,0.014,0.647,0.319,0.240,0.27,Difficult
5624,2025-08-15,ORD,LEX,0.009,0.355,0.032,0.066,0.27,Difficult
4546,2025-08-08,ORD,AVP,0.005,0.425,0.000,0.063,0.27,Difficult
3604,2025-08-06,ORD,CMH,0.015,0.362,0.011,0.051,0.27,Difficult
1314,2025-08-02,ORD,IAH,0.014,0.638,0.277,0.283,0.27,Difficult
5135,2025-08-05,ORD,MCW,0.011,0.338,0.053,0.049,0.27,Difficult
1742,2025-08-15,ORD,JAX,0.009,0.296,0.064,0.111,0.27,Difficult
3525,2025-08-05,ORD,YYZ,0.004,0.426,0.000,0.029,0.27,Difficult
1599,2025-08-10,ORD,DEN,0.008,0.651,0.383,0.151,0.27,Difficult
5108,2025-08-07,ORD,SLN,0.012,0.392,0.000,0.026,0.27,Difficult
2225,2025-08-02,ORD,PHX,0.010,0.690,0.394,0.080,0.27,Difficult
1403,2025-08-09,ORD,SLC,0.006,0.392,0.000,0.126,0.27,Difficult
445,2025-08-15,ORD,ANC,0.013,0.591,0.340,0.226,0.27,Difficult
5100,2025-08-08,ORD,DEC,0.008,0.327,0.085,0.049,0.27,Difficult
1144,2025-08-13,ORD,ONT,0.011,0.302,0.106,0.077,0.27,Difficult
777,2025-08-12,ORD,LAS,0.016,0.257,0.085,0.111,0.27,Difficult
1823,2025-08-13,ORD,IAH,0.008,0.572,0.457,0.123,0.27,Difficult
3551,2025-08-07,ORD,SDF,0.013,0.333,0.043,0.040,0.27,Difficult
2099,2025-08-02,ORD,IAH,0.007,0.631,0.340,0.174,0.27,Difficult
2148,2025-08-15,ORD,SAT,0.012,0.374,0.000,0.117,0.27,Difficult
912,2025-08-11,ORD,KEF,0.008,0.494,0.277,0.471,0.27,Difficult
4519,2025-08-10,ORD,SCE,0.006,0.414,0.011,0.054,0.27,Difficult
1239,2025-08-13,ORD,ROC,0.009,0.629,0.383,0.186,0.27,Difficult
2465,2025-08-11,ORD,ORF,0.013,0.570,0.394,0.220,0.27,Difficult
5915,2025-08-14,ORD,LNK,0.010,0.414,0.000,0.083,0.27,Difficult
3551,2025-08-02,ORD,SDF,0.011,0.355,0.011,0.063,0.27,Difficult
343,2025-08-07,ORD,SFO,0.013,0.602,0.436,0.091,0.27,Difficult
2323,2025-08-02,ORD,MCO,0.012,0.935,0.064,0.131,0.27,Difficult
4638,2025-08-06,ORD,COS,0.008,0.390,0.000,0.069,0.27,Difficult
312,2025-08-12,ORD,CHS,0.011,0.334,0.074,0.066,0.27,Difficult
1811,2025-08-15,ORD,MSP,0.014,0.644,0.191,0.429,0.27,Difficult
6004,2025-08-09,ORD,SUN,0.014,0.380,0.011,0.049,0.27,Difficult
2201,2025-08-04,ORD,MCO,0.012,0.634,0.436,0.066,0.27,Difficult
944,2025-08-01,ORD,FRA,0.010,0.651,0.085,0.586,0.27,Difficult
2113,2025-08-02,ORD,FSD,0.010,0.610,0.330,0.240,0.27,Difficult
4463,2025-08-03,ORD,ABE,0.005,0.425,0.043,0.029,0.27,Difficult
5538,2025-08-15,ORD,HSV,0.006,0.381,0.032,0.066,0.27,Difficult
481,2025-08-12,ORD,RNO,0.007,0.300,0.053,0.143,0.27,Difficult
4519,2025-08-06,ORD,SCE,0.007,0.436,0.000,0.034,0.27,Difficult
845,2025-08-01,ORD,GRU,0.007,0.596,0.106,0.574,0.27,Difficult
5251,2025-08-06,ORD,ASE,0.004,0.434,0.000,0.026,0.27,Difficult
1823,2025-08-09,ORD,IAH,0.010,0.610,0.457,0.074,0.27,Difficult
3542,2025-08-13,ORD,YUL,0.011,0.405,0.000,0.040,0.27,Difficult
1069,2025-08-08,ORD,DCA,0.011,0.413,0.000,0.071,0.27,Difficult
2254,2025-08-09,ORD,PDX,0.012,0.673,0.266,0.229,0.27,Difficult
3707,2025-08-15,ORD,IND,0.015,0.369,0.011,0.069,0.27,Difficult
4491,2025-08-12,ORD,CAE,0.005,0.403,0.000,0.077,0.27,Difficult
5314,2025-08-13,ORD,LNK,0.010,0.381,0.043,0.051,0.27,Difficult
3707,2025-08-10,ORD,IND,0.010,0.405,0.000,0.080,0.27,Difficult
5100,2025-08-10,ORD,DEC,0.011,0.262,0.128,0.071,0.27,Difficult
5699,2025-08-06,ORD,SAV,0.007,0.426,0.000,0.066,0.27,Difficult
5045,2025-08-11,ORD,RHI,0.011,0.381,0.043,0.051,0.27,Difficult
5108,2025-08-09,ORD,SLN,0.013,0.381,0.053,0.031,0.27,Difficult
5100,2025-08-11,ORD,DEC,0.011,0.381,0.000,0.089,0.27,Difficult
4519,2025-08-03,ORD,SCE,0.007,0.425,0.000,0.029,0.27,Difficult
1335,2025-08-12,ORD,BUF,0.013,0.293,0.043,0.194,0.27,Difficult
219,2025-08-02,ORD,HNL,0.015,0.673,0.117,0.426,0.27,Difficult
3551,2025-08-09,ORD,SDF,0.011,0.254,0.138,0.054,0.27,Difficult
5610,2025-08-10,ORD,CHO,0.007,0.425,0.000,0.080,0.27,Difficult
5320,2025-08-07,ORD,MKE,0.002,0.447,0.000,0.029,0.27,Difficult
4463,2025-08-15,ORD,ABE,0.004,0.414,0.000,0.043,0.27,Difficult
1710,2025-08-13,ORD,SMF,0.003,0.368,0.021,0.140,0.27,Difficult
3542,2025-08-12,ORD,YUL,0.003,0.398,0.000,0.091,0.27,Difficult
2148,2025-08-13,ORD,SAT,0.012,0.269,0.096,0.103,0.27,Difficult
219,2025-08-01,ORD,HNL,0.015,0.702,0.160,0.337,0.27,Difficult
3551,2025-08-12,ORD,SDF,0.002,0.419,0.000,0.066,0.27,Difficult
2177,2025-08-15,ORD,MSN,0.077,0.564,0.149,0.186,0.26,Difficult
2427,2025-08-15,ORD,CVG,0.010,0.300,0.032,0.094,0.26,Difficult
2008,2025-08-13,ORD,MCO,0.001,0.719,0.234,0.134,0.26,Difficult
5538,2025-08-13,ORD,HSV,0.006,0.338,0.000,0.069,0.26,Difficult
534,2025-08-06,ORD,EWR,0.013,0.343,0.043,0.017,0.26,Difficult
3707,2025-08-09,ORD,IND,0.011,0.319,0.000,0.091,0.26,Difficult
5643,2025-08-12,ORD,CAK,0.010,0.708,0.287,0.026,0.26,Difficult
5555,2025-08-14,ORD,MKE,0.006,0.294,0.064,0.051,0.26,Difficult
1634,2025-08-05,ORD,IAD,0.012,0.552,0.309,0.240,0.26,Difficult
1205,2025-08-13,ORD,EWR,0.013,0.652,0.319,0.126,0.26,Difficult
5868,2025-08-05,ORD,YWG,0.004,0.304,0.043,0.083,0.26,Difficult
938,2025-08-05,ORD,LHR,0.010,0.633,0.298,0.149,0.26,Difficult
359,2025-08-02,ORD,MEX,0.010,0.643,0.287,0.117,0.26,Difficult
1933,2025-08-02,ORD,LAS,0.113,0.561,0.128,0.103,0.26,Difficult
4395,2025-08-11,ORD,TVC,0.006,0.262,0.064,0.037,0.26,Difficult
2385,2025-08-10,ORD,MSO,0.010,0.670,0.245,0.191,0.26,Difficult
1082,2025-08-02,ORD,PIT,0.009,0.694,0.213,0.223,0.26,Difficult
5251,2025-08-14,ORD,ASE,0.008,0.388,0.000,0.020,0.26,Difficult
5229,2025-08-02,ORD,ILM,0.012,1.000,0.000,0.043,0.26,Difficult
1495,2025-08-04,ORD,TVC,0.013,0.283,0.032,0.106,0.26,Difficult
2672,2025-08-12,ORD,PNS,0.016,0.724,0.245,0.080,0.26,Difficult
2006,2025-08-06,ORD,GUA,0.015,0.578,0.330,0.134,0.26,Difficult
1599,2025-08-13,ORD,DEN,0.008,0.671,0.255,0.211,0.26,Difficult
1485,2025-08-08,ORD,SEA,0.013,0.658,0.213,0.223,0.26,Difficult
1387,2025-08-03,ORD,SFO,0.002,0.614,0.266,0.274,0.26,Difficult
2099,2025-08-13,ORD,IAH,0.001,0.534,0.426,0.183,0.26,Difficult
1387,2025-08-09,ORD,SFO,0.082,0.750,0.032,0.060,0.26,Difficult
1215,2025-08-02,ORD,ANC,0.007,0.660,0.149,0.366,0.26,Difficult
777,2025-08-13,ORD,LAS,0.011,0.314,0.000,0.077,0.26,Difficult
2148,2025-08-12,ORD,SAT,0.012,0.258,0.000,0.160,0.26,Difficult
2201,2025-08-02,ORD,MCO,0.013,0.762,0.223,0.066,0.26,Difficult
1452,2025-08-09,ORD,PVR,0.013,0.759,0.234,0.029,0.26,Difficult
4599,2025-08-12,ORD,BHM,0.003,0.316,0.043,0.051,0.26,Difficult
2401,2025-08-09,ORD,NAS,0.016,0.877,0.085,0.080,0.26,Difficult
5253,2025-08-04,ORD,FCA,0.011,0.372,0.000,0.043,0.26,Difficult
1363,2025-08-01,ORD,LAX,0.083,0.624,0.170,0.080,0.26,Difficult
3598,2025-08-09,ORD,SDF,0.010,0.355,0.011,0.057,0.26,Difficult
445,2025-08-08,ORD,ANC,0.013,0.640,0.223,0.271,0.26,Difficult
5320,2025-08-15,ORD,MKE,0.009,0.316,0.021,0.031,0.26,Difficult
2133,2025-08-09,ORD,EWR,0.013,0.599,0.362,0.100,0.26,Difficult
769,2025-08-01,ORD,BCN,0.012,0.712,0.181,0.231,0.26,Difficult
4636,2025-08-10,ORD,SBN,0.008,0.316,0.053,0.031,0.26,Difficult
219,2025-08-09,ORD,HNL,0.007,0.668,0.191,0.291,0.26,Difficult
416,2025-08-13,ORD,MXP,0.011,0.575,0.128,0.523,0.26,Difficult
611,2025-08-10,ORD,SFO,0.053,0.610,0.245,0.063,0.26,Difficult
1620,2025-08-09,ORD,SEA,0.007,0.635,0.266,0.254,0.26,Difficult
3551,2025-08-14,ORD,SDF,0.008,0.333,0.000,0.069,0.26,Difficult
2389,2025-08-09,ORD,RSW,0.012,0.814,0.149,0.057,0.26,Difficult
2652,2025-08-15,ORD,RSW,0.011,0.289,0.064,0.040,0.26,Difficult
2011,2025-08-15,ORD,YVR,0.011,0.581,0.319,0.203,0.26,Difficult
5251,2025-08-13,ORD,ASE,0.001,0.333,0.064,0.043,0.26,Difficult
1620,2025-08-08,ORD,SEA,0.014,0.651,0.223,0.260,0.26,Difficult
3551,2025-08-13,ORD,SDF,0.011,0.297,0.021,0.054,0.26,Difficult
881,2025-08-08,ORD,HND,0.007,0.509,0.149,0.554,0.26,Difficult
5100,2025-08-06,ORD,DEC,0.011,0.262,0.064,0.049,0.26,Difficult
1811,2025-08-06,ORD,MSP,0.012,0.627,0.128,0.411,0.26,Difficult
1215,2025-08-13,ORD,ANC,0.001,0.571,0.255,0.371,0.26,Difficult
1659,2025-08-02,ORD,CUN,0.018,0.771,0.191,0.049,0.26,Difficult
5695,2025-08-11,ORD,ABE,0.006,0.395,0.000,0.023,0.26,Difficult
5810,2025-08-01,ORD,PIA,0.004,0.796,0.170,0.109,0.26,Difficult
2494,2025-08-02,ORD,MCI,0.015,0.531,0.234,0.389,0.26,Difficult
1659,2025-08-04,ORD,CUN,0.018,0.801,0.202,0.011,0.26,Difficult
2616,2025-08-05,ORD,PDX,0.055,0.634,0.245,0.094,0.26,Difficult
1198,2025-08-14,ORD,CUN,0.011,0.674,0.319,0.057,0.26,Difficult
2649,2025-08-02,ORD,EWR,0.006,0.590,0.340,0.174,0.26,Difficult
467,2025-08-13,ORD,CMH,0.009,0.603,0.298,0.163,0.26,Difficult
2113,2025-08-07,ORD,FSD,0.069,0.601,0.085,0.300,0.26,Difficult
2347,2025-08-08,ORD,CLE,0.206,0.374,0.053,0.134,0.26,Difficult
714,2025-08-02,ORD,MDT,0.009,0.292,0.000,0.154,0.26,Difficult
2323,2025-08-14,ORD,MCO,0.006,0.771,0.160,0.183,0.26,Difficult
5100,2025-08-03,ORD,DEC,0.011,0.338,0.011,0.060,0.26,Difficult
2008,2025-08-01,ORD,MCO,0.013,0.801,0.170,0.120,0.26,Difficult
845,2025-08-13,ORD,GRU,0.008,0.360,0.372,0.469,0.26,Difficult
5538,2025-08-11,ORD,HSV,0.001,0.327,0.000,0.077,0.26,Difficult
2201,2025-08-14,ORD,MCO,0.012,0.668,0.266,0.134,0.26,Difficult
1878,2025-08-03,ORD,SFO,0.005,0.687,0.266,0.126,0.26,Difficult
1030,2025-08-12,ORD,ABQ,0.010,0.235,0.043,0.134,0.26,Difficult
380,2025-08-02,ORD,JAX,0.011,0.716,0.245,0.086,0.26,Difficult
1168,2025-08-05,ORD,SFO,0.014,0.635,0.181,0.283,0.26,Difficult
5225,2025-08-09,ORD,MKE,0.006,0.294,0.011,0.071,0.26,Difficult
1129,2025-08-09,ORD,BOS,0.015,0.292,0.000,0.117,0.26,Difficult
4491,2025-08-09,ORD,CAE,0.005,0.338,0.000,0.089,0.26,Difficult
1205,2025-08-02,ORD,EWR,0.030,0.616,0.330,0.100,0.26,Difficult
1946,2025-08-03,ORD,LGA,0.164,0.611,0.000,0.000,0.26,Difficult
2337,2025-08-03,ORD,IAD,0.014,0.652,0.340,0.091,0.26,Difficult
416,2025-08-14,ORD,MXP,0.001,0.611,0.053,0.554,0.26,Difficult
1872,2025-08-09,ORD,MSP,0.007,0.639,0.234,0.220,0.26,Difficult
2006,2025-08-13,ORD,GUA,0.005,0.532,0.500,0.074,0.26,Difficult
3707,2025-08-08,ORD,IND,0.009,0.340,0.000,0.026,0.26,Difficult
445,2025-08-02,ORD,ANC,0.013,0.616,0.181,0.306,0.26,Difficult
912,2025-08-13,ORD,KEF,0.008,0.500,0.287,0.411,0.26,Difficult
1612,2025-08-02,ORD,MEM,0.011,0.603,0.202,0.340,0.26,Difficult
2323,2025-08-13,ORD,MCO,0.002,0.891,0.106,0.117,0.26,Difficult
5108,2025-08-08,ORD,SLN,0.000,0.349,0.032,0.051,0.26,Difficult
944,2025-08-04,ORD,FRA,0.002,0.463,0.362,0.380,0.26,Difficult
2005,2025-08-05,ORD,TYS,0.010,0.240,0.064,0.109,0.26,Difficult
980,2025-08-14,ORD,DUB,0.018,0.539,0.234,0.320,0.26,Difficult
5555,2025-08-12,ORD,MKE,0.001,0.262,0.000,0.157,0.26,Difficult
4518,2025-08-12,ORD,STL,0.004,0.360,0.021,0.037,0.26,Difficult
617,2025-08-08,ORD,CLT,0.009,0.328,0.021,0.083,0.26,Difficult
2100,2025-08-02,ORD,SLC,0.012,0.663,0.245,0.214,0.26,Difficult
3598,2025-08-15,ORD,SDF,0.008,0.311,0.043,0.051,0.26,Difficult
2426,2025-08-12,ORD,IAH,0.002,0.250,0.085,0.129,0.26,Difficult
5699,2025-08-12,ORD,SAV,0.003,0.283,0.085,0.046,0.26,Difficult
2401,2025-08-03,ORD,NAS,0.016,0.913,0.043,0.097,0.26,Difficult
3707,2025-08-06,ORD,IND,0.010,0.311,0.021,0.031,0.26,Difficult
2008,2025-08-02,ORD,MCO,0.013,0.894,0.043,0.140,0.26,Difficult
2427,2025-08-10,ORD,CVG,0.012,0.309,0.011,0.097,0.26,Difficult
2865,2025-08-08,ORD,LGA,0.010,0.299,0.021,0.037,0.26,Difficult
1414,2025-08-02,ORD,BOI,0.010,0.776,0.181,0.083,0.26,Difficult
1872,2025-08-02,ORD,MSP,0.026,0.530,0.277,0.266,0.26,Difficult
2389,2025-08-04,ORD,RSW,0.001,0.719,0.266,0.069,0.26,Difficult
1328,2025-08-12,ORD,SMF,0.013,0.665,0.202,0.217,0.26,Difficult
2200,2025-08-14,ORD,SEA,0.013,0.627,0.170,0.369,0.26,Difficult
219,2025-08-11,ORD,HNL,0.007,0.654,0.053,0.500,0.26,Difficult
5568,2025-08-13,ORD,MLI,0.006,0.752,0.223,0.143,0.26,Difficult
2684,2025-08-10,ORD,FCA,0.023,0.725,0.170,0.171,0.26,Difficult
920,2025-08-12,ORD,LHR,0.010,0.254,0.053,0.071,0.26,Difficult
739,2025-08-12,ORD,BZN,0.012,0.262,0.000,0.137,0.26,Difficult
769,2025-08-06,ORD,BCN,0.003,0.517,0.309,0.386,0.26,Difficult
1146,2025-08-03,ORD,MBJ,0.018,0.634,0.287,0.154,0.26,Difficult
1531,2025-08-15,ORD,DSM,0.039,0.512,0.319,0.243,0.26,Difficult
1156,2025-08-12,ORD,MSY,0.011,0.241,0.053,0.123,0.26,Difficult
1811,2025-08-13,ORD,MSP,0.059,0.565,0.202,0.197,0.26,Difficult
1830,2025-08-12,ORD,DSM,0.004,0.643,0.255,0.211,0.26,Difficult
1655,2025-08-12,ORD,DCA,0.013,0.349,0.000,0.066,0.26,Difficult
1872,2025-08-13,ORD,MSP,0.007,0.596,0.255,0.246,0.26,Difficult
1398,2025-08-15,ORD,ATL,0.004,0.276,0.021,0.123,0.26,Difficult
2201,2025-08-05,ORD,MCO,0.013,0.735,0.191,0.111,0.26,Difficult
1811,2025-08-08,ORD,MSP,0.013,0.617,0.266,0.189,0.26,Difficult
622,2025-08-15,ORD,DEN,0.014,0.586,0.319,0.197,0.26,Difficult
777,2025-08-09,ORD,LAS,0.011,0.278,0.032,0.091,0.26,Difficult
2005,2025-08-06,ORD,TYS,0.010,0.305,0.021,0.106,0.26,Difficult
611,2025-08-10,ORD,SFO,0.053,0.610,0.245,0.063,0.26,Difficult
4558,2025-08-10,ORD,XNA,0.013,0.719,0.255,0.049,0.26,Difficult
2200,2025-08-06,ORD,SEA,0.013,0.657,0.202,0.286,0.26,Difficult
912,2025-08-05,ORD,KEF,0.008,0.500,0.277,0.414,0.26,Difficult
5499,2025-08-08,ORD,SBN,0.007,0.338,0.053,0.023,0.26,Difficult
219,2025-08-03,ORD,HNL,0.007,0.634,0.106,0.506,0.26,Difficult
5352,2025-08-15,ORD,CAK,0.007,0.381,0.000,0.029,0.26,Difficult
2378,2025-08-06,ORD,LAX,0.012,0.665,0.181,0.326,0.26,Difficult
5637,2025-08-09,ORD,GRB,0.010,0.286,0.085,0.043,0.26,Difficult
622,2025-08-11,ORD,DEN,0.014,0.622,0.234,0.234,0.26,Difficult
769,2025-08-08,ORD,BCN,0.005,0.584,0.234,0.334,0.26,Difficult
416,2025-08-01,ORD,MXP,0.005,0.606,0.202,0.377,0.26,Difficult
2618,2025-08-09,ORD,STL,0.006,0.661,0.181,0.334,0.26,Difficult
1872,2025-08-01,ORD,MSP,0.013,0.607,0.223,0.286,0.26,Difficult
467,2025-08-11,ORD,CMH,0.011,0.539,0.340,0.220,0.26,Difficult
1803,2025-08-14,ORD,DEN,0.012,0.591,0.362,0.086,0.26,Difficult
1198,2025-08-10,ORD,CUN,0.027,0.875,0.053,0.057,0.26,Difficult
1044,2025-08-01,ORD,LAX,0.006,0.701,0.213,0.251,0.26,Difficult
2008,2025-08-10,ORD,MCO,0.001,0.700,0.223,0.180,0.26,Difficult
5100,2025-08-07,ORD,DEC,0.011,0.207,0.128,0.031,0.26,Difficult
1452,2025-08-02,ORD,PVR,0.015,0.752,0.213,0.060,0.26,Difficult
6004,2025-08-05,ORD,SUN,0.014,0.310,0.032,0.023,0.26,Difficult
2005,2025-08-09,ORD,TYS,0.008,0.309,0.000,0.080,0.26,Difficult
1363,2025-08-08,ORD,LAX,0.013,0.728,0.213,0.100,0.26,Difficult
2465,2025-08-10,ORD,ORF,0.012,0.673,0.223,0.183,0.26,Difficult
2005,2025-08-12,ORD,TYS,0.004,0.243,0.053,0.077,0.25,Difficult
1996,2025-08-10,ORD,SJU,0.001,0.572,0.330,0.163,0.25,Difficult
445,2025-08-14,ORD,ANC,0.016,0.664,0.106,0.249,0.25,Difficult
2005,2025-08-08,ORD,TYS,0.013,0.247,0.000,0.120,0.25,Difficult
224,2025-08-10,ORD,BZN,0.001,0.604,0.245,0.206,0.25,Difficult
2465,2025-08-06,ORD,ORF,0.013,0.713,0.149,0.174,0.25,Difficult
359,2025-08-06,ORD,MEX,0.001,0.639,0.319,0.040,0.25,Difficult
2280,2025-08-10,ORD,MCO,0.020,0.842,0.128,0.000,0.25,Difficult
2657,2025-08-13,ORD,IAH,0.010,0.585,0.277,0.149,0.25,Difficult
3638,2025-08-02,ORD,CHS,0.003,0.928,0.043,0.029,0.25,Difficult
2683,2025-08-09,ORD,SAN,0.014,0.747,0.128,0.111,0.25,Difficult
3598,2025-08-13,ORD,SDF,0.003,0.297,0.000,0.049,0.25,Difficult
1215,2025-08-08,ORD,ANC,0.010,0.562,0.128,0.380,0.25,Difficult
1617,2025-08-13,ORD,PHL,0.013,0.598,0.213,0.203,0.25,Difficult
468,2025-08-08,ORD,IAH,0.002,0.625,0.287,0.080,0.25,Difficult
2337,2025-08-06,ORD,IAD,0.014,0.591,0.287,0.131,0.25,Difficult
2287,2025-08-02,ORD,SRQ,0.008,0.646,0.255,0.091,0.25,Difficult
1387,2025-08-12,ORD,SFO,0.013,0.543,0.362,0.083,0.25,Difficult
468,2025-08-06,ORD,IAH,0.002,0.601,0.362,0.011,0.25,Difficult
1215,2025-08-10,ORD,ANC,0.008,0.584,0.170,0.334,0.25,Difficult
416,2025-08-07,ORD,MXP,0.012,0.600,0.085,0.391,0.25,Difficult
1291,2025-08-09,ORD,IAH,0.012,0.678,0.160,0.240,0.25,Difficult
2113,2025-08-08,ORD,FSD,0.002,0.604,0.223,0.249,0.25,Difficult
1387,2025-08-07,ORD,SFO,0.002,0.605,0.330,0.134,0.25,Difficult
763,2025-08-02,ORD,PWM,0.011,0.860,0.043,0.097,0.25,Difficult
1577,2025-08-05,ORD,SFO,0.019,0.636,0.181,0.166,0.25,Difficult
980,2025-08-08,ORD,DUB,0.001,0.631,0.138,0.300,0.25,Difficult
5517,2025-08-12,ORD,PVD,0.006,0.283,0.000,0.071,0.25,Difficult
2011,2025-08-01,ORD,YVR,0.121,0.585,0.032,0.123,0.25,Difficult
1239,2025-08-05,ORD,ROC,0.012,0.636,0.213,0.197,0.25,Difficult
1403,2025-08-12,ORD,SLC,0.003,0.257,0.032,0.103,0.25,Difficult
2389,2025-08-02,ORD,RSW,0.011,0.792,0.149,0.049,0.25,Difficult
1485,2025-08-06,ORD,SEA,0.013,0.622,0.234,0.211,0.25,Difficult
416,2025-08-15,ORD,MXP,0.011,0.597,0.043,0.460,0.25,Difficult
980,2025-08-11,ORD,DUB,0.001,0.537,0.223,0.351,0.25,Difficult
378,2025-08-06,ORD,LAX,0.004,0.632,0.234,0.140,0.25,Difficult
1270,2025-08-02,ORD,PUJ,0.011,0.859,0.117,0.020,0.25,Difficult
533,2025-08-02,ORD,OMA,0.011,0.654,0.117,0.297,0.25,Difficult
1215,2025-08-04,ORD,ANC,0.010,0.575,0.170,0.360,0.25,Difficult
2011,2025-08-03,ORD,YVR,0.014,0.723,0.149,0.154,0.25,Difficult
2201,2025-08-07,ORD,MCO,0.011,0.689,0.202,0.134,0.25,Difficult
2672,2025-08-11,ORD,PNS,0.010,0.664,0.234,0.069,0.25,Difficult
2483,2025-08-15,ORD,IAH,0.064,0.552,0.138,0.186,0.25,Difficult
202,2025-08-02,ORD,OGG,0.003,0.803,0.000,0.240,0.25,Difficult
2226,2025-08-14,ORD,CLE,0.013,0.591,0.181,0.257,0.25,Difficult
3,2025-08-13,ORD,ZRH,0.009,0.522,0.191,0.349,0.25,Difficult
1198,2025-08-09,ORD,CUN,0.011,0.868,0.106,0.020,0.25,Difficult
5320,2025-08-06,ORD,MKE,0.009,0.262,0.021,0.051,0.25,Difficult
1387,2025-08-06,ORD,SFO,0.011,0.716,0.149,0.117,0.25,Difficult
1209,2025-08-06,ORD,EWR,0.010,0.573,0.351,0.069,0.25,Difficult
5269,2025-08-02,ORD,PIA,0.004,0.589,0.319,0.103,0.25,Difficult
576,2025-08-09,ORD,LAX,0.014,0.676,0.181,0.169,0.25,Difficult
1996,2025-08-02,ORD,SJU,0.002,0.668,0.277,0.114,0.25,Difficult
4590,2025-08-06,ORD,MDT,0.009,0.229,0.043,0.023,0.25,Difficult
378,2025-08-08,ORD,LAX,0.014,0.638,0.223,0.129,0.25,Difficult
3663,2025-08-10,ORD,BGR,0.007,0.218,0.043,0.077,0.25,Difficult
1584,2025-08-13,ORD,LAX,0.003,0.700,0.202,0.109,0.25,Difficult
1775,2025-08-09,ORD,FLL,0.013,0.756,0.149,0.100,0.25,Difficult
2337,2025-08-08,ORD,IAD,0.012,0.610,0.234,0.189,0.25,Difficult
1778,2025-08-13,ORD,OMA,0.017,0.378,0.447,0.206,0.25,Difficult
416,2025-08-02,ORD,MXP,0.003,0.611,0.064,0.514,0.25,Difficult
2099,2025-08-05,ORD,IAH,0.013,0.668,0.213,0.163,0.25,Difficult
2465,2025-08-15,ORD,ORF,0.013,0.579,0.223,0.206,0.25,Difficult
912,2025-08-03,ORD,KEF,0.008,0.531,0.223,0.291,0.25,Difficult
2201,2025-08-09,ORD,MCO,0.013,0.820,0.043,0.174,0.25,Difficult
1485,2025-08-12,ORD,SEA,0.012,0.624,0.234,0.191,0.25,Difficult
5122,2025-08-02,ORD,EAU,0.005,0.785,0.160,0.054,0.25,Difficult
1361,2025-08-12,ORD,STL,0.012,0.577,0.181,0.309,0.25,Difficult
622,2025-08-13,ORD,DEN,0.014,0.604,0.181,0.234,0.25,Difficult
1834,2025-08-02,ORD,TPA,0.009,0.814,0.096,0.111,0.25,Difficult
2657,2025-08-12,ORD,IAH,0.010,0.658,0.245,0.140,0.25,Difficult
1502,2025-08-09,ORD,RDU,0.013,0.686,0.138,0.249,0.25,Difficult
1659,2025-08-03,ORD,CUN,0.018,0.728,0.191,0.037,0.25,Difficult
721,2025-08-13,ORD,BOS,0.013,0.643,0.255,0.114,0.25,Difficult
1620,2025-08-01,ORD,SEA,0.001,0.602,0.298,0.157,0.25,Difficult
2254,2025-08-10,ORD,PDX,0.013,0.619,0.170,0.249,0.25,Difficult
660,2025-08-03,ORD,SAN,0.013,0.643,0.266,0.120,0.25,Difficult
5603,2025-08-01,ORD,FNT,0.005,0.676,0.266,0.111,0.25,Difficult
1363,2025-08-06,ORD,LAX,0.083,0.684,0.053,0.049,0.25,Difficult
1387,2025-08-01,ORD,SFO,0.008,0.610,0.234,0.166,0.25,Difficult
1030,2025-08-15,ORD,ABQ,0.010,0.205,0.074,0.071,0.25,Difficult
2337,2025-08-14,ORD,IAD,0.014,0.598,0.223,0.183,0.25,Difficult
758,2025-08-02,ORD,EWR,0.005,0.607,0.245,0.237,0.25,Difficult
5135,2025-08-10,ORD,MCW,0.003,0.251,0.011,0.049,0.25,Difficult
275,2025-08-13,ORD,RAP,0.001,0.559,0.330,0.160,0.25,Difficult
2672,2025-08-02,ORD,PNS,0.004,0.772,0.181,0.069,0.25,Difficult
1538,2025-08-03,ORD,SAV,0.007,0.776,0.170,0.071,0.25,Difficult
533,2025-08-13,ORD,OMA,0.087,0.476,0.160,0.183,0.25,Difficult
2665,2025-08-05,ORD,IAH,0.021,0.640,0.170,0.200,0.25,Difficult
1168,2025-08-02,ORD,SFO,0.017,0.678,0.128,0.231,0.25,Difficult
5135,2025-08-14,ORD,MCW,0.015,0.262,0.021,0.040,0.25,Difficult
980,2025-08-02,ORD,DUB,0.018,0.660,0.053,0.320,0.25,Difficult
763,2025-08-09,ORD,PWM,0.010,0.676,0.213,0.080,0.25,Difficult
5748,2025-08-09,ORD,YWG,0.014,0.676,0.234,0.114,0.25,Difficult
2629,2025-08-03,ORD,CLE,0.013,0.552,0.309,0.163,0.25,Difficult
2683,2025-08-08,ORD,SAN,0.013,0.657,0.191,0.126,0.25,Difficult
5435,2025-08-10,ORD,BDL,0.012,0.713,0.202,0.097,0.25,Difficult
1857,2025-08-10,ORD,MIA,0.010,0.742,0.170,0.111,0.25,Difficult
2329,2025-08-13,ORD,DTW,0.007,0.620,0.181,0.231,0.25,Difficult
1617,2025-08-09,ORD,PHL,0.011,0.599,0.181,0.260,0.25,Difficult
912,2025-08-08,ORD,KEF,0.008,0.568,0.170,0.311,0.25,Difficult
881,2025-08-14,ORD,HND,0.023,0.384,0.255,0.446,0.25,Difficult
1156,2025-08-13,ORD,MSY,0.012,0.187,0.053,0.063,0.25,Difficult
1899,2025-08-01,ORD,YYC,0.012,0.737,0.191,0.103,0.25,Difficult
5984,2025-08-05,ORD,BIL,0.007,0.684,0.223,0.091,0.25,Difficult
5538,2025-08-09,ORD,HSV,0.005,0.185,0.074,0.046,0.25,Difficult
1485,2025-08-15,ORD,SEA,0.012,0.567,0.245,0.197,0.25,Difficult
2684,2025-08-13,ORD,FCA,0.012,0.570,0.255,0.186,0.25,Difficult
2323,2025-08-07,ORD,MCO,0.001,0.741,0.128,0.160,0.25,Difficult
1803,2025-08-09,ORD,DEN,0.039,0.643,0.181,0.146,0.25,Difficult
980,2025-08-09,ORD,DUB,0.006,0.606,0.128,0.400,0.25,Difficult
1531,2025-08-14,ORD,DSM,0.011,0.594,0.234,0.231,0.25,Difficult
1580,2025-08-12,ORD,YVR,0.006,0.269,0.000,0.083,0.25,Difficult
2618,2025-08-08,ORD,STL,0.009,0.556,0.266,0.263,0.25,Difficult
980,2025-08-04,ORD,DUB,0.018,0.535,0.202,0.317,0.25,Difficult
2347,2025-08-14,ORD,CLE,0.013,0.617,0.213,0.183,0.25,Difficult
1485,2025-08-02,ORD,SEA,0.012,0.759,0.128,0.126,0.25,Difficult
2483,2025-08-06,ORD,IAH,0.005,0.588,0.309,0.151,0.25,Difficult
275,2025-08-10,ORD,RAP,0.013,0.643,0.213,0.186,0.25,Difficult
1538,2025-08-02,ORD,SAV,0.007,0.815,0.117,0.051,0.25,Difficult
909,2025-08-10,ORD,AMS,0.005,0.540,0.223,0.340,0.25,Difficult
2200,2025-08-01,ORD,SEA,0.013,0.670,0.191,0.180,0.25,Difficult
1010,2025-08-10,ORD,DCA,0.057,0.578,0.138,0.151,0.25,Difficult
2387,2025-08-10,ORD,MCO,0.001,0.878,0.064,0.083,0.25,Difficult
1485,2025-08-01,ORD,SEA,0.012,0.607,0.234,0.194,0.25,Difficult
5608,2025-08-02,ORD,GRB,0.005,0.839,0.043,0.109,0.25,Difficult
1996,2025-08-06,ORD,SJU,0.002,0.629,0.266,0.163,0.25,Difficult
5135,2025-08-03,ORD,MCW,0.010,0.251,0.043,0.026,0.25,Difficult
533,2025-08-06,ORD,OMA,0.009,0.509,0.277,0.317,0.25,Difficult
2378,2025-08-01,ORD,LAX,0.013,0.624,0.160,0.317,0.25,Difficult
5219,2025-08-08,ORD,GRB,0.156,0.578,0.000,0.011,0.25,Difficult
5977,2025-08-09,ORD,ICT,0.091,0.584,0.096,0.114,0.25,Difficult
708,2025-08-03,ORD,MCI,0.010,0.638,0.223,0.189,0.25,Difficult
1525,2025-08-02,ORD,AUS,0.009,0.789,0.096,0.123,0.25,Difficult
468,2025-08-11,ORD,IAH,0.002,0.649,0.298,0.051,0.25,Difficult
1923,2025-08-15,ORD,CID,0.011,0.556,0.234,0.311,0.25,Difficult
468,2025-08-07,ORD,IAH,0.002,0.594,0.404,0.023,0.25,Difficult
2211,2025-08-12,ORD,SEA,0.013,0.177,0.011,0.146,0.25,Difficult
1168,2025-08-06,ORD,SFO,0.014,0.640,0.191,0.151,0.25,Difficult
1996,2025-08-09,ORD,SJU,0.002,0.643,0.255,0.114,0.25,Difficult
1314,2025-08-14,ORD,IAH,0.014,0.545,0.298,0.137,0.25,Difficult
2649,2025-08-14,ORD,EWR,0.006,0.599,0.277,0.111,0.25,Difficult
2004,2025-08-08,ORD,SYR,0.009,0.676,0.191,0.171,0.25,Difficult
1361,2025-08-09,ORD,STL,0.004,0.573,0.223,0.326,0.25,Difficult
1599,2025-08-05,ORD,DEN,0.008,0.569,0.372,0.097,0.25,Difficult
5108,2025-08-12,ORD,SLN,0.004,0.283,0.043,0.031,0.25,Difficult
1491,2025-08-12,ORD,DFW,0.010,0.607,0.287,0.089,0.25,Difficult
5360,2025-08-02,ORD,MBS,0.012,0.599,0.319,0.054,0.25,Difficult
1612,2025-08-01,ORD,MEM,0.007,0.625,0.223,0.191,0.25,Difficult
1448,2025-08-05,ORD,BUF,0.009,0.659,0.213,0.123,0.25,Difficult
1538,2025-08-09,ORD,SAV,0.009,0.919,0.043,0.020,0.25,Difficult
5868,2025-08-12,ORD,YWG,0.004,0.182,0.106,0.086,0.25,Difficult
622,2025-08-06,ORD,DEN,0.014,0.649,0.117,0.260,0.25,Difficult
2483,2025-08-12,ORD,IAH,0.012,0.555,0.340,0.149,0.25,Difficult
1485,2025-08-07,ORD,SEA,0.013,0.601,0.223,0.229,0.25,Difficult
764,2025-08-02,ORD,YYC,0.015,0.750,0.128,0.140,0.25,Difficult
1082,2025-08-09,ORD,PIT,0.013,0.614,0.149,0.277,0.25,Difficult
938,2025-08-07,ORD,LHR,0.004,0.581,0.255,0.254,0.25,Difficult
3598,2025-08-11,ORD,SDF,0.008,0.326,0.000,0.011,0.25,Difficult
202,2025-08-09,ORD,OGG,0.003,0.826,0.064,0.186,0.25,Difficult
970,2025-08-01,ORD,FCO,0.016,0.656,0.128,0.303,0.25,Difficult
1834,2025-08-15,ORD,TPA,0.009,0.568,0.319,0.094,0.25,Difficult
2004,2025-08-12,ORD,SYR,0.012,0.516,0.383,0.114,0.25,Difficult
1834,2025-08-09,ORD,TPA,0.009,0.795,0.138,0.031,0.25,Difficult
1414,2025-08-09,ORD,BOI,0.013,0.701,0.223,0.111,0.25,Difficult
1710,2025-08-14,ORD,SMF,0.013,0.263,0.000,0.077,0.25,Difficult
1270,2025-08-11,ORD,PUJ,0.011,0.747,0.170,0.083,0.25,Difficult
1068,2025-08-11,ORD,IAD,0.001,0.614,0.234,0.180,0.25,Difficult
2629,2025-08-05,ORD,CLE,0.014,0.518,0.340,0.137,0.25,Difficult
1205,2025-08-03,ORD,EWR,0.013,0.601,0.277,0.100,0.25,Difficult
1872,2025-08-08,ORD,MSP,0.013,0.530,0.309,0.180,0.25,Difficult
1146,2025-08-08,ORD,MBJ,0.014,0.588,0.213,0.240,0.25,Difficult
2661,2025-08-15,ORD,LGA,0.027,0.663,0.245,0.049,0.25,Difficult
1387,2025-08-10,ORD,SFO,0.005,0.683,0.223,0.151,0.25,Difficult
1328,2025-08-13,ORD,SMF,0.013,0.540,0.277,0.260,0.25,Difficult
1740,2025-08-01,ORD,RSW,0.002,0.749,0.234,0.054,0.25,Difficult
786,2025-08-09,ORD,BTV,0.008,0.767,0.128,0.134,0.25,Difficult
2008,2025-08-07,ORD,MCO,0.013,0.780,0.074,0.211,0.25,Difficult
2649,2025-08-09,ORD,EWR,0.006,0.602,0.245,0.203,0.25,Difficult
1811,2025-08-09,ORD,MSP,0.012,0.627,0.053,0.414,0.25,Difficult
2200,2025-08-15,ORD,SEA,0.006,0.650,0.160,0.229,0.25,Difficult
1044,2025-08-10,ORD,LAX,0.001,0.696,0.160,0.240,0.25,Difficult
1215,2025-08-01,ORD,ANC,0.010,0.594,0.149,0.369,0.25,Difficult
1872,2025-08-11,ORD,MSP,0.013,0.552,0.181,0.234,0.24,Difficult
1328,2025-08-09,ORD,SMF,0.002,0.610,0.170,0.263,0.24,Difficult
1577,2025-08-01,ORD,SFO,0.009,0.652,0.138,0.146,0.24,Difficult
1811,2025-08-07,ORD,MSP,0.005,0.621,0.096,0.309,0.24,Difficult
1677,2025-08-15,ORD,BOS,0.015,0.588,0.223,0.083,0.24,Difficult
1198,2025-08-11,ORD,CUN,0.011,0.738,0.128,0.057,0.24,Difficult
5726,2025-08-03,ORD,TYS,0.010,0.752,0.106,0.089,0.24,Difficult
1168,2025-08-03,ORD,SFO,0.014,0.583,0.202,0.194,0.24,Difficult
307,2025-08-09,ORD,COS,0.010,0.651,0.128,0.149,0.24,Difficult
3523,2025-08-12,ORD,RIC,0.012,0.570,0.255,0.100,0.24,Difficult
980,2025-08-07,ORD,DUB,0.008,0.560,0.128,0.309,0.24,Difficult
5251,2025-08-12,ORD,ASE,0.001,0.209,0.043,0.031,0.24,Difficult
1741,2025-08-03,ORD,JAC,0.009,0.720,0.074,0.149,0.24,Difficult
1872,2025-08-12,ORD,MSP,0.031,0.505,0.223,0.171,0.24,Difficult
224,2025-08-02,ORD,BZN,0.007,0.755,0.064,0.177,0.24,Difficult
1584,2025-08-11,ORD,LAX,0.011,0.594,0.234,0.077,0.24,Difficult
881,2025-08-11,ORD,HND,0.007,0.379,0.266,0.414,0.24,Difficult
5100,2025-08-15,ORD,DEC,0.009,0.207,0.021,0.029,0.24,Difficult
5717,2025-08-13,ORD,DTW,0.000,0.660,0.149,0.140,0.24,Difficult
276,2025-08-11,ORD,IAD,0.014,0.689,0.096,0.206,0.24,Difficult
980,2025-08-13,ORD,DUB,0.002,0.586,0.128,0.343,0.24,Difficult
1361,2025-08-08,ORD,STL,0.010,0.663,0.043,0.274,0.24,Difficult
767,2025-08-08,ORD,DEN,0.014,0.621,0.074,0.271,0.24,Difficult
1270,2025-08-03,ORD,PUJ,0.013,0.795,0.043,0.089,0.24,Difficult
2862,2025-08-02,ORD,IAD,0.014,0.622,0.128,0.177,0.24,Difficult
2099,2025-08-06,ORD,IAH,0.038,0.582,0.181,0.151,0.24,Difficult
2201,2025-08-06,ORD,MCO,0.013,0.637,0.149,0.126,0.24,Difficult
5138,2025-08-09,ORD,MGW,0.011,0.196,0.000,0.020,0.24,Difficult
1584,2025-08-02,ORD,LAX,0.014,0.670,0.106,0.171,0.24,Difficult
980,2025-08-03,ORD,DUB,0.019,0.604,0.074,0.260,0.24,Difficult
342,2025-08-09,ORD,GCM,0.014,0.771,0.000,0.189,0.24,Difficult
445,2025-08-13,ORD,ANC,0.013,0.521,0.160,0.343,0.24,Difficult
2254,2025-08-02,ORD,PDX,0.011,0.621,0.106,0.220,0.24,Difficult
1135,2025-08-09,ORD,SJO,0.009,0.621,0.234,0.066,0.24,Difficult
2226,2025-08-11,ORD,CLE,0.011,0.619,0.064,0.314,0.24,Difficult
4186,2025-08-05,ORD,MLI,0.004,0.687,0.202,0.077,0.24,Difficult
4600,2025-08-08,ORD,XNA,0.009,0.632,0.213,0.137,0.24,Difficult
2280,2025-08-06,ORD,MCO,0.002,0.798,0.106,0.046,0.24,Difficult
2629,2025-08-11,ORD,CLE,0.011,0.540,0.234,0.171,0.24,Difficult
2616,2025-08-15,ORD,PDX,0.013,0.562,0.223,0.160,0.24,Difficult
1842,2025-08-01,ORD,SAN,0.012,0.657,0.085,0.271,0.24,Difficult
343,2025-08-12,ORD,SFO,0.000,0.694,0.202,0.049,0.24,Difficult
3638,2025-08-09,ORD,CHS,0.008,0.899,0.000,0.011,0.24,Difficult
1215,2025-08-06,ORD,ANC,0.010,0.539,0.149,0.294,0.24,Difficult
1270,2025-08-08,ORD,PUJ,0.014,0.689,0.160,0.074,0.24,Difficult
2665,2025-08-07,ORD,IAH,0.013,0.701,0.085,0.160,0.24,Difficult
2488,2025-08-08,ORD,LGA,0.046,0.584,0.213,0.017,0.24,Difficult
2497,2025-08-08,ORD,DTW,0.013,0.153,0.053,0.046,0.24,Difficult
2387,2025-08-03,ORD,MCO,0.013,0.795,0.085,0.026,0.24,Difficult
1599,2025-08-12,ORD,DEN,0.002,0.665,0.213,0.126,0.24,Difficult
980,2025-08-10,ORD,DUB,0.008,0.444,0.255,0.300,0.24,Difficult
1314,2025-08-13,ORD,IAH,0.014,0.529,0.266,0.123,0.24,Difficult
1594,2025-08-11,ORD,ABQ,0.007,0.633,0.202,0.137,0.24,Difficult
2661,2025-08-14,ORD,LGA,0.055,0.627,0.128,0.029,0.24,Difficult
2465,2025-08-08,ORD,ORF,0.013,0.588,0.160,0.197,0.24,Difficult
2389,2025-08-05,ORD,RSW,0.010,0.616,0.234,0.097,0.24,Difficult
380,2025-08-13,ORD,JAX,0.069,0.547,0.149,0.089,0.24,Difficult
576,2025-08-01,ORD,LAX,0.014,0.599,0.202,0.149,0.24,Difficult
721,2025-08-05,ORD,BOS,0.013,0.661,0.191,0.083,0.24,Difficult
2100,2025-08-06,ORD,SLC,0.012,0.673,0.074,0.191,0.24,Difficult
622,2025-08-08,ORD,DEN,0.014,0.604,0.181,0.154,0.24,Difficult
1803,2025-08-02,ORD,DEN,0.015,0.683,0.043,0.223,0.24,Difficult
3551,2025-08-05,ORD,SDF,0.008,0.225,0.011,0.040,0.24,Difficult
2862,2025-08-13,ORD,IAD,0.013,0.619,0.117,0.234,0.24,Difficult
2862,2025-08-01,ORD,IAD,0.013,0.579,0.266,0.117,0.24,Difficult
275,2025-08-09,ORD,RAP,0.012,0.690,0.053,0.200,0.24,Difficult
2201,2025-08-10,ORD,MCO,0.013,0.680,0.149,0.143,0.24,Difficult
5135,2025-08-11,ORD,MCW,0.010,0.229,0.000,0.026,0.24,Difficult
2200,2025-08-07,ORD,SEA,0.013,0.696,0.128,0.140,0.24,Difficult
769,2025-08-04,ORD,BCN,0.003,0.452,0.287,0.286,0.24,Difficult
2387,2025-08-09,ORD,MCO,0.002,0.719,0.191,0.020,0.24,Difficult
2483,2025-08-05,ORD,IAH,0.012,0.549,0.245,0.120,0.24,Difficult
2144,2025-08-09,ORD,YYZ,0.012,0.668,0.128,0.111,0.24,Difficult
2329,2025-08-03,ORD,DTW,0.005,0.577,0.181,0.226,0.24,Difficult
1577,2025-08-09,ORD,SFO,0.013,0.687,0.074,0.206,0.24,Difficult
2040,2025-08-02,ORD,DEN,0.009,0.643,0.085,0.306,0.24,Difficult
1314,2025-08-06,ORD,IAH,0.014,0.575,0.170,0.211,0.24,Difficult
1564,2025-08-01,ORD,MSP,0.009,0.555,0.149,0.263,0.24,Difficult
399,2025-08-09,ORD,BOS,0.012,0.634,0.202,0.114,0.24,Difficult
1617,2025-08-01,ORD,PHL,0.011,0.729,0.106,0.083,0.24,Difficult
2099,2025-08-12,ORD,IAH,0.008,0.573,0.245,0.123,0.24,Difficult
275,2025-08-01,ORD,RAP,0.013,0.523,0.277,0.117,0.24,Difficult
3,2025-08-05,ORD,ZRH,0.001,0.555,0.213,0.251,0.24,Difficult
503,2025-08-05,ORD,DEN,0.004,0.550,0.245,0.243,0.24,Difficult
1659,2025-08-08,ORD,CUN,0.014,0.707,0.181,0.017,0.24,Difficult
2665,2025-08-09,ORD,IAH,0.014,0.674,0.064,0.209,0.24,Difficult
5118,2025-08-02,ORD,PLN,0.008,0.708,0.138,0.069,0.24,Difficult
1830,2025-08-14,ORD,DSM,0.013,0.559,0.106,0.303,0.24,Difficult
791,2025-08-09,ORD,DEN,0.010,0.766,0.106,0.034,0.24,Difficult
1811,2025-08-12,ORD,MSP,0.012,0.552,0.106,0.351,0.24,Difficult
1531,2025-08-01,ORD,DSM,0.011,0.603,0.149,0.240,0.24,Difficult
4712,2025-08-12,ORD,ELP,0.002,0.211,0.000,0.089,0.24,Difficult
1377,2025-08-01,ORD,MYR,0.006,0.746,0.117,0.071,0.24,Difficult
1239,2025-08-06,ORD,ROC,0.010,0.559,0.170,0.220,0.24,Difficult
1823,2025-08-03,ORD,IAH,0.002,0.662,0.223,0.077,0.24,Difficult
2254,2025-08-11,ORD,PDX,0.013,0.556,0.202,0.257,0.24,Difficult
611,2025-08-07,ORD,SFO,0.002,0.608,0.181,0.203,0.24,Difficult
912,2025-08-07,ORD,KEF,0.008,0.438,0.245,0.317,0.24,Difficult
2254,2025-08-14,ORD,PDX,0.033,0.559,0.064,0.303,0.24,Difficult
503,2025-08-02,ORD,DEN,0.018,0.647,0.106,0.206,0.24,Difficult
224,2025-08-09,ORD,BZN,0.010,0.788,0.000,0.151,0.24,Difficult
1168,2025-08-09,ORD,SFO,0.014,0.657,0.117,0.174,0.24,Difficult
5135,2025-08-13,ORD,MCW,0.011,0.207,0.000,0.020,0.24,Difficult
1878,2025-08-02,ORD,SFO,0.013,0.719,0.106,0.140,0.24,Difficult
445,2025-08-04,ORD,ANC,0.004,0.503,0.234,0.237,0.24,Difficult
2011,2025-08-08,ORD,YVR,0.014,0.661,0.106,0.151,0.24,Difficult
293,2025-08-03,ORD,LGA,0.117,0.532,0.021,0.066,0.24,Difficult
2323,2025-08-08,ORD,MCO,0.012,0.738,0.064,0.103,0.24,Difficult
2144,2025-08-05,ORD,YYZ,0.011,0.599,0.223,0.077,0.24,Difficult
1599,2025-08-09,ORD,DEN,0.008,0.731,0.096,0.131,0.24,Difficult
3,2025-08-02,ORD,ZRH,0.013,0.564,0.128,0.306,0.24,Difficult
2683,2025-08-07,ORD,SAN,0.055,0.644,0.074,0.111,0.24,Difficult
1564,2025-08-04,ORD,MSP,0.010,0.647,0.138,0.220,0.24,Difficult
468,2025-08-02,ORD,IAH,0.011,0.649,0.202,0.066,0.24,Difficult
2401,2025-08-10,ORD,NAS,0.016,0.765,0.064,0.097,0.24,Difficult
5977,2025-08-08,ORD,ICT,0.012,0.577,0.255,0.077,0.24,Difficult
5269,2025-08-05,ORD,PIA,0.004,0.774,0.117,0.060,0.24,Difficult
1273,2025-08-07,ORD,SFO,0.004,0.601,0.223,0.103,0.24,Difficult
310,2025-08-02,ORD,MCI,0.011,0.603,0.021,0.389,0.24,Difficult
3551,2025-08-08,ORD,SDF,0.011,0.190,0.021,0.074,0.24,Difficult
2364,2025-08-13,ORD,CMH,0.014,0.525,0.255,0.189,0.24,Difficult
1923,2025-08-08,ORD,CID,0.011,0.661,0.117,0.217,0.24,Difficult
224,2025-08-11,ORD,BZN,0.001,0.647,0.106,0.217,0.24,Difficult
224,2025-08-05,ORD,BZN,0.007,0.614,0.170,0.154,0.24,Difficult
343,2025-08-08,ORD,SFO,0.013,0.651,0.149,0.140,0.24,Difficult
5289,2025-08-09,ORD,CRW,0.007,0.850,0.021,0.031,0.24,Difficult
576,2025-08-02,ORD,LAX,0.014,0.597,0.191,0.191,0.24,Difficult
1834,2025-08-05,ORD,TPA,0.009,0.726,0.128,0.051,0.24,Difficult
5601,2025-08-05,ORD,FNT,0.004,0.534,0.340,0.051,0.24,Difficult
1328,2025-08-06,ORD,SMF,0.013,0.597,0.181,0.217,0.24,Difficult
1878,2025-08-10,ORD,SFO,0.014,0.701,0.096,0.123,0.24,Difficult
2465,2025-08-01,ORD,ORF,0.013,0.652,0.149,0.177,0.24,Difficult
1740,2025-08-02,ORD,RSW,0.002,0.736,0.170,0.060,0.24,Difficult
1823,2025-08-02,ORD,IAH,0.002,0.654,0.202,0.071,0.24,Difficult
503,2025-08-09,ORD,DEN,0.009,0.708,0.117,0.114,0.24,Difficult
1314,2025-08-15,ORD,IAH,0.014,0.550,0.266,0.143,0.24,Difficult
970,2025-08-15,ORD,FCO,0.009,0.560,0.106,0.334,0.24,Difficult
468,2025-08-04,ORD,IAH,0.011,0.585,0.287,0.049,0.24,Difficult
1599,2025-08-01,ORD,DEN,0.001,0.687,0.202,0.049,0.24,Difficult
5836,2025-08-09,ORD,TYS,0.007,0.872,0.000,0.017,0.24,Difficult
1328,2025-08-14,ORD,SMF,0.013,0.529,0.255,0.183,0.24,Difficult
247,2025-08-11,ORD,OMA,0.011,0.570,0.223,0.117,0.24,Difficult
561,2025-08-01,ORD,MCI,0.013,0.646,0.117,0.151,0.24,Difficult
1564,2025-08-05,ORD,MSP,0.008,0.667,0.064,0.246,0.24,Difficult
1674,2025-08-10,ORD,AUA,0.017,0.668,0.170,0.120,0.24,Difficult
1620,2025-08-11,ORD,SEA,0.014,0.591,0.160,0.177,0.24,Difficult
2113,2025-08-09,ORD,FSD,0.001,0.546,0.191,0.286,0.24,Difficult
1387,2025-08-13,ORD,SFO,0.002,0.592,0.181,0.217,0.24,Difficult
1215,2025-08-03,ORD,ANC,0.008,0.552,0.074,0.380,0.24,Difficult
1996,2025-08-03,ORD,SJU,0.001,0.616,0.213,0.114,0.24,Difficult
2455,2025-08-09,ORD,SAV,0.002,0.671,0.160,0.109,0.24,Difficult
2176,2025-08-02,ORD,STT,0.012,0.719,0.096,0.151,0.24,Difficult
944,2025-08-12,ORD,FRA,0.002,0.391,0.234,0.460,0.24,Difficult
2254,2025-08-06,ORD,PDX,0.002,0.698,0.106,0.229,0.24,Difficult
1215,2025-08-12,ORD,ANC,0.010,0.525,0.117,0.423,0.24,Difficult
1564,2025-08-11,ORD,MSP,0.008,0.509,0.298,0.191,0.24,Difficult
1198,2025-08-05,ORD,CUN,0.006,0.823,0.064,0.049,0.24,Difficult
602,2025-08-05,ORD,PHX,0.011,0.625,0.202,0.166,0.24,Difficult
611,2025-08-10,ORD,SFO,0.002,0.610,0.245,0.063,0.24,Difficult
2106,2025-08-08,ORD,SFO,0.013,0.599,0.096,0.286,0.24,Difficult
2329,2025-08-15,ORD,DTW,0.058,0.530,0.170,0.160,0.24,Difficult
3,2025-08-06,ORD,ZRH,0.022,0.538,0.170,0.217,0.24,Difficult
416,2025-08-10,ORD,MXP,0.011,0.512,0.202,0.306,0.24,Difficult
2099,2025-08-08,ORD,IAH,0.013,0.546,0.245,0.191,0.24,Difficult
5125,2025-08-08,ORD,CMX,0.011,0.752,0.096,0.049,0.24,Difficult
1909,2025-08-03,ORD,TVC,0.030,0.704,0.000,0.211,0.24,Difficult
1525,2025-08-12,ORD,AUS,0.012,0.616,0.160,0.191,0.24,Difficult
1996,2025-08-05,ORD,SJU,0.002,0.692,0.160,0.091,0.24,Difficult
2226,2025-08-06,ORD,CLE,0.012,0.573,0.245,0.146,0.24,Difficult
944,2025-08-05,ORD,FRA,0.002,0.385,0.160,0.586,0.24,Difficult
600,2025-08-10,ORD,LAS,0.010,0.598,0.191,0.134,0.24,Difficult
310,2025-08-07,ORD,MCI,0.012,0.556,0.245,0.143,0.24,Difficult
5230,2025-08-13,ORD,CRW,0.002,0.599,0.287,0.071,0.24,Difficult
2100,2025-08-03,ORD,SLC,0.103,0.545,0.032,0.126,0.24,Difficult
2182,2025-08-14,ORD,PHL,0.007,0.603,0.245,0.083,0.24,Medium
3,2025-08-12,ORD,ZRH,0.009,0.499,0.223,0.246,0.24,Medium
2323,2025-08-01,ORD,MCO,0.013,0.692,0.117,0.126,0.24,Medium
1594,2025-08-01,ORD,ABQ,0.009,0.703,0.085,0.146,0.24,Medium
310,2025-08-09,ORD,MCI,0.012,0.594,0.117,0.334,0.24,Medium
1495,2025-08-01,ORD,TVC,0.013,0.680,0.117,0.189,0.24,Medium
2653,2025-08-10,ORD,RDU,0.011,0.598,0.191,0.126,0.24,Medium
2657,2025-08-08,ORD,IAH,0.010,0.573,0.213,0.134,0.24,Medium
1361,2025-08-02,ORD,STL,0.010,0.677,0.074,0.274,0.24,Medium
1879,2025-08-09,ORD,SJD,0.002,0.709,0.149,0.069,0.24,Medium
3,2025-08-04,ORD,ZRH,0.009,0.617,0.170,0.231,0.24,Medium
2683,2025-08-14,ORD,SAN,0.013,0.601,0.245,0.114,0.24,Medium
938,2025-08-13,ORD,LHR,0.010,0.626,0.149,0.169,0.24,Medium
2440,2025-08-03,ORD,LAS,0.015,0.576,0.138,0.220,0.24,Medium
2618,2025-08-14,ORD,STL,0.011,0.530,0.234,0.246,0.24,Medium
721,2025-08-08,ORD,BOS,0.011,0.643,0.202,0.066,0.24,Medium
3,2025-08-03,ORD,ZRH,0.009,0.617,0.117,0.231,0.24,Medium
359,2025-08-05,ORD,MEX,0.008,0.665,0.223,0.071,0.24,Medium
1946,2025-08-12,ORD,LGA,0.164,0.420,0.021,0.034,0.24,Medium
2008,2025-08-03,ORD,MCO,0.005,0.695,0.128,0.137,0.24,Medium
1168,2025-08-13,ORD,SFO,0.014,0.621,0.170,0.183,0.24,Medium
2323,2025-08-11,ORD,MCO,0.012,0.733,0.096,0.123,0.24,Medium
1659,2025-08-05,ORD,CUN,0.018,0.762,0.064,0.066,0.24,Medium
247,2025-08-07,ORD,OMA,0.002,0.665,0.074,0.249,0.24,Medium
1306,2025-08-09,ORD,TPA,0.002,0.750,0.128,0.074,0.24,Medium
1538,2025-08-08,ORD,SAV,0.007,0.780,0.074,0.051,0.24,Medium
3700,2025-08-02,ORD,BNA,0.110,0.541,0.043,0.074,0.24,Medium
2378,2025-08-08,ORD,LAX,0.013,0.616,0.096,0.303,0.24,Medium
2004,2025-08-11,ORD,SYR,0.009,0.589,0.170,0.183,0.24,Medium
1209,2025-08-15,ORD,EWR,0.013,0.631,0.138,0.149,0.24,Medium
1495,2025-08-05,ORD,TVC,0.013,0.236,0.000,0.029,0.24,Medium
1599,2025-08-11,ORD,DEN,0.008,0.614,0.202,0.149,0.24,Medium
763,2025-08-01,ORD,PWM,0.010,0.729,0.128,0.080,0.24,Medium
1304,2025-08-05,ORD,LAS,0.050,0.573,0.117,0.123,0.24,Medium
2254,2025-08-08,ORD,PDX,0.002,0.651,0.138,0.169,0.24,Medium
2370,2025-08-14,ORD,BOS,0.011,0.585,0.202,0.160,0.24,Medium
224,2025-08-13,ORD,BZN,0.036,0.624,0.096,0.203,0.24,Medium
1740,2025-08-03,ORD,RSW,0.002,0.759,0.128,0.080,0.24,Medium
769,2025-08-15,ORD,BCN,0.003,0.584,0.149,0.317,0.24,Medium
758,2025-08-05,ORD,EWR,0.064,0.607,0.106,0.071,0.24,Medium
1205,2025-08-12,ORD,EWR,0.013,0.649,0.191,0.089,0.24,Medium
763,2025-08-03,ORD,PWM,0.011,0.785,0.021,0.151,0.24,Medium
2378,2025-08-05,ORD,LAX,0.013,0.575,0.202,0.163,0.24,Medium
1620,2025-08-03,ORD,SEA,0.002,0.627,0.181,0.211,0.24,Medium
1599,2025-08-07,ORD,DEN,0.008,0.589,0.213,0.137,0.24,Medium
2347,2025-08-09,ORD,CLE,0.010,0.437,0.319,0.191,0.24,Medium
1923,2025-08-12,ORD,CID,0.010,0.599,0.106,0.286,0.24,Medium
310,2025-08-12,ORD,MCI,0.012,0.590,0.138,0.223,0.24,Medium
2370,2025-08-06,ORD,BOS,0.009,0.591,0.202,0.140,0.24,Medium
399,2025-08-07,ORD,BOS,0.009,0.660,0.181,0.117,0.24,Medium
5984,2025-08-09,ORD,BIL,0.001,0.785,0.085,0.103,0.24,Medium
445,2025-08-01,ORD,ANC,0.013,0.634,0.085,0.243,0.24,Medium
4613,2025-08-09,ORD,STL,0.007,0.567,0.234,0.123,0.24,Medium
2629,2025-08-13,ORD,CLE,0.013,0.576,0.234,0.109,0.24,Medium
490,2025-08-12,ORD,SAT,0.010,0.543,0.319,0.069,0.24,Medium
1830,2025-08-13,ORD,DSM,0.013,0.534,0.245,0.209,0.24,Medium
769,2025-08-07,ORD,BCN,0.001,0.573,0.085,0.369,0.24,Medium
5499,2025-08-13,ORD,SBN,0.003,0.272,0.000,0.014,0.24,Medium
660,2025-08-11,ORD,SAN,0.001,0.706,0.096,0.180,0.24,Medium
2323,2025-08-10,ORD,MCO,0.001,0.798,0.064,0.131,0.24,Medium
5607,2025-08-01,ORD,TUS,0.007,0.637,0.202,0.114,0.24,Medium
533,2025-08-11,ORD,OMA,0.001,0.581,0.106,0.329,0.24,Medium
1215,2025-08-14,ORD,ANC,0.010,0.548,0.117,0.369,0.24,Medium
1775,2025-08-06,ORD,FLL,0.013,0.716,0.138,0.043,0.24,Medium
5763,2025-08-08,ORD,TUL,0.012,0.663,0.170,0.054,0.24,Medium
1842,2025-08-02,ORD,SAN,0.012,0.706,0.096,0.194,0.24,Medium
3605,2025-08-09,ORD,HHH,0.004,0.856,0.064,0.011,0.24,Medium
1448,2025-08-02,ORD,BUF,0.009,0.677,0.128,0.186,0.24,Medium
767,2025-08-02,ORD,DEN,0.014,0.624,0.138,0.223,0.24,Medium
2144,2025-08-02,ORD,YYZ,0.012,0.590,0.266,0.109,0.24,Medium
1198,2025-08-04,ORD,CUN,0.013,0.722,0.170,0.031,0.24,Medium
1577,2025-08-02,ORD,SFO,0.009,0.643,0.170,0.174,0.24,Medium
533,2025-08-10,ORD,OMA,0.007,0.589,0.128,0.260,0.24,Medium
1328,2025-08-02,ORD,SMF,0.013,0.668,0.043,0.269,0.24,Medium
1525,2025-08-09,ORD,AUS,0.012,0.741,0.064,0.163,0.24,Medium
1921,2025-08-02,ORD,PLS,0.015,0.668,0.064,0.214,0.24,Medium
609,2025-08-12,ORD,PHX,0.013,0.494,0.309,0.151,0.24,Medium
2254,2025-08-15,ORD,PDX,0.004,0.589,0.191,0.200,0.24,Medium
1363,2025-08-09,ORD,LAX,0.013,0.654,0.202,0.077,0.24,Medium
5763,2025-08-15,ORD,TUL,0.012,0.527,0.330,0.091,0.24,Medium
4552,2025-08-05,ORD,DAY,0.007,0.665,0.149,0.111,0.24,Medium
660,2025-08-02,ORD,SAN,0.002,0.722,0.117,0.106,0.24,Medium
359,2025-08-10,ORD,MEX,0.010,0.570,0.319,0.057,0.24,Medium
611,2025-08-10,ORD,SFO,0.002,0.610,0.245,0.063,0.24,Medium
2195,2025-08-13,ORD,BDL,0.013,0.594,0.213,0.134,0.24,Medium
1377,2025-08-03,ORD,MYR,0.007,0.815,0.021,0.094,0.24,Medium
763,2025-08-11,ORD,PWM,0.012,0.716,0.149,0.100,0.24,Medium
310,2025-08-08,ORD,MCI,0.012,0.625,0.085,0.294,0.24,Medium
1634,2025-08-13,ORD,IAD,0.013,0.561,0.202,0.229,0.24,Medium
2207,2025-08-01,ORD,OMA,0.060,0.598,0.011,0.271,0.24,Medium
359,2025-08-09,ORD,MEX,0.010,0.585,0.234,0.137,0.24,Medium
3707,2025-08-14,ORD,IND,0.012,0.190,0.000,0.031,0.24,Medium
609,2025-08-10,ORD,PHX,0.015,0.567,0.255,0.106,0.24,Medium
5763,2025-08-05,ORD,TUL,0.012,0.706,0.160,0.049,0.24,Medium
3551,2025-08-15,ORD,SDF,0.008,0.218,0.011,0.043,0.24,Medium
276,2025-08-07,ORD,IAD,0.077,0.488,0.117,0.149,0.24,Medium
2389,2025-08-11,ORD,RSW,0.011,0.613,0.255,0.100,0.24,Medium
944,2025-08-11,ORD,FRA,0.010,0.346,0.319,0.400,0.24,Medium
1168,2025-08-08,ORD,SFO,0.014,0.608,0.138,0.194,0.24,Medium
622,2025-08-07,ORD,DEN,0.014,0.632,0.160,0.166,0.24,Medium
2337,2025-08-05,ORD,IAD,0.012,0.552,0.277,0.126,0.24,Medium
767,2025-08-07,ORD,DEN,0.014,0.583,0.096,0.280,0.24,Medium
2323,2025-08-03,ORD,MCO,0.010,0.777,0.043,0.077,0.23,Medium
5930,2025-08-14,ORD,FAR,0.002,0.545,0.309,0.060,0.23,Medium
5362,2025-08-14,ORD,MKE,0.005,0.621,0.149,0.109,0.23,Medium
2370,2025-08-11,ORD,BOS,0.011,0.579,0.160,0.160,0.23,Medium
1946,2025-08-15,ORD,LGA,0.008,0.611,0.202,0.031,0.23,Medium
2100,2025-08-08,ORD,SLC,0.012,0.594,0.096,0.169,0.23,Medium
1775,2025-08-10,ORD,FLL,0.012,0.716,0.085,0.080,0.23,Medium
2666,2025-08-07,ORD,DEN,0.002,0.610,0.138,0.157,0.23,Medium
1361,2025-08-13,ORD,STL,0.010,0.560,0.128,0.191,0.23,Medium
763,2025-08-12,ORD,PWM,0.004,0.683,0.128,0.117,0.23,Medium
1044,2025-08-15,ORD,LAX,0.001,0.601,0.128,0.214,0.23,Medium
1811,2025-08-10,ORD,MSP,0.012,0.542,0.128,0.223,0.23,Medium
2323,2025-08-06,ORD,MCO,0.001,0.760,0.053,0.120,0.23,Medium
2232,2025-08-08,ORD,MSP,0.015,0.450,0.255,0.140,0.23,Medium
1741,2025-08-09,ORD,JAC,0.008,0.690,0.053,0.134,0.23,Medium
5493,2025-08-13,ORD,ATW,0.004,0.654,0.128,0.140,0.23,Medium
1363,2025-08-02,ORD,LAX,0.013,0.692,0.106,0.077,0.23,Medium
1377,2025-08-04,ORD,MYR,0.039,0.729,0.011,0.077,0.23,Medium
1872,2025-08-15,ORD,MSP,0.013,0.556,0.128,0.220,0.23,Medium
721,2025-08-12,ORD,BOS,0.013,0.503,0.287,0.069,0.23,Medium
416,2025-08-08,ORD,MXP,0.011,0.472,0.149,0.277,0.23,Medium
5810,2025-08-05,ORD,PIA,0.004,0.785,0.043,0.086,0.23,Medium
307,2025-08-04,ORD,COS,0.010,0.603,0.106,0.160,0.23,Medium
1775,2025-08-12,ORD,FLL,0.011,0.579,0.160,0.106,0.23,Medium
5968,2025-08-02,ORD,ACK,0.007,0.828,0.000,0.009,0.23,Medium
5930,2025-08-03,ORD,FAR,0.029,0.708,0.000,0.091,0.23,Medium
1306,2025-08-10,ORD,TPA,0.011,0.637,0.138,0.094,0.23,Medium
1044,2025-08-09,ORD,LAX,0.001,0.622,0.106,0.177,0.23,Medium
2657,2025-08-09,ORD,IAH,0.010,0.619,0.138,0.117,0.23,Medium
2609,2025-08-07,ORD,SNA,0.012,0.746,0.043,0.074,0.23,Medium
490,2025-08-01,ORD,SAT,0.010,0.577,0.223,0.066,0.23,Medium
343,2025-08-09,ORD,SFO,0.008,0.694,0.074,0.131,0.23,Medium
5532,2025-08-08,ORD,MCI,0.008,0.684,0.064,0.114,0.23,Medium
5729,2025-08-04,ORD,FNT,0.005,0.556,0.266,0.080,0.23,Medium
3523,2025-08-08,ORD,RIC,0.012,0.722,0.021,0.091,0.23,Medium
1205,2025-08-10,ORD,EWR,0.013,0.588,0.149,0.109,0.23,Medium
3,2025-08-08,ORD,ZRH,0.009,0.623,0.106,0.203,0.23,Medium
1239,2025-08-11,ORD,ROC,0.012,0.520,0.213,0.149,0.23,Medium
5094,2025-08-01,ORD,RHI,0.006,0.785,0.000,0.066,0.23,Medium
721,2025-08-14,ORD,BOS,0.011,0.631,0.128,0.083,0.23,Medium
1775,2025-08-15,ORD,FLL,0.011,0.725,0.085,0.066,0.23,Medium
2133,2025-08-01,ORD,EWR,0.018,0.583,0.170,0.089,0.23,Medium
416,2025-08-03,ORD,MXP,0.001,0.447,0.202,0.300,0.23,Medium
1314,2025-08-07,ORD,IAH,0.014,0.613,0.170,0.111,0.23,Medium
356,2025-08-02,ORD,ATL,0.001,0.737,0.074,0.094,0.23,Medium
3,2025-08-14,ORD,ZRH,0.001,0.561,0.085,0.311,0.23,Medium
2254,2025-08-13,ORD,PDX,0.001,0.610,0.106,0.223,0.23,Medium
1564,2025-08-09,ORD,MSP,0.014,0.598,0.011,0.380,0.23,Medium
1923,2025-08-05,ORD,CID,0.010,0.690,0.000,0.243,0.23,Medium
1414,2025-08-08,ORD,BOI,0.018,0.585,0.160,0.074,0.23,Medium
1414,2025-08-14,ORD,BOI,0.012,0.567,0.213,0.100,0.23,Medium
1775,2025-08-02,ORD,FLL,0.012,0.692,0.096,0.097,0.23,Medium
1485,2025-08-09,ORD,SEA,0.009,0.638,0.085,0.183,0.23,Medium
1834,2025-08-01,ORD,TPA,0.012,0.667,0.064,0.131,0.23,Medium
1620,2025-08-07,ORD,SEA,0.002,0.619,0.160,0.163,0.23,Medium
4584,2025-08-01,ORD,TUL,0.005,0.610,0.160,0.077,0.23,Medium
1634,2025-08-14,ORD,IAD,0.012,0.512,0.191,0.180,0.23,Medium
2011,2025-08-02,ORD,YVR,0.014,0.665,0.074,0.149,0.23,Medium
1848,2025-08-02,ORD,ATL,0.016,0.674,0.096,0.086,0.23,Medium
2657,2025-08-02,ORD,IAH,0.010,0.567,0.202,0.074,0.23,Medium
5729,2025-08-03,ORD,FNT,0.005,0.665,0.117,0.089,0.23,Medium
1693,2025-08-02,ORD,DCA,0.016,0.632,0.138,0.086,0.23,Medium
5968,2025-08-03,ORD,ACK,0.007,0.785,0.043,0.020,0.23,Medium
3,2025-08-11,ORD,ZRH,0.009,0.578,0.043,0.286,0.23,Medium
1741,2025-08-01,ORD,JAC,0.009,0.724,0.000,0.143,0.23,Medium
2090,2025-08-07,ORD,MIA,0.001,0.627,0.213,0.031,0.23,Medium
4610,2025-08-09,ORD,XNA,0.012,0.785,0.021,0.074,0.23,Medium
4584,2025-08-02,ORD,TUL,0.006,0.654,0.128,0.097,0.23,Medium
2333,2025-08-11,ORD,BWI,0.007,0.558,0.170,0.169,0.23,Medium
1041,2025-08-15,ORD,GRR,0.017,0.486,0.245,0.169,0.23,Medium
1448,2025-08-08,ORD,BUF,0.009,0.586,0.170,0.086,0.23,Medium
1584,2025-08-09,ORD,LAX,0.004,0.695,0.074,0.117,0.23,Medium
533,2025-08-07,ORD,OMA,0.009,0.541,0.117,0.249,0.23,Medium
1477,2025-08-07,ORD,PHX,0.011,0.631,0.202,0.020,0.23,Medium
2113,2025-08-13,ORD,FSD,0.008,0.650,0.021,0.277,0.23,Medium
2137,2025-08-05,ORD,SLC,0.012,0.545,0.149,0.214,0.23,Medium
1306,2025-08-02,ORD,TPA,0.006,0.747,0.064,0.046,0.23,Medium
310,2025-08-10,ORD,MCI,0.010,0.543,0.181,0.143,0.23,Medium
2389,2025-08-01,ORD,RSW,0.012,0.646,0.149,0.083,0.23,Medium
2629,2025-08-08,ORD,CLE,0.014,0.570,0.160,0.126,0.23,Medium
5748,2025-08-13,ORD,YWG,0.008,0.621,0.149,0.103,0.23,Medium
2440,2025-08-02,ORD,LAS,0.015,0.604,0.096,0.166,0.23,Medium
1198,2025-08-13,ORD,CUN,0.001,0.756,0.085,0.031,0.23,Medium
938,2025-08-12,ORD,LHR,0.010,0.502,0.138,0.274,0.23,Medium
411,2025-08-09,ORD,DTW,0.008,0.443,0.266,0.163,0.23,Medium
1082,2025-08-14,ORD,PIT,0.011,0.556,0.191,0.180,0.23,Medium
881,2025-08-13,ORD,HND,0.007,0.356,0.138,0.531,0.23,Medium
1643,2025-08-07,ORD,SEA,0.001,0.683,0.074,0.134,0.23,Medium
503,2025-08-13,ORD,DEN,0.014,0.622,0.128,0.131,0.23,Medium
2862,2025-08-11,ORD,IAD,0.011,0.601,0.149,0.177,0.23,Medium
2387,2025-08-11,ORD,MCO,0.013,0.771,0.021,0.031,0.23,Medium
2071,2025-08-09,ORD,SAN,0.013,0.781,0.032,0.011,0.23,Medium
1920,2025-08-10,ORD,LAS,0.013,0.582,0.117,0.171,0.23,Medium
2385,2025-08-11,ORD,MSO,0.010,0.562,0.202,0.114,0.23,Medium
2225,2025-08-10,ORD,PHX,0.009,0.581,0.181,0.109,0.23,Medium
2207,2025-08-08,ORD,OMA,0.011,0.581,0.106,0.237,0.23,Medium
3655,2025-08-07,ORD,PIT,0.009,0.598,0.181,0.071,0.23,Medium
4529,2025-08-05,ORD,SGF,0.009,0.752,0.032,0.057,0.23,Medium
1659,2025-08-10,ORD,CUN,0.014,0.786,0.011,0.029,0.23,Medium
1941,2025-08-09,ORD,CVG,0.008,0.651,0.043,0.257,0.23,Medium
5395,2025-08-08,ORD,GSO,0.008,0.551,0.202,0.160,0.23,Medium
1361,2025-08-15,ORD,STL,0.012,0.539,0.149,0.217,0.23,Medium
764,2025-08-03,ORD,YYC,0.018,0.616,0.106,0.111,0.23,Medium
5729,2025-08-14,ORD,FNT,0.005,0.632,0.128,0.134,0.23,Medium
5499,2025-08-06,ORD,SBN,0.007,0.142,0.021,0.031,0.23,Medium
1414,2025-08-06,ORD,BOI,0.013,0.679,0.096,0.100,0.23,Medium
2226,2025-08-01,ORD,CLE,0.013,0.576,0.160,0.157,0.23,Medium
1100,2025-08-01,ORD,PDX,0.002,0.646,0.181,0.037,0.23,Medium
1848,2025-08-07,ORD,ATL,0.010,0.664,0.170,0.034,0.23,Medium
1314,2025-08-01,ORD,IAH,0.014,0.619,0.085,0.154,0.23,Medium
1387,2025-08-11,ORD,SFO,0.002,0.665,0.106,0.171,0.23,Medium
2488,2025-08-04,ORD,LGA,0.075,0.588,0.043,0.009,0.23,Medium
5905,2025-08-09,ORD,MTJ,0.013,0.749,0.032,0.043,0.23,Medium
1502,2025-08-08,ORD,RDU,0.012,0.546,0.202,0.140,0.23,Medium
2684,2025-08-08,ORD,FCA,0.007,0.677,0.064,0.169,0.23,Medium
1525,2025-08-10,ORD,AUS,0.010,0.741,0.000,0.117,0.23,Medium
576,2025-08-13,ORD,LAX,0.014,0.586,0.117,0.186,0.23,Medium
1811,2025-08-04,ORD,MSP,0.012,0.611,0.138,0.089,0.23,Medium
2071,2025-08-01,ORD,SAN,0.014,0.783,0.021,0.023,0.23,Medium
490,2025-08-07,ORD,SAT,0.010,0.551,0.255,0.071,0.23,Medium
2465,2025-08-02,ORD,ORF,0.013,0.716,0.011,0.206,0.23,Medium
2661,2025-08-01,ORD,LGA,0.013,0.781,0.021,0.000,0.23,Medium
1301,2025-08-02,ORD,ICT,0.007,0.625,0.032,0.314,0.23,Medium
1583,2025-08-09,ORD,BWI,0.014,0.539,0.106,0.240,0.23,Medium
4429,2025-08-08,ORD,FSD,0.008,0.545,0.191,0.117,0.23,Medium
1491,2025-08-07,ORD,DFW,0.010,0.612,0.117,0.180,0.23,Medium
3421,2025-08-13,ORD,ROC,0.012,0.577,0.160,0.160,0.23,Medium
938,2025-08-10,ORD,LHR,0.010,0.591,0.138,0.157,0.23,Medium
2137,2025-08-01,ORD,SLC,0.010,0.667,0.096,0.149,0.23,Medium
609,2025-08-03,ORD,PHX,0.015,0.594,0.149,0.151,0.23,Medium
2684,2025-08-05,ORD,FCA,0.013,0.735,0.000,0.097,0.23,Medium
1304,2025-08-02,ORD,LAS,0.013,0.637,0.117,0.123,0.23,Medium
378,2025-08-07,ORD,LAX,0.015,0.601,0.170,0.129,0.23,Medium
786,2025-08-13,ORD,BTV,0.008,0.589,0.138,0.214,0.23,Medium
609,2025-08-08,ORD,PHX,0.013,0.531,0.138,0.197,0.23,Medium
1495,2025-08-11,ORD,TVC,0.013,0.116,0.043,0.040,0.23,Medium
1168,2025-08-01,ORD,SFO,0.014,0.578,0.149,0.129,0.23,Medium
1301,2025-08-08,ORD,ICT,0.011,0.560,0.106,0.211,0.23,Medium
1421,2025-08-08,ORD,FLL,0.002,0.651,0.128,0.074,0.23,Medium
2629,2025-08-07,ORD,CLE,0.012,0.607,0.128,0.151,0.23,Medium
2100,2025-08-04,ORD,SLC,0.103,0.548,0.000,0.091,0.23,Medium
1414,2025-08-12,ORD,BOI,0.013,0.556,0.234,0.089,0.23,Medium
3468,2025-08-02,ORD,BGR,0.012,0.785,0.000,0.074,0.23,Medium
1775,2025-08-05,ORD,FLL,0.011,0.719,0.085,0.049,0.23,Medium
2465,2025-08-09,ORD,ORF,0.013,0.713,0.021,0.117,0.23,Medium
1659,2025-08-13,ORD,CUN,0.009,0.738,0.043,0.054,0.23,Medium
2684,2025-08-02,ORD,FCA,0.002,0.728,0.053,0.154,0.23,Medium
1996,2025-08-11,ORD,SJU,0.006,0.668,0.096,0.154,0.23,Medium
2100,2025-08-09,ORD,SLC,0.012,0.663,0.053,0.197,0.23,Medium
1531,2025-08-08,ORD,DSM,0.008,0.625,0.064,0.283,0.23,Medium
1634,2025-08-12,ORD,IAD,0.012,0.570,0.096,0.209,0.23,Medium
1620,2025-08-06,ORD,SEA,0.002,0.646,0.096,0.223,0.23,Medium
5988,2025-08-11,ORD,BWI,0.012,0.555,0.117,0.200,0.23,Medium
416,2025-08-04,ORD,MXP,0.012,0.546,0.064,0.374,0.23,Medium
4739,2025-08-08,ORD,GRB,0.007,0.730,0.021,0.129,0.23,Medium
1502,2025-08-15,ORD,RDU,0.015,0.579,0.064,0.260,0.23,Medium
786,2025-08-03,ORD,BTV,0.008,0.694,0.043,0.149,0.23,Medium
2483,2025-08-14,ORD,IAH,0.006,0.573,0.170,0.174,0.23,Medium
5763,2025-08-12,ORD,TUL,0.003,0.555,0.277,0.086,0.23,Medium
1830,2025-08-15,ORD,DSM,0.008,0.545,0.234,0.120,0.23,Medium
2616,2025-08-08,ORD,PDX,0.014,0.571,0.128,0.177,0.23,Medium
2683,2025-08-02,ORD,SAN,0.013,0.744,0.032,0.100,0.23,Medium
3468,2025-08-03,ORD,BGR,0.012,0.692,0.064,0.103,0.23,Medium
2133,2025-08-03,ORD,EWR,0.018,0.546,0.213,0.117,0.23,Medium
1304,2025-08-07,ORD,LAS,0.013,0.622,0.074,0.157,0.23,Medium
1620,2025-08-10,ORD,SEA,0.014,0.589,0.085,0.257,0.23,Medium
503,2025-08-11,ORD,DEN,0.014,0.538,0.213,0.091,0.23,Medium
1909,2025-08-01,ORD,TVC,0.012,0.622,0.053,0.211,0.23,Medium
5763,2025-08-09,ORD,TUL,0.000,0.637,0.149,0.100,0.23,Medium
3,2025-08-15,ORD,ZRH,0.002,0.649,0.043,0.277,0.23,Medium
791,2025-08-04,ORD,DEN,0.002,0.572,0.234,0.040,0.23,Medium
1921,2025-08-09,ORD,PLS,0.015,0.561,0.181,0.117,0.23,Medium
2290,2025-08-05,ORD,DFW,0.010,0.620,0.117,0.149,0.23,Medium
2488,2025-08-01,ORD,LGA,0.048,0.624,0.117,0.020,0.23,Medium
2389,2025-08-06,ORD,RSW,0.012,0.631,0.138,0.066,0.23,Medium
468,2025-08-09,ORD,IAH,0.002,0.613,0.191,0.040,0.23,Medium
378,2025-08-01,ORD,LAX,0.004,0.597,0.181,0.103,0.23,Medium
2182,2025-08-01,ORD,PHL,0.041,0.650,0.053,0.066,0.23,Medium
1306,2025-08-15,ORD,TPA,0.002,0.738,0.106,0.006,0.23,Medium
721,2025-08-07,ORD,BOS,0.011,0.674,0.096,0.111,0.23,Medium
343,2025-08-03,ORD,SFO,0.009,0.650,0.117,0.086,0.23,Medium
1044,2025-08-07,ORD,LAX,0.002,0.649,0.117,0.117,0.23,Medium
2099,2025-08-07,ORD,IAH,0.008,0.616,0.096,0.169,0.23,Medium
5219,2025-08-15,ORD,GRB,0.004,0.741,0.043,0.091,0.23,Medium
1830,2025-08-04,ORD,DSM,0.013,0.520,0.191,0.191,0.23,Medium
2113,2025-08-11,ORD,FSD,0.014,0.488,0.191,0.183,0.23,Medium
2618,2025-08-12,ORD,STL,0.008,0.512,0.096,0.329,0.23,Medium
2343,2025-08-03,ORD,IND,0.013,0.503,0.128,0.340,0.23,Medium
2665,2025-08-01,ORD,IAH,0.013,0.625,0.011,0.269,0.23,Medium
1306,2025-08-11,ORD,TPA,0.011,0.643,0.128,0.134,0.23,Medium
5668,2025-08-14,ORD,MKE,0.012,0.556,0.202,0.091,0.23,Medium
938,2025-08-15,ORD,LHR,0.005,0.587,0.117,0.194,0.23,Medium
3498,2025-08-09,ORD,CVG,0.012,0.770,0.000,0.074,0.23,Medium
3568,2025-08-05,ORD,YYZ,0.010,0.570,0.245,0.060,0.23,Medium
1842,2025-08-09,ORD,SAN,0.012,0.646,0.043,0.234,0.23,Medium
1740,2025-08-08,ORD,RSW,0.002,0.614,0.181,0.077,0.23,Medium
2389,2025-08-10,ORD,RSW,0.012,0.664,0.106,0.069,0.23,Medium
399,2025-08-01,ORD,BOS,0.012,0.630,0.170,0.083,0.23,Medium
786,2025-08-14,ORD,BTV,0.009,0.585,0.160,0.131,0.23,Medium
1168,2025-08-07,ORD,SFO,0.014,0.583,0.170,0.143,0.23,Medium
2323,2025-08-05,ORD,MCO,0.002,0.752,0.021,0.149,0.23,Medium
1168,2025-08-12,ORD,SFO,0.014,0.640,0.064,0.149,0.23,Medium
1584,2025-08-14,ORD,LAX,0.014,0.567,0.128,0.197,0.23,Medium
1328,2025-08-07,ORD,SMF,0.013,0.534,0.170,0.177,0.23,Medium
356,2025-08-03,ORD,ATL,0.008,0.564,0.202,0.149,0.23,Medium
286,2025-08-13,ORD,CLE,0.001,0.518,0.255,0.154,0.23,Medium
1448,2025-08-06,ORD,BUF,0.009,0.564,0.202,0.154,0.23,Medium
764,2025-08-10,ORD,YYC,0.012,0.707,0.043,0.083,0.23,Medium
5337,2025-08-15,ORD,ROA,0.012,0.559,0.213,0.086,0.23,Medium
622,2025-08-03,ORD,DEN,0.014,0.617,0.106,0.131,0.23,Medium
5521,2025-08-15,ORD,ATW,0.007,0.610,0.170,0.083,0.23,Medium
2004,2025-08-15,ORD,SYR,0.012,0.556,0.138,0.240,0.23,Medium
1306,2025-08-08,ORD,TPA,0.010,0.637,0.138,0.051,0.23,Medium
1377,2025-08-06,ORD,MYR,0.007,0.729,0.085,0.077,0.23,Medium
1909,2025-08-02,ORD,TVC,0.010,0.630,0.064,0.257,0.23,Medium
1328,2025-08-05,ORD,SMF,0.013,0.567,0.117,0.214,0.23,Medium
5470,2025-08-13,ORD,GEG,0.013,0.641,0.106,0.097,0.23,Medium
786,2025-08-05,ORD,BTV,0.008,0.661,0.085,0.120,0.23,Medium
2254,2025-08-07,ORD,PDX,0.006,0.621,0.064,0.220,0.23,Medium
3468,2025-08-11,ORD,BGR,0.012,0.713,0.043,0.117,0.23,Medium
1923,2025-08-14,ORD,CID,0.113,0.348,0.149,0.149,0.23,Medium
1584,2025-08-12,ORD,LAX,0.014,0.613,0.128,0.160,0.23,Medium
1328,2025-08-08,ORD,SMF,0.013,0.628,0.096,0.166,0.23,Medium
1139,2025-08-07,ORD,DSM,0.012,0.616,0.043,0.263,0.23,Medium
2004,2025-08-14,ORD,SYR,0.012,0.621,0.085,0.186,0.23,Medium
490,2025-08-09,ORD,SAT,0.010,0.616,0.149,0.114,0.23,Medium
1306,2025-08-03,ORD,TPA,0.011,0.765,0.043,0.051,0.23,Medium
2618,2025-08-13,ORD,STL,0.001,0.534,0.117,0.271,0.23,Medium
602,2025-08-07,ORD,PHX,0.013,0.564,0.138,0.177,0.23,Medium
6004,2025-08-12,ORD,SUN,0.001,0.154,0.000,0.029,0.23,Medium
4186,2025-08-04,ORD,MLI,0.004,0.589,0.213,0.094,0.23,Medium
4529,2025-08-10,ORD,SGF,0.009,0.654,0.128,0.097,0.23,Medium
758,2025-08-01,ORD,EWR,0.013,0.549,0.266,0.040,0.23,Medium
4482,2025-08-05,ORD,TUL,0.007,0.643,0.160,0.046,0.23,Medium
533,2025-08-05,ORD,OMA,0.000,0.661,0.021,0.286,0.23,Medium
1168,2025-08-10,ORD,SFO,0.014,0.646,0.021,0.197,0.23,Medium
2483,2025-08-02,ORD,IAH,0.014,0.570,0.170,0.177,0.23,Medium
1594,2025-08-07,ORD,ABQ,0.007,0.620,0.138,0.097,0.23,Medium
2862,2025-08-15,ORD,IAD,0.013,0.503,0.266,0.120,0.23,Medium
980,2025-08-01,ORD,DUB,0.004,0.562,0.181,0.217,0.23,Medium
786,2025-08-01,ORD,BTV,0.008,0.625,0.117,0.117,0.23,Medium
5447,2025-08-02,ORD,PVD,0.008,0.715,0.106,0.051,0.23,Medium
1314,2025-08-12,ORD,IAH,0.014,0.550,0.160,0.194,0.23,Medium
1815,2025-08-09,ORD,MSY,0.011,0.654,0.096,0.091,0.23,Medium
2378,2025-08-07,ORD,LAX,0.013,0.564,0.117,0.237,0.23,Medium
2387,2025-08-02,ORD,MCO,0.002,0.847,0.011,0.020,0.23,Medium
1872,2025-08-14,ORD,MSP,0.013,0.599,0.021,0.314,0.23,Medium
3523,2025-08-06,ORD,RIC,0.012,0.627,0.149,0.106,0.23,Medium
2369,2025-08-03,ORD,AUS,0.012,0.647,0.096,0.140,0.23,Medium
912,2025-08-14,ORD,KEF,0.008,0.484,0.085,0.449,0.23,Medium
1291,2025-08-10,ORD,IAH,0.012,0.591,0.128,0.163,0.23,Medium
2287,2025-08-09,ORD,SRQ,0.001,0.737,0.053,0.069,0.23,Medium
2653,2025-08-02,ORD,RDU,0.010,0.671,0.074,0.143,0.23,Medium
2672,2025-08-07,ORD,PNS,0.001,0.629,0.170,0.077,0.23,Medium
4748,2025-08-14,ORD,ATW,0.156,0.392,0.043,0.069,0.23,Medium
5930,2025-08-08,ORD,FAR,0.006,0.730,0.064,0.094,0.23,Medium
2465,2025-08-12,ORD,ORF,0.013,0.524,0.181,0.194,0.23,Medium
1068,2025-08-05,ORD,IAD,0.001,0.611,0.149,0.106,0.23,Medium
1041,2025-08-12,ORD,GRR,0.012,0.491,0.223,0.140,0.23,Medium
1923,2025-08-02,ORD,CID,0.007,0.568,0.106,0.283,0.23,Medium
2137,2025-08-10,ORD,SLC,0.013,0.614,0.117,0.197,0.23,Medium
247,2025-08-08,ORD,OMA,0.011,0.570,0.138,0.163,0.23,Medium
2684,2025-08-06,ORD,FCA,0.015,0.661,0.085,0.143,0.23,Medium
5593,2025-08-01,ORD,MEM,0.010,0.613,0.181,0.080,0.23,Medium
2254,2025-08-12,ORD,PDX,0.002,0.534,0.128,0.289,0.23,Medium
2329,2025-08-01,ORD,DTW,0.013,0.501,0.202,0.166,0.23,Medium
1842,2025-08-08,ORD,SAN,0.012,0.662,0.000,0.229,0.23,Medium
721,2025-08-03,ORD,BOS,0.011,0.698,0.117,0.063,0.23,Medium
2225,2025-08-05,ORD,PHX,0.013,0.570,0.234,0.083,0.23,Medium
2008,2025-08-15,ORD,MCO,0.013,0.652,0.096,0.160,0.23,Medium
1377,2025-08-05,ORD,MYR,0.006,0.741,0.064,0.029,0.23,Medium
2251,2025-08-13,ORD,PIT,0.011,0.556,0.138,0.186,0.23,Medium
1495,2025-08-02,ORD,TVC,0.013,0.649,0.096,0.100,0.23,Medium
2004,2025-08-05,ORD,SYR,0.012,0.534,0.234,0.114,0.23,Medium
2333,2025-08-01,ORD,BWI,0.005,0.591,0.170,0.106,0.23,Medium
1823,2025-08-11,ORD,IAH,0.002,0.572,0.309,0.017,0.23,Medium
2657,2025-08-07,ORD,IAH,0.010,0.561,0.170,0.131,0.23,Medium
1239,2025-08-02,ORD,ROC,0.007,0.676,0.043,0.166,0.23,Medium
1599,2025-08-03,ORD,DEN,0.008,0.659,0.064,0.171,0.23,Medium
1041,2025-08-06,ORD,GRR,0.012,0.560,0.170,0.140,0.23,Medium
468,2025-08-05,ORD,IAH,0.013,0.625,0.191,0.029,0.23,Medium
5729,2025-08-06,ORD,FNT,0.005,0.599,0.202,0.106,0.23,Medium
307,2025-08-11,ORD,COS,0.011,0.573,0.170,0.146,0.23,Medium
1811,2025-08-14,ORD,MSP,0.012,0.568,0.106,0.269,0.23,Medium
1857,2025-08-08,ORD,MIA,0.010,0.765,0.021,0.106,0.23,Medium
2337,2025-08-10,ORD,IAD,0.010,0.622,0.138,0.083,0.23,Medium
1502,2025-08-06,ORD,RDU,0.015,0.585,0.106,0.174,0.23,Medium
411,2025-08-07,ORD,DTW,0.009,0.551,0.149,0.191,0.23,Medium
467,2025-08-10,ORD,CMH,0.011,0.559,0.117,0.229,0.23,Medium
2137,2025-08-02,ORD,SLC,0.012,0.638,0.085,0.120,0.23,Medium
2040,2025-08-05,ORD,DEN,0.012,0.668,0.064,0.186,0.23,Medium
1146,2025-08-02,ORD,MBJ,0.006,0.673,0.074,0.174,0.23,Medium
912,2025-08-09,ORD,KEF,0.008,0.506,0.170,0.300,0.23,Medium
600,2025-08-02,ORD,LAS,0.011,0.652,0.074,0.160,0.23,Medium
2100,2025-08-12,ORD,SLC,0.009,0.611,0.085,0.189,0.23,Medium
1634,2025-08-09,ORD,IAD,0.009,0.616,0.117,0.186,0.23,Medium
1314,2025-08-03,ORD,IAH,0.014,0.572,0.138,0.137,0.23,Medium
1878,2025-08-15,ORD,SFO,0.013,0.591,0.160,0.074,0.23,Medium
533,2025-08-09,ORD,OMA,0.009,0.599,0.021,0.363,0.23,Medium
4789,2025-08-04,ORD,FAR,0.008,0.512,0.287,0.106,0.23,Medium
1620,2025-08-05,ORD,SEA,0.002,0.597,0.202,0.143,0.23,Medium
4597,2025-08-01,ORD,ROA,0.001,0.763,0.021,0.083,0.23,Medium
1975,2025-08-14,ORD,ATL,0.001,0.586,0.213,0.060,0.23,Medium
3569,2025-08-07,ORD,DTW,0.010,0.598,0.202,0.083,0.23,Medium
2040,2025-08-11,ORD,DEN,0.010,0.607,0.096,0.183,0.23,Medium
5420,2025-08-07,ORD,MLI,0.007,0.730,0.064,0.034,0.23,Medium
503,2025-08-12,ORD,DEN,0.018,0.552,0.160,0.163,0.23,Medium
2200,2025-08-02,ORD,SEA,0.010,0.653,0.128,0.106,0.23,Medium
416,2025-08-09,ORD,MXP,0.012,0.508,0.117,0.357,0.23,Medium
1270,2025-08-04,ORD,PUJ,0.011,0.719,0.021,0.120,0.23,Medium
2182,2025-08-09,ORD,PHL,0.004,0.719,0.043,0.094,0.23,Medium
1304,2025-08-08,ORD,LAS,0.009,0.625,0.085,0.211,0.23,Medium
4391,2025-08-09,ORD,SGF,0.007,0.643,0.106,0.154,0.23,Medium
1643,2025-08-05,ORD,SEA,0.008,0.728,0.138,0.003,0.23,Medium
307,2025-08-15,ORD,COS,0.010,0.638,0.149,0.094,0.23,Medium
224,2025-08-15,ORD,BZN,0.011,0.673,0.000,0.263,0.23,Medium
1414,2025-08-03,ORD,BOI,0.012,0.707,0.064,0.091,0.23,Medium
1803,2025-08-05,ORD,DEN,0.001,0.586,0.223,0.071,0.23,Medium
2494,2025-08-09,ORD,MCI,0.001,0.570,0.000,0.489,0.23,Medium
1634,2025-08-10,ORD,IAD,0.012,0.527,0.213,0.154,0.23,Medium
2653,2025-08-01,ORD,RDU,0.011,0.619,0.128,0.151,0.23,Medium
5360,2025-08-04,ORD,MBS,0.015,0.567,0.202,0.066,0.23,Medium
1620,2025-08-02,ORD,SEA,0.005,0.684,0.064,0.149,0.23,Medium
2177,2025-08-03,ORD,MSN,0.008,0.594,0.138,0.137,0.23,Medium
2280,2025-08-03,ORD,MCO,0.002,0.796,0.074,0.029,0.23,Medium
1239,2025-08-03,ORD,ROC,0.014,0.589,0.160,0.151,0.23,Medium
2672,2025-08-01,ORD,PNS,0.012,0.746,0.085,0.037,0.23,Medium
2455,2025-08-04,ORD,SAV,0.002,0.710,0.096,0.043,0.23,Medium
1215,2025-08-05,ORD,ANC,0.010,0.565,0.021,0.354,0.23,Medium
1068,2025-08-01,ORD,IAD,0.001,0.630,0.170,0.134,0.23,Medium
2401,2025-08-02,ORD,NAS,0.016,0.676,0.106,0.069,0.23,Medium
2657,2025-08-01,ORD,IAH,0.010,0.531,0.213,0.134,0.23,Medium
1674,2025-08-02,ORD,AUA,0.018,0.686,0.128,0.046,0.23,Medium
938,2025-08-03,ORD,LHR,0.010,0.493,0.245,0.117,0.23,Medium
1239,2025-08-08,ORD,ROC,0.012,0.534,0.149,0.200,0.23,Medium
2113,2025-08-03,ORD,FSD,0.048,0.573,0.064,0.183,0.23,Medium
786,2025-08-06,ORD,BTV,0.008,0.763,0.000,0.114,0.23,Medium
1448,2025-08-12,ORD,BUF,0.012,0.590,0.128,0.177,0.23,Medium
1564,2025-08-02,ORD,MSP,0.014,0.588,0.106,0.189,0.23,Medium
2389,2025-08-07,ORD,RSW,0.012,0.655,0.149,0.071,0.23,Medium
2337,2025-08-09,ORD,IAD,0.012,0.558,0.213,0.123,0.23,Medium
5874,2025-08-09,ORD,PIA,0.007,0.752,0.053,0.066,0.23,Medium
2092,2025-08-07,ORD,LGA,0.003,0.637,0.213,0.054,0.23,Medium
307,2025-08-13,ORD,COS,0.007,0.486,0.287,0.120,0.23,Medium
1328,2025-08-10,ORD,SMF,0.013,0.599,0.128,0.203,0.23,Medium
767,2025-08-01,ORD,DEN,0.014,0.591,0.064,0.269,0.23,Medium
247,2025-08-06,ORD,OMA,0.011,0.563,0.149,0.140,0.23,Medium
1923,2025-08-01,ORD,CID,0.007,0.592,0.053,0.326,0.23,Medium
622,2025-08-01,ORD,DEN,0.014,0.598,0.117,0.180,0.23,Medium
2653,2025-08-03,ORD,RDU,0.010,0.658,0.085,0.103,0.23,Medium
5437,2025-08-11,ORD,DLH,0.009,0.512,0.245,0.131,0.23,Medium
3409,2025-08-02,ORD,YOW,0.016,0.598,0.191,0.074,0.23,Medium
1815,2025-08-05,ORD,MSY,0.011,0.643,0.074,0.191,0.23,Medium
2337,2025-08-13,ORD,IAD,0.012,0.652,0.096,0.120,0.23,Medium
399,2025-08-02,ORD,BOS,0.012,0.640,0.138,0.120,0.23,Medium
1909,2025-08-13,ORD,TVC,0.013,0.454,0.234,0.186,0.23,Medium
2008,2025-08-14,ORD,MCO,0.013,0.680,0.074,0.100,0.23,Medium
576,2025-08-08,ORD,LAX,0.014,0.654,0.074,0.154,0.23,Medium
1823,2025-08-06,ORD,IAH,0.010,0.605,0.191,0.054,0.23,Medium
763,2025-08-04,ORD,PWM,0.010,0.634,0.106,0.100,0.23,Medium
5437,2025-08-05,ORD,DLH,0.010,0.621,0.170,0.074,0.23,Medium
5841,2025-08-03,ORD,MEM,0.037,0.668,0.032,0.126,0.23,Medium
561,2025-08-03,ORD,MCI,0.020,0.575,0.149,0.109,0.23,Medium
224,2025-08-12,ORD,BZN,0.008,0.630,0.043,0.226,0.23,Medium
5601,2025-08-06,ORD,FNT,0.004,0.578,0.213,0.051,0.23,Medium
587,2025-08-09,ORD,YUL,0.014,0.667,0.043,0.220,0.23,Medium
1946,2025-08-05,ORD,LGA,0.164,0.342,0.085,0.034,0.23,Medium
1291,2025-08-03,ORD,IAH,0.012,0.594,0.191,0.109,0.23,Medium
3440,2025-08-01,ORD,YYZ,0.001,0.598,0.213,0.086,0.23,Medium
2385,2025-08-08,ORD,MSO,0.014,0.575,0.117,0.180,0.23,Medium
2389,2025-08-08,ORD,RSW,0.012,0.585,0.191,0.089,0.23,Medium
1304,2025-08-04,ORD,LAS,0.013,0.631,0.106,0.154,0.23,Medium
1851,2025-08-08,ORD,ALB,0.008,0.659,0.160,0.074,0.23,Medium
4185,2025-08-12,ORD,STL,0.001,0.403,0.362,0.117,0.23,Medium
1693,2025-08-09,ORD,DCA,0.026,0.574,0.106,0.154,0.23,Medium
1830,2025-08-08,ORD,DSM,0.008,0.549,0.149,0.249,0.23,Medium
2370,2025-08-09,ORD,BOS,0.011,0.655,0.043,0.183,0.23,Medium
660,2025-08-01,ORD,SAN,0.005,0.619,0.149,0.123,0.23,Medium
2226,2025-08-05,ORD,CLE,0.011,0.546,0.117,0.303,0.23,Medium
293,2025-08-14,ORD,LGA,0.011,0.640,0.149,0.040,0.23,Medium
2665,2025-08-02,ORD,IAH,0.004,0.671,0.021,0.291,0.23,Medium
2455,2025-08-02,ORD,SAV,0.002,0.744,0.064,0.051,0.23,Medium
411,2025-08-11,ORD,DTW,0.009,0.508,0.245,0.166,0.23,Medium
2008,2025-08-11,ORD,MCO,0.013,0.699,0.074,0.114,0.23,Medium
1485,2025-08-14,ORD,SEA,0.007,0.548,0.149,0.246,0.23,Medium
767,2025-08-06,ORD,DEN,0.014,0.602,0.117,0.191,0.23,Medium
1811,2025-08-05,ORD,MSP,0.012,0.539,0.117,0.269,0.23,Medium
1577,2025-08-13,ORD,SFO,0.009,0.608,0.096,0.209,0.23,Medium
3451,2025-08-04,ORD,PWM,0.008,0.598,0.170,0.077,0.23,Medium
445,2025-08-07,ORD,ANC,0.013,0.512,0.138,0.229,0.23,Medium
247,2025-08-10,ORD,OMA,0.013,0.559,0.191,0.134,0.23,Medium
467,2025-08-01,ORD,CMH,0.010,0.538,0.128,0.226,0.23,Medium
1741,2025-08-10,ORD,JAC,0.006,0.672,0.053,0.140,0.23,Medium
1830,2025-08-01,ORD,DSM,0.013,0.520,0.202,0.166,0.23,Medium
2369,2025-08-02,ORD,AUS,0.013,0.695,0.053,0.106,0.23,Medium
1617,2025-08-12,ORD,PHL,0.028,0.506,0.170,0.123,0.23,Medium
1358,2025-08-15,ORD,RDU,0.001,0.664,0.160,0.066,0.23,Medium
2280,2025-08-02,ORD,MCO,0.002,0.834,0.032,0.031,0.23,Medium
2280,2025-08-13,ORD,MCO,0.002,0.700,0.096,0.100,0.23,Medium
5585,2025-08-13,ORD,ATW,0.003,0.719,0.085,0.063,0.23,Medium
912,2025-08-01,ORD,KEF,0.008,0.608,0.064,0.263,0.23,Medium
2090,2025-08-14,ORD,MIA,0.001,0.568,0.202,0.106,0.23,Medium
1205,2025-08-04,ORD,EWR,0.013,0.591,0.181,0.043,0.23,Medium
1377,2025-08-11,ORD,MYR,0.001,0.729,0.074,0.091,0.23,Medium
2133,2025-08-02,ORD,EWR,0.001,0.695,0.064,0.120,0.23,Medium
576,2025-08-11,ORD,LAX,0.014,0.548,0.149,0.186,0.23,Medium
786,2025-08-15,ORD,BTV,0.005,0.585,0.170,0.131,0.23,Medium
1215,2025-08-15,ORD,ANC,0.010,0.532,0.043,0.397,0.23,Medium
5493,2025-08-02,ORD,ATW,0.007,0.610,0.170,0.097,0.23,Medium
2182,2025-08-07,ORD,PHL,0.005,0.738,0.032,0.091,0.23,Medium
1599,2025-08-08,ORD,DEN,0.002,0.646,0.160,0.080,0.23,Medium
3,2025-08-07,ORD,ZRH,0.022,0.568,0.085,0.237,0.23,Medium
5398,2025-08-03,ORD,IND,0.009,0.663,0.021,0.220,0.23,Medium
5309,2025-08-02,ORD,FWA,0.005,0.621,0.117,0.140,0.23,Medium
2333,2025-08-02,ORD,BWI,0.010,0.588,0.170,0.134,0.23,Medium
2609,2025-08-09,ORD,SNA,0.009,0.720,0.053,0.066,0.23,Medium
1823,2025-08-01,ORD,IAH,0.010,0.610,0.223,0.046,0.23,Medium
467,2025-08-03,ORD,CMH,0.007,0.629,0.106,0.186,0.23,Medium
2333,2025-08-07,ORD,BWI,0.013,0.601,0.181,0.089,0.23,Medium
1830,2025-08-05,ORD,DSM,0.013,0.505,0.170,0.200,0.23,Medium
660,2025-08-07,ORD,SAN,0.001,0.567,0.223,0.157,0.23,Medium
563,2025-08-02,ORD,EWR,0.022,0.602,0.138,0.091,0.23,Medium
764,2025-08-01,ORD,YYC,0.011,0.707,0.085,0.031,0.23,Medium
1659,2025-08-11,ORD,CUN,0.018,0.704,0.085,0.017,0.23,Medium
1775,2025-08-04,ORD,FLL,0.045,0.552,0.138,0.049,0.23,Medium
2370,2025-08-02,ORD,BOS,0.012,0.698,0.000,0.217,0.23,Medium
310,2025-08-01,ORD,MCI,0.012,0.620,0.096,0.191,0.23,Medium
769,2025-08-10,ORD,BCN,0.012,0.506,0.170,0.237,0.23,Medium
1775,2025-08-01,ORD,FLL,0.011,0.652,0.106,0.080,0.23,Medium
1599,2025-08-14,ORD,DEN,0.002,0.533,0.223,0.143,0.23,Medium
2618,2025-08-10,ORD,STL,0.011,0.599,0.096,0.237,0.23,Medium
399,2025-08-15,ORD,BOS,0.012,0.607,0.170,0.134,0.23,Medium
1492,2025-08-03,ORD,CMH,0.006,0.568,0.149,0.194,0.23,Medium
5135,2025-08-02,ORD,MCW,0.006,0.153,0.000,0.031,0.23,Medium
2684,2025-08-11,ORD,FCA,0.013,0.649,0.053,0.166,0.23,Medium
2389,2025-08-03,ORD,RSW,0.012,0.674,0.106,0.037,0.23,Medium
2616,2025-08-09,ORD,PDX,0.012,0.739,0.043,0.126,0.23,Medium
769,2025-08-13,ORD,BCN,0.012,0.544,0.106,0.323,0.23,Medium
1377,2025-08-09,ORD,MYR,0.005,0.785,0.011,0.114,0.23,Medium
1577,2025-08-08,ORD,SFO,0.013,0.668,0.117,0.111,0.23,Medium
1239,2025-08-14,ORD,ROC,0.014,0.567,0.213,0.117,0.23,Medium
1387,2025-08-14,ORD,SFO,0.008,0.547,0.160,0.160,0.23,Medium
1878,2025-08-09,ORD,SFO,0.013,0.687,0.085,0.094,0.23,Medium
2455,2025-08-01,ORD,SAV,0.019,0.753,0.053,0.017,0.23,Medium
2113,2025-08-05,ORD,FSD,0.069,0.546,0.011,0.211,0.23,Medium
3568,2025-08-13,ORD,YYZ,0.010,0.692,0.074,0.043,0.22,Medium
503,2025-08-01,ORD,DEN,0.014,0.570,0.106,0.094,0.22,Medium
5360,2025-08-06,ORD,MBS,0.012,0.480,0.234,0.071,0.22,Medium
5731,2025-08-07,ORD,STL,0.008,0.620,0.106,0.109,0.22,Medium
3468,2025-08-09,ORD,BGR,0.011,0.754,0.000,0.071,0.22,Medium
2483,2025-08-11,ORD,IAH,0.006,0.601,0.074,0.143,0.22,Medium
1815,2025-08-02,ORD,MSY,0.012,0.585,0.053,0.151,0.22,Medium
5226,2025-08-02,ORD,YHZ,0.017,0.677,0.043,0.071,0.22,Medium
660,2025-08-05,ORD,SAN,0.011,0.654,0.021,0.137,0.22,Medium
602,2025-08-11,ORD,PHX,0.013,0.549,0.106,0.163,0.22,Medium
1377,2025-08-14,ORD,MYR,0.039,0.612,0.021,0.097,0.22,Medium
1740,2025-08-04,ORD,RSW,0.014,0.704,0.032,0.086,0.22,Medium
1304,2025-08-09,ORD,LAS,0.008,0.549,0.170,0.129,0.22,Medium
1778,2025-08-09,ORD,OMA,0.010,0.512,0.149,0.177,0.22,Medium
2333,2025-08-05,ORD,BWI,0.005,0.576,0.128,0.129,0.22,Medium
1848,2025-08-03,ORD,ATL,0.010,0.543,0.181,0.109,0.22,Medium
503,2025-08-07,ORD,DEN,0.014,0.545,0.138,0.103,0.22,Medium
1525,2025-08-08,ORD,AUS,0.010,0.629,0.074,0.086,0.22,Medium
660,2025-08-14,ORD,SAN,0.002,0.531,0.202,0.117,0.22,Medium
2629,2025-08-02,ORD,CLE,0.010,0.604,0.128,0.103,0.22,Medium
3523,2025-08-02,ORD,RIC,0.006,0.605,0.085,0.134,0.22,Medium
5429,2025-08-02,ORD,TYS,0.009,0.677,0.064,0.086,0.22,Medium
1899,2025-08-03,ORD,YYC,0.012,0.633,0.096,0.100,0.22,Medium
2290,2025-08-01,ORD,DFW,0.010,0.590,0.064,0.174,0.22,Medium
2100,2025-08-01,ORD,SLC,0.009,0.575,0.138,0.137,0.22,Medium
2100,2025-08-13,ORD,SLC,0.006,0.525,0.138,0.177,0.22,Medium
5729,2025-08-07,ORD,FNT,0.005,0.534,0.202,0.100,0.22,Medium
4610,2025-08-02,ORD,XNA,0.008,0.708,0.032,0.054,0.22,Medium
3468,2025-08-10,ORD,BGR,0.011,0.692,0.064,0.029,0.22,Medium
708,2025-08-02,ORD,MCI,0.013,0.616,0.043,0.111,0.22,Medium
310,2025-08-15,ORD,MCI,0.012,0.551,0.064,0.217,0.22,Medium
4436,2025-08-02,ORD,SGF,0.007,0.687,0.011,0.114,0.22,Medium
1068,2025-08-03,ORD,IAD,0.002,0.652,0.053,0.100,0.22,Medium
4476,2025-08-09,ORD,CAE,0.010,0.730,0.000,0.086,0.22,Medium
1139,2025-08-05,ORD,DSM,0.009,0.642,0.053,0.143,0.22,Medium
1659,2025-08-06,ORD,CUN,0.009,0.680,0.106,0.023,0.22,Medium
310,2025-08-13,ORD,MCI,0.011,0.530,0.106,0.177,0.22,Medium
307,2025-08-02,ORD,COS,0.007,0.685,0.000,0.157,0.22,Medium
4436,2025-08-13,ORD,SGF,0.012,0.621,0.096,0.060,0.22,Medium
2038,2025-08-04,ORD,BUF,0.001,0.659,0.043,0.114,0.22,Medium
1168,2025-08-14,ORD,SFO,0.014,0.572,0.106,0.171,0.22,Medium
912,2025-08-04,ORD,KEF,0.008,0.481,0.096,0.274,0.22,Medium
1996,2025-08-04,ORD,SJU,0.002,0.657,0.085,0.109,0.22,Medium
1659,2025-08-15,ORD,CUN,0.014,0.674,0.074,0.020,0.22,Medium
1878,2025-08-01,ORD,SFO,0.015,0.665,0.043,0.054,0.22,Medium
5469,2025-08-10,ORD,CVG,0.008,0.620,0.074,0.123,0.22,Medium
2011,2025-08-04,ORD,YVR,0.016,0.621,0.021,0.166,0.22,Medium
2629,2025-08-14,ORD,CLE,0.011,0.531,0.128,0.191,0.22,Medium
1909,2025-08-15,ORD,TVC,0.013,0.534,0.138,0.106,0.22,Medium
1361,2025-08-10,ORD,STL,0.012,0.512,0.074,0.257,0.22,Medium
1857,2025-08-02,ORD,MIA,0.007,0.653,0.085,0.100,0.22,Medium
2684,2025-08-04,ORD,FCA,0.015,0.671,0.000,0.114,0.22,Medium
1778,2025-08-03,ORD,OMA,0.010,0.581,0.074,0.137,0.22,Medium
1224,2025-08-02,ORD,LAX,0.003,0.640,0.149,0.054,0.22,Medium
602,2025-08-01,ORD,PHX,0.013,0.582,0.064,0.223,0.22,Medium
758,2025-08-09,ORD,EWR,0.009,0.680,0.011,0.163,0.22,Medium
1139,2025-08-14,ORD,DSM,0.012,0.538,0.128,0.123,0.22,Medium
2280,2025-08-05,ORD,MCO,0.010,0.662,0.064,0.071,0.22,Medium
2090,2025-08-10,ORD,MIA,0.013,0.634,0.117,0.049,0.22,Medium
980,2025-08-15,ORD,DUB,0.006,0.521,0.032,0.394,0.22,Medium
2657,2025-08-15,ORD,IAH,0.010,0.598,0.128,0.054,0.22,Medium
1421,2025-08-09,ORD,FLL,0.002,0.657,0.085,0.057,0.22,Medium
3668,2025-08-03,ORD,BUF,0.011,0.677,0.021,0.143,0.22,Medium
224,2025-08-07,ORD,BZN,0.010,0.591,0.128,0.131,0.22,Medium
2616,2025-08-01,ORD,PDX,0.019,0.673,0.011,0.137,0.22,Medium
467,2025-08-05,ORD,CMH,0.011,0.588,0.021,0.226,0.22,Medium
1421,2025-08-02,ORD,FLL,0.002,0.676,0.085,0.026,0.22,Medium
1068,2025-08-13,ORD,IAD,0.001,0.512,0.085,0.297,0.22,Medium
1617,2025-08-05,ORD,PHL,0.013,0.525,0.170,0.123,0.22,Medium
2040,2025-08-15,ORD,DEN,0.014,0.546,0.064,0.180,0.22,Medium
4458,2025-08-08,ORD,LIT,0.012,0.578,0.138,0.031,0.22,Medium
5446,2025-08-07,ORD,CLE,0.032,0.555,0.138,0.026,0.22,Medium
4185,2025-08-02,ORD,STL,0.005,0.589,0.128,0.151,0.22,Medium
3638,2025-08-13,ORD,CHS,0.008,0.649,0.096,0.011,0.22,Medium
5447,2025-08-09,ORD,PVD,0.008,0.730,0.000,0.029,0.22,Medium
3409,2025-08-13,ORD,YOW,0.014,0.548,0.191,0.083,0.22,Medium
2616,2025-08-11,ORD,PDX,0.014,0.650,0.085,0.083,0.22,Medium
2099,2025-08-03,ORD,IAH,0.013,0.655,0.011,0.103,0.22,Medium
5427,2025-08-09,ORD,PIA,0.008,0.610,0.117,0.100,0.22,Medium
5668,2025-08-15,ORD,MKE,0.012,0.545,0.149,0.111,0.22,Medium
1301,2025-08-01,ORD,ICT,0.011,0.612,0.021,0.197,0.22,Medium
2418,2025-08-08,ORD,PHL,0.012,0.596,0.064,0.174,0.22,Medium
2609,2025-08-08,ORD,SNA,0.012,0.711,0.000,0.054,0.22,Medium
4718,2025-08-08,ORD,DAY,0.006,0.534,0.138,0.123,0.22,Medium
2653,2025-08-06,ORD,RDU,0.013,0.594,0.106,0.066,0.22,Medium
2138,2025-08-14,ORD,LGA,0.009,0.667,0.053,0.123,0.22,Medium
3,2025-08-01,ORD,ZRH,0.013,0.545,0.032,0.257,0.22,Medium
2038,2025-08-06,ORD,BUF,0.001,0.659,0.106,0.046,0.22,Medium
2862,2025-08-14,ORD,IAD,0.013,0.555,0.053,0.186,0.22,Medium
445,2025-08-06,ORD,ANC,0.013,0.509,0.096,0.246,0.22,Medium
1316,2025-08-14,ORD,SRQ,0.006,0.521,0.191,0.069,0.22,Medium
1594,2025-08-02,ORD,ABQ,0.009,0.621,0.053,0.157,0.22,Medium
5398,2025-08-01,ORD,IND,0.007,0.577,0.085,0.149,0.22,Medium
5859,2025-08-04,ORD,BZN,0.001,0.770,0.000,0.003,0.22,Medium
2862,2025-08-06,ORD,IAD,0.013,0.415,0.277,0.146,0.22,Medium
2099,2025-08-14,ORD,IAH,0.013,0.546,0.117,0.177,0.22,Medium
1803,2025-08-08,ORD,DEN,0.012,0.619,0.128,0.054,0.22,Medium
1878,2025-08-07,ORD,SFO,0.001,0.638,0.149,0.049,0.22,Medium
3523,2025-08-14,ORD,RIC,0.012,0.562,0.106,0.117,0.22,Medium
5603,2025-08-04,ORD,FNT,0.005,0.599,0.106,0.077,0.22,Medium
3668,2025-08-09,ORD,BUF,0.012,0.749,0.000,0.051,0.22,Medium
2038,2025-08-01,ORD,BUF,0.001,0.590,0.106,0.157,0.22,Medium
1909,2025-08-14,ORD,TVC,0.013,0.537,0.128,0.183,0.22,Medium
1741,2025-08-06,ORD,JAC,0.007,0.664,0.021,0.111,0.22,Medium
293,2025-08-01,ORD,LGA,0.015,0.630,0.106,0.034,0.22,Medium
5603,2025-08-02,ORD,FNT,0.005,0.621,0.096,0.063,0.22,Medium
5375,2025-08-05,ORD,GRB,0.010,0.589,0.106,0.091,0.22,Medium
3523,2025-08-03,ORD,RIC,0.016,0.656,0.064,0.063,0.22,Medium
791,2025-08-11,ORD,DEN,0.020,0.561,0.202,0.020,0.22,Medium
1168,2025-08-04,ORD,SFO,0.014,0.602,0.106,0.097,0.22,Medium
1577,2025-08-03,ORD,SFO,0.013,0.575,0.128,0.091,0.22,Medium
2666,2025-08-03,ORD,DEN,0.002,0.681,0.053,0.086,0.22,Medium
2483,2025-08-04,ORD,IAH,0.015,0.570,0.181,0.051,0.22,Medium
5557,2025-08-09,ORD,OKC,0.007,0.699,0.011,0.091,0.22,Medium
1363,2025-08-07,ORD,LAX,0.013,0.643,0.032,0.146,0.22,Medium
5272,2025-08-10,ORD,MSN,0.011,0.556,0.160,0.040,0.22,Medium
3569,2025-08-03,ORD,ALB,0.014,0.548,0.117,0.129,0.22,Medium
563,2025-08-10,ORD,EWR,0.002,0.662,0.106,0.060,0.22,Medium
764,2025-08-08,ORD,YYC,0.012,0.655,0.021,0.089,0.22,Medium
2333,2025-08-15,ORD,BWI,0.011,0.531,0.191,0.100,0.22,Medium
587,2025-08-11,ORD,YUL,0.017,0.594,0.064,0.163,0.22,Medium
563,2025-08-08,ORD,EWR,0.020,0.540,0.170,0.046,0.22,Medium
2177,2025-08-05,ORD,MSN,0.013,0.504,0.170,0.094,0.22,Medium
576,2025-08-10,ORD,LAX,0.005,0.564,0.085,0.171,0.22,Medium
276,2025-08-04,ORD,IAD,0.014,0.523,0.138,0.143,0.22,Medium
2182,2025-08-13,ORD,PHL,0.005,0.567,0.170,0.089,0.22,Medium
2370,2025-08-07,ORD,BOS,0.011,0.634,0.106,0.086,0.22,Medium
1848,2025-08-01,ORD,ATL,0.010,0.607,0.149,0.049,0.22,Medium
2144,2025-08-12,ORD,YYZ,0.042,0.551,0.106,0.069,0.22,Medium
5376,2025-08-06,ORD,LEX,0.007,0.668,0.043,0.131,0.22,Medium
3654,2025-08-05,ORD,STL,0.009,0.577,0.106,0.100,0.22,Medium
2104,2025-08-07,ORD,BOS,0.003,0.634,0.106,0.040,0.22,Medium
3694,2025-08-02,ORD,OMA,0.010,0.613,0.117,0.091,0.22,Medium
609,2025-08-14,ORD,PHX,0.015,0.546,0.160,0.111,0.22,Medium
1564,2025-08-13,ORD,MSP,0.164,0.246,0.096,0.031,0.22,Medium
4789,2025-08-07,ORD,FAR,0.006,0.660,0.043,0.109,0.22,Medium
2629,2025-08-15,ORD,CLE,0.014,0.579,0.074,0.200,0.22,Medium
1657,2025-08-14,ORD,LGA,0.013,0.588,0.128,0.077,0.22,Medium
3468,2025-08-06,ORD,BGR,0.012,0.462,0.255,0.057,0.22,Medium
2280,2025-08-08,ORD,MCO,0.002,0.564,0.213,0.031,0.22,Medium
2385,2025-08-12,ORD,MSO,0.012,0.525,0.160,0.094,0.22,Medium
5608,2025-08-03,ORD,GRB,0.006,0.708,0.000,0.086,0.22,Medium
2099,2025-08-10,ORD,IAH,0.002,0.637,0.064,0.180,0.22,Medium
307,2025-08-08,ORD,COS,0.007,0.564,0.106,0.146,0.22,Medium
2378,2025-08-11,ORD,LAX,0.013,0.580,0.032,0.197,0.22,Medium
5251,2025-08-10,ORD,ASE,0.008,0.123,0.000,0.031,0.22,Medium
1044,2025-08-14,ORD,LAX,0.001,0.596,0.096,0.129,0.22,Medium
609,2025-08-09,ORD,PHX,0.004,0.564,0.074,0.180,0.22,Medium
5360,2025-08-13,ORD,MBS,0.012,0.523,0.170,0.091,0.22,Medium
1803,2025-08-12,ORD,DEN,0.001,0.580,0.160,0.106,0.22,Medium
5763,2025-08-03,ORD,TUL,0.012,0.613,0.117,0.071,0.22,Medium
1842,2025-08-11,ORD,SAN,0.012,0.583,0.064,0.223,0.22,Medium
2144,2025-08-07,ORD,YYZ,0.013,0.614,0.074,0.134,0.22,Medium
310,2025-08-03,ORD,MCI,0.010,0.486,0.085,0.289,0.22,Medium
4563,2025-08-03,ORD,FSD,0.011,0.578,0.191,0.046,0.22,Medium
5568,2025-08-14,ORD,MLI,0.008,0.599,0.085,0.109,0.22,Medium
1842,2025-08-05,ORD,SAN,0.012,0.610,0.000,0.229,0.22,Medium
980,2025-08-05,ORD,DUB,0.004,0.474,0.128,0.271,0.22,Medium
5984,2025-08-03,ORD,BIL,0.006,0.548,0.160,0.123,0.22,Medium
2364,2025-08-05,ORD,CMH,0.012,0.607,0.074,0.166,0.22,Medium
5274,2025-08-13,ORD,SBN,0.006,0.599,0.106,0.080,0.22,Medium
275,2025-08-02,ORD,RAP,0.013,0.570,0.149,0.103,0.22,Medium
3654,2025-08-08,ORD,STL,0.008,0.620,0.053,0.129,0.22,Medium
378,2025-08-14,ORD,LAX,0.014,0.550,0.138,0.149,0.22,Medium
2280,2025-08-01,ORD,MCO,0.008,0.700,0.053,0.069,0.22,Medium
1634,2025-08-03,ORD,IAD,0.012,0.625,0.074,0.100,0.22,Medium
1741,2025-08-13,ORD,JAC,0.007,0.517,0.181,0.123,0.22,Medium
1594,2025-08-03,ORD,ABQ,0.009,0.629,0.074,0.103,0.22,Medium
1538,2025-08-07,ORD,SAV,0.001,0.616,0.096,0.091,0.22,Medium
2226,2025-08-03,ORD,CLE,0.012,0.558,0.074,0.189,0.22,Medium
1756,2025-08-15,ORD,YYZ,0.019,0.522,0.106,0.191,0.22,Medium
3498,2025-08-01,ORD,CVG,0.011,0.641,0.053,0.117,0.22,Medium
2337,2025-08-07,ORD,IAD,0.015,0.616,0.096,0.063,0.22,Medium
5118,2025-08-06,ORD,PLN,0.009,0.599,0.160,0.071,0.22,Medium
5977,2025-08-07,ORD,ICT,0.012,0.613,0.043,0.140,0.22,Medium
1620,2025-08-04,ORD,SEA,0.001,0.610,0.032,0.226,0.22,Medium
622,2025-08-10,ORD,DEN,0.014,0.580,0.085,0.129,0.22,Medium
758,2025-08-07,ORD,EWR,0.008,0.591,0.181,0.049,0.22,Medium
4468,2025-08-02,ORD,LEX,0.003,0.719,0.011,0.129,0.22,Medium
1659,2025-08-01,ORD,CUN,0.018,0.713,0.043,0.020,0.22,Medium
1851,2025-08-11,ORD,ALB,0.013,0.594,0.064,0.194,0.22,Medium
576,2025-08-07,ORD,LAX,0.014,0.540,0.117,0.129,0.22,Medium
2430,2025-08-08,ORD,BNA,0.011,0.617,0.096,0.091,0.22,Medium
1044,2025-08-05,ORD,LAX,0.006,0.598,0.096,0.091,0.22,Medium
1491,2025-08-09,ORD,DFW,0.010,0.577,0.138,0.126,0.22,Medium
1823,2025-08-08,ORD,IAH,0.001,0.564,0.170,0.060,0.22,Medium
5038,2025-08-01,ORD,PLN,0.000,0.730,0.011,0.066,0.22,Medium
4406,2025-08-03,ORD,TVC,0.005,0.741,0.000,0.083,0.22,Medium
5125,2025-08-09,ORD,CMX,0.011,0.708,0.000,0.086,0.22,Medium
767,2025-08-03,ORD,DEN,0.015,0.635,0.011,0.183,0.22,Medium
2195,2025-08-15,ORD,BDL,0.009,0.516,0.160,0.134,0.22,Medium
1857,2025-08-09,ORD,MIA,0.009,0.627,0.096,0.114,0.22,Medium
4571,2025-08-08,ORD,XNA,0.007,0.643,0.000,0.160,0.22,Medium
5819,2025-08-03,ORD,DLH,0.008,0.687,0.064,0.026,0.22,Medium
2011,2025-08-05,ORD,YVR,0.014,0.632,0.043,0.123,0.22,Medium
2440,2025-08-07,ORD,LAS,0.004,0.558,0.170,0.111,0.22,Medium
1413,2025-08-10,ORD,LGA,0.013,0.719,0.000,0.037,0.22,Medium
938,2025-08-04,ORD,LHR,0.010,0.597,0.085,0.097,0.22,Medium
1899,2025-08-02,ORD,YYC,0.008,0.599,0.064,0.131,0.22,Medium
533,2025-08-14,ORD,OMA,0.009,0.523,0.117,0.186,0.22,Medium
482,2025-08-07,ORD,CHS,0.015,0.542,0.160,0.046,0.22,Medium
5577,2025-08-05,ORD,JAX,0.012,0.720,0.000,0.054,0.22,Medium
2177,2025-08-14,ORD,MSN,0.015,0.521,0.128,0.120,0.22,Medium
2465,2025-08-03,ORD,ORF,0.012,0.673,0.011,0.137,0.22,Medium
5977,2025-08-04,ORD,ICT,0.012,0.598,0.138,0.046,0.22,Medium
970,2025-08-14,ORD,FCO,0.016,0.389,0.223,0.229,0.22,Medium
4552,2025-08-13,ORD,DAY,0.006,0.545,0.170,0.086,0.22,Medium
1270,2025-08-01,ORD,PUJ,0.014,0.643,0.074,0.094,0.22,Medium
1941,2025-08-05,ORD,CVG,0.010,0.564,0.128,0.117,0.22,Medium
5353,2025-08-09,ORD,GRR,0.008,0.665,0.032,0.117,0.22,Medium
1502,2025-08-07,ORD,RDU,0.020,0.531,0.128,0.103,0.22,Medium
5280,2025-08-03,ORD,DSM,0.007,0.512,0.160,0.146,0.22,Medium
1168,2025-08-11,ORD,SFO,0.014,0.556,0.096,0.174,0.22,Medium
611,2025-08-01,ORD,SFO,0.003,0.647,0.128,0.023,0.22,Medium
1198,2025-08-01,ORD,CUN,0.011,0.658,0.064,0.054,0.22,Medium
5603,2025-08-03,ORD,FNT,0.005,0.501,0.266,0.071,0.22,Medium
5568,2025-08-04,ORD,MLI,0.005,0.643,0.128,0.060,0.22,Medium
4748,2025-08-15,ORD,ATW,0.156,0.360,0.000,0.043,0.22,Medium
2616,2025-08-13,ORD,PDX,0.013,0.542,0.138,0.151,0.22,Medium
1314,2025-08-08,ORD,IAH,0.014,0.610,0.021,0.211,0.22,Medium
3638,2025-08-10,ORD,CHS,0.007,0.763,0.000,0.034,0.22,Medium
3668,2025-08-02,ORD,BUF,0.010,0.706,0.011,0.040,0.22,Medium
3535,2025-08-14,ORD,MSN,0.012,0.577,0.160,0.043,0.22,Medium
4479,2025-08-02,ORD,STL,0.012,0.545,0.181,0.060,0.22,Medium
1502,2025-08-03,ORD,RDU,0.006,0.591,0.128,0.071,0.22,Medium
1620,2025-08-12,ORD,SEA,0.002,0.569,0.160,0.120,0.22,Medium
4611,2025-08-14,ORD,MDT,0.010,0.578,0.138,0.037,0.22,Medium
1584,2025-08-10,ORD,LAX,0.002,0.681,0.064,0.080,0.22,Medium
3690,2025-08-01,ORD,IND,0.010,0.605,0.085,0.089,0.22,Medium
2071,2025-08-10,ORD,SAN,0.002,0.677,0.128,0.020,0.22,Medium
5376,2025-08-13,ORD,LEX,0.007,0.505,0.191,0.106,0.22,Medium
2385,2025-08-06,ORD,MSO,0.006,0.624,0.064,0.160,0.22,Medium
1198,2025-08-06,ORD,CUN,0.011,0.698,0.043,0.020,0.22,Medium
276,2025-08-02,ORD,IAD,0.014,0.510,0.064,0.283,0.22,Medium
1297,2025-08-02,ORD,DFW,0.012,0.586,0.128,0.037,0.22,Medium
5125,2025-08-07,ORD,CMX,0.011,0.512,0.202,0.066,0.22,Medium
468,2025-08-14,ORD,IAH,0.002,0.582,0.160,0.054,0.22,Medium
310,2025-08-14,ORD,MCI,0.010,0.581,0.000,0.297,0.22,Medium
2280,2025-08-04,ORD,MCO,0.010,0.703,0.064,0.043,0.22,Medium
5748,2025-08-02,ORD,YWG,0.014,0.559,0.181,0.060,0.22,Medium
2691,2025-08-01,ORD,EWR,0.015,0.564,0.128,0.111,0.22,Medium
378,2025-08-04,ORD,LAX,0.014,0.594,0.074,0.117,0.22,Medium
1641,2025-08-03,ORD,IND,0.009,0.577,0.053,0.171,0.22,Medium
5601,2025-08-11,ORD,FNT,0.003,0.545,0.245,0.043,0.22,Medium
3422,2025-08-15,ORD,DTW,0.007,0.598,0.074,0.154,0.22,Medium
3681,2025-08-02,ORD,JAX,0.001,0.763,0.011,0.074,0.22,Medium
1041,2025-08-14,ORD,GRR,0.012,0.573,0.074,0.189,0.22,Medium
2635,2025-08-14,ORD,CLT,0.012,0.616,0.096,0.051,0.22,Medium
2195,2025-08-09,ORD,BDL,0.013,0.437,0.234,0.120,0.22,Medium
2684,2025-08-01,ORD,FCA,0.012,0.689,0.021,0.066,0.22,Medium
758,2025-08-13,ORD,EWR,0.001,0.668,0.096,0.083,0.22,Medium
380,2025-08-11,ORD,JAX,0.005,0.556,0.138,0.111,0.22,Medium
938,2025-08-14,ORD,LHR,0.005,0.578,0.138,0.151,0.22,Medium
2683,2025-08-13,ORD,SAN,0.013,0.552,0.160,0.089,0.22,Medium
1643,2025-08-03,ORD,SEA,0.002,0.686,0.085,0.009,0.22,Medium
2862,2025-08-07,ORD,IAD,0.013,0.622,0.085,0.097,0.22,Medium
609,2025-08-13,ORD,PHX,0.015,0.515,0.191,0.117,0.22,Medium
881,2025-08-12,ORD,HND,0.007,0.310,0.213,0.343,0.22,Medium
5859,2025-08-01,ORD,BZN,0.001,0.763,0.000,0.003,0.22,Medium
1377,2025-08-08,ORD,MYR,0.006,0.659,0.085,0.097,0.22,Medium
2666,2025-08-01,ORD,DEN,0.003,0.591,0.160,0.103,0.22,Medium
1677,2025-08-02,ORD,BOS,0.013,0.686,0.053,0.063,0.22,Medium
1224,2025-08-09,ORD,LAX,0.002,0.704,0.064,0.026,0.22,Medium
2182,2025-08-08,ORD,PHL,0.008,0.625,0.106,0.049,0.22,Medium
938,2025-08-01,ORD,LHR,0.010,0.636,0.043,0.097,0.22,Medium
1113,2025-08-13,ORD,ALB,0.012,0.499,0.191,0.106,0.22,Medium
1100,2025-08-02,ORD,PDX,0.002,0.735,0.043,0.017,0.22,Medium
1492,2025-08-01,ORD,CMH,0.013,0.473,0.223,0.140,0.22,Medium
2684,2025-08-15,ORD,FCA,0.012,0.683,0.000,0.126,0.22,Medium
2683,2025-08-05,ORD,SAN,0.013,0.719,0.011,0.100,0.22,Medium
1923,2025-08-11,ORD,CID,0.007,0.512,0.117,0.217,0.22,Medium
307,2025-08-10,ORD,COS,0.010,0.538,0.117,0.157,0.22,Medium
5810,2025-08-09,ORD,PIA,0.012,0.556,0.160,0.126,0.22,Medium
791,2025-08-13,ORD,DEN,0.010,0.559,0.181,0.083,0.22,Medium
1387,2025-08-05,ORD,SFO,0.013,0.610,0.085,0.131,0.22,Medium
468,2025-08-12,ORD,IAH,0.013,0.625,0.128,0.049,0.22,Medium
5593,2025-08-02,ORD,MEM,0.001,0.536,0.213,0.117,0.22,Medium
2100,2025-08-10,ORD,SLC,0.012,0.591,0.096,0.111,0.22,Medium
2100,2025-08-15,ORD,SLC,0.009,0.578,0.085,0.211,0.22,Medium
3614,2025-08-01,ORD,MCI,0.009,0.591,0.074,0.123,0.22,Medium
2133,2025-08-08,ORD,EWR,0.013,0.577,0.160,0.080,0.22,Medium
5607,2025-08-13,ORD,TUS,0.000,0.489,0.245,0.100,0.22,Medium
556,2025-08-03,ORD,CLT,0.001,0.610,0.096,0.143,0.22,Medium
2649,2025-08-13,ORD,EWR,0.006,0.559,0.149,0.126,0.22,Medium
310,2025-08-11,ORD,MCI,0.010,0.551,0.074,0.234,0.22,Medium
2290,2025-08-08,ORD,DFW,0.007,0.590,0.085,0.171,0.22,Medium
1316,2025-08-12,ORD,SRQ,0.006,0.543,0.170,0.134,0.22,Medium
1617,2025-08-15,ORD,PHL,0.008,0.598,0.074,0.140,0.22,Medium
1044,2025-08-08,ORD,LAX,0.006,0.626,0.064,0.143,0.22,Medium
5564,2025-08-03,ORD,SBN,0.007,0.567,0.160,0.114,0.22,Medium
310,2025-08-04,ORD,MCI,0.010,0.547,0.128,0.106,0.22,Medium
576,2025-08-12,ORD,LAX,0.014,0.545,0.117,0.177,0.22,Medium
1803,2025-08-11,ORD,DEN,0.015,0.597,0.117,0.086,0.22,Medium
2649,2025-08-01,ORD,EWR,0.006,0.630,0.064,0.094,0.22,Medium
247,2025-08-14,ORD,OMA,0.004,0.480,0.191,0.146,0.22,Medium
5521,2025-08-13,ORD,ATW,0.008,0.512,0.213,0.069,0.22,Medium
1741,2025-08-04,ORD,JAC,0.007,0.729,0.000,0.111,0.22,Medium
4185,2025-08-03,ORD,STL,0.005,0.567,0.138,0.083,0.22,Medium
2627,2025-08-13,ORD,MSP,0.011,0.543,0.021,0.286,0.22,Medium
482,2025-08-09,ORD,CHS,0.002,0.755,0.021,0.077,0.22,Medium
1872,2025-08-10,ORD,MSP,0.013,0.534,0.106,0.189,0.22,Medium
1815,2025-08-15,ORD,MSY,0.011,0.494,0.234,0.060,0.22,Medium
2100,2025-08-07,ORD,SLC,0.012,0.601,0.074,0.137,0.22,Medium
4184,2025-08-07,ORD,DAY,0.007,0.523,0.181,0.069,0.22,Medium
1564,2025-08-08,ORD,MSP,0.008,0.535,0.043,0.286,0.22,Medium
2649,2025-08-03,ORD,EWR,0.006,0.553,0.181,0.100,0.22,Medium
399,2025-08-08,ORD,BOS,0.012,0.584,0.117,0.103,0.22,Medium
602,2025-08-14,ORD,PHX,0.009,0.497,0.138,0.189,0.22,Medium
5280,2025-08-13,ORD,DSM,0.003,0.670,0.000,0.151,0.22,Medium
399,2025-08-12,ORD,BOS,0.009,0.568,0.096,0.123,0.22,Medium
1857,2025-08-04,ORD,MIA,0.016,0.598,0.085,0.120,0.22,Medium
2488,2025-08-09,ORD,LGA,0.012,0.667,0.074,0.037,0.22,Medium
310,2025-08-05,ORD,MCI,0.012,0.525,0.106,0.160,0.22,Medium
2430,2025-08-01,ORD,BNA,0.013,0.562,0.106,0.126,0.22,Medium
286,2025-08-07,ORD,CLE,0.002,0.570,0.043,0.229,0.22,Medium
5427,2025-08-03,ORD,PIA,0.006,0.610,0.043,0.151,0.22,Medium
1502,2025-08-11,ORD,RDU,0.011,0.573,0.085,0.149,0.22,Medium
1933,2025-08-07,ORD,LAS,0.012,0.506,0.191,0.100,0.22,Medium
1328,2025-08-11,ORD,SMF,0.002,0.591,0.064,0.163,0.22,Medium
4809,2025-08-09,ORD,ICT,0.001,0.634,0.043,0.151,0.22,Medium
2011,2025-08-09,ORD,YVR,0.019,0.599,0.096,0.111,0.22,Medium
286,2025-08-11,ORD,CLE,0.002,0.552,0.138,0.146,0.22,Medium
3421,2025-08-08,ORD,ROC,0.001,0.562,0.170,0.100,0.22,Medium
275,2025-08-03,ORD,RAP,0.001,0.589,0.160,0.100,0.22,Medium
1414,2025-08-15,ORD,BOI,0.013,0.625,0.043,0.117,0.22,Medium
1270,2025-08-14,ORD,PUJ,0.013,0.601,0.128,0.097,0.22,Medium
482,2025-08-02,ORD,CHS,0.001,0.699,0.021,0.111,0.22,Medium
1634,2025-08-02,ORD,IAD,0.011,0.594,0.021,0.240,0.22,Medium
2440,2025-08-11,ORD,LAS,0.015,0.537,0.085,0.206,0.22,Medium
4501,2025-08-15,ORD,AVP,0.004,0.665,0.106,0.063,0.22,Medium
2333,2025-08-08,ORD,BWI,0.013,0.613,0.117,0.069,0.22,Medium
5124,2025-08-07,ORD,EAU,0.008,0.643,0.138,0.043,0.22,Medium
3601,2025-08-14,ORD,YYZ,0.013,0.699,0.021,0.040,0.22,Medium
5603,2025-08-14,ORD,FNT,0.005,0.469,0.245,0.089,0.22,Medium
2635,2025-08-05,ORD,CLT,0.011,0.616,0.085,0.069,0.22,Medium
763,2025-08-13,ORD,PWM,0.011,0.647,0.021,0.154,0.22,Medium
3468,2025-08-07,ORD,BGR,0.012,0.761,0.011,0.034,0.22,Medium
1215,2025-08-11,ORD,ANC,0.010,0.447,0.106,0.291,0.22,Medium
5379,2025-08-09,ORD,SYR,0.014,0.584,0.117,0.103,0.22,Medium
1146,2025-08-01,ORD,MBJ,0.026,0.617,0.064,0.123,0.22,Medium
2649,2025-08-08,ORD,EWR,0.006,0.571,0.170,0.100,0.22,Medium
1577,2025-08-15,ORD,SFO,0.009,0.575,0.053,0.189,0.22,Medium
4387,2025-08-06,ORD,CID,0.006,0.698,0.000,0.109,0.22,Medium
1361,2025-08-11,ORD,STL,0.012,0.560,0.106,0.203,0.22,Medium
1414,2025-08-13,ORD,BOI,0.013,0.541,0.128,0.117,0.22,Medium
343,2025-08-02,ORD,SFO,0.001,0.714,0.043,0.097,0.22,Medium
767,2025-08-13,ORD,DEN,0.045,0.518,0.043,0.157,0.22,Medium
5963,2025-08-14,ORD,BDL,0.009,0.543,0.181,0.069,0.22,Medium
224,2025-08-01,ORD,BZN,0.005,0.611,0.064,0.149,0.22,Medium
2683,2025-08-11,ORD,SAN,0.009,0.584,0.128,0.063,0.22,Medium
3614,2025-08-09,ORD,MCI,0.006,0.677,0.000,0.143,0.22,Medium
1996,2025-08-08,ORD,SJU,0.005,0.575,0.160,0.123,0.22,Medium
2137,2025-08-07,ORD,SLC,0.001,0.716,0.032,0.114,0.22,Medium
1491,2025-08-03,ORD,DFW,0.005,0.578,0.202,0.060,0.22,Medium
1041,2025-08-05,ORD,GRR,0.012,0.508,0.170,0.123,0.22,Medium
5140,2025-08-01,ORD,CMX,0.008,0.687,0.043,0.043,0.22,Medium
1830,2025-08-07,ORD,DSM,0.013,0.610,0.000,0.197,0.22,Medium
5819,2025-08-01,ORD,DLH,0.008,0.621,0.149,0.057,0.22,Medium
1599,2025-08-15,ORD,DEN,0.002,0.580,0.191,0.071,0.22,Medium
1577,2025-08-12,ORD,SFO,0.009,0.570,0.149,0.106,0.22,Medium
1842,2025-08-06,ORD,SAN,0.012,0.561,0.138,0.143,0.22,Medium
2040,2025-08-01,ORD,DEN,0.012,0.527,0.106,0.217,0.22,Medium
5383,2025-08-13,ORD,TVC,0.012,0.556,0.170,0.060,0.22,Medium
1834,2025-08-07,ORD,TPA,0.001,0.496,0.266,0.060,0.22,Medium
2333,2025-08-03,ORD,BWI,0.014,0.573,0.096,0.120,0.22,Medium
1564,2025-08-03,ORD,MSP,0.015,0.527,0.064,0.206,0.22,Medium
3694,2025-08-09,ORD,OMA,0.012,0.620,0.064,0.114,0.22,Medium
2387,2025-08-07,ORD,MCO,0.013,0.668,0.043,0.040,0.22,Medium
2090,2025-08-02,ORD,MIA,0.015,0.647,0.106,0.029,0.22,Medium
622,2025-08-14,ORD,DEN,0.014,0.580,0.064,0.220,0.22,Medium
767,2025-08-11,ORD,DEN,0.014,0.578,0.064,0.211,0.22,Medium
378,2025-08-13,ORD,LAX,0.020,0.552,0.085,0.129,0.22,Medium
5309,2025-08-15,ORD,FWA,0.006,0.534,0.138,0.120,0.22,Medium
5383,2025-08-05,ORD,TVC,0.012,0.665,0.043,0.080,0.22,Medium
1198,2025-08-03,ORD,CUN,0.011,0.774,0.021,0.009,0.22,Medium
5905,2025-08-02,ORD,MTJ,0.010,0.706,0.043,0.043,0.22,Medium
1834,2025-08-13,ORD,TPA,0.010,0.584,0.170,0.066,0.22,Medium
4458,2025-08-06,ORD,LIT,0.007,0.643,0.096,0.031,0.22,Medium
2430,2025-08-09,ORD,BNA,0.009,0.573,0.128,0.151,0.22,Medium
1414,2025-08-01,ORD,BOI,0.011,0.724,0.000,0.091,0.22,Medium
1677,2025-08-01,ORD,BOS,0.011,0.699,0.064,0.026,0.22,Medium
2609,2025-08-02,ORD,SNA,0.004,0.746,0.000,0.063,0.22,Medium
5593,2025-08-10,ORD,MEM,0.011,0.570,0.128,0.069,0.22,Medium
4194,2025-08-09,ORD,DAY,0.006,0.512,0.234,0.080,0.22,Medium
1097,2025-08-07,ORD,DCA,0.037,0.404,0.234,0.063,0.22,Medium
1674,2025-08-09,ORD,AUA,0.018,0.677,0.021,0.057,0.22,Medium
2195,2025-08-01,ORD,BDL,0.010,0.562,0.138,0.117,0.22,Medium
2440,2025-08-08,ORD,LAS,0.015,0.567,0.074,0.160,0.22,Medium
2099,2025-08-11,ORD,IAH,0.001,0.512,0.106,0.231,0.22,Medium
5470,2025-08-12,ORD,GEG,0.013,0.598,0.074,0.094,0.22,Medium
5946,2025-08-02,ORD,RAP,0.002,0.598,0.117,0.077,0.22,Medium
2226,2025-08-13,ORD,CLE,0.007,0.512,0.149,0.211,0.22,Medium
2609,2025-08-10,ORD,SNA,0.010,0.655,0.085,0.043,0.22,Medium
2661,2025-08-07,ORD,LGA,0.005,0.565,0.191,0.006,0.22,Medium
2290,2025-08-10,ORD,DFW,0.005,0.619,0.160,0.040,0.22,Medium
660,2025-08-08,ORD,SAN,0.000,0.635,0.064,0.111,0.22,Medium
721,2025-08-01,ORD,BOS,0.011,0.625,0.117,0.069,0.22,Medium
2618,2025-08-01,ORD,STL,0.010,0.581,0.011,0.254,0.22,Medium
1113,2025-08-02,ORD,ALB,0.005,0.711,0.032,0.086,0.22,Medium
5448,2025-08-06,ORD,FWA,0.004,0.567,0.170,0.057,0.22,Medium
2106,2025-08-10,ORD,SFO,0.013,0.651,0.053,0.114,0.22,Medium
5118,2025-08-13,ORD,PLN,0.009,0.578,0.128,0.060,0.22,Medium
2182,2025-08-03,ORD,PHL,0.008,0.621,0.149,0.040,0.22,Medium
3,2025-08-09,ORD,ZRH,0.009,0.551,0.074,0.271,0.22,Medium
2040,2025-08-08,ORD,DEN,0.014,0.631,0.000,0.157,0.22,Medium
791,2025-08-06,ORD,DEN,0.008,0.613,0.149,0.006,0.22,Medium
3468,2025-08-14,ORD,BGR,0.012,0.649,0.043,0.149,0.22,Medium
1224,2025-08-01,ORD,LAX,0.010,0.689,0.085,0.031,0.22,Medium
5429,2025-08-09,ORD,TYS,0.006,0.684,0.032,0.060,0.22,Medium
912,2025-08-06,ORD,KEF,0.008,0.441,0.096,0.331,0.22,Medium
503,2025-08-10,ORD,DEN,0.009,0.568,0.149,0.083,0.22,Medium
2280,2025-08-11,ORD,MCO,0.002,0.692,0.106,0.029,0.22,Medium
1677,2025-08-09,ORD,BOS,0.014,0.683,0.011,0.071,0.22,Medium
1135,2025-08-03,ORD,SJO,0.010,0.640,0.032,0.109,0.22,Medium
2333,2025-08-13,ORD,BWI,0.011,0.585,0.085,0.191,0.22,Medium
5275,2025-08-10,ORD,DLH,0.005,0.512,0.181,0.123,0.22,Medium
359,2025-08-07,ORD,MEX,0.001,0.567,0.160,0.140,0.22,Medium
2385,2025-08-13,ORD,MSO,0.012,0.532,0.128,0.166,0.22,Medium
2347,2025-08-02,ORD,CLE,0.013,0.516,0.096,0.186,0.22,Medium
2251,2025-08-01,ORD,PIT,0.011,0.581,0.128,0.086,0.22,Medium
399,2025-08-10,ORD,BOS,0.021,0.591,0.053,0.126,0.22,Medium
1270,2025-08-07,ORD,PUJ,0.011,0.576,0.117,0.071,0.22,Medium
1363,2025-08-11,ORD,LAX,0.013,0.599,0.096,0.066,0.22,Medium
752,2025-08-15,ORD,DCA,0.035,0.581,0.064,0.080,0.22,Medium
2195,2025-08-03,ORD,BDL,0.014,0.660,0.064,0.077,0.22,Medium
791,2025-08-10,ORD,DEN,0.010,0.717,0.021,0.009,0.22,Medium
416,2025-08-12,ORD,MXP,0.005,0.409,0.202,0.274,0.22,Medium
5099,2025-08-02,ORD,CIU,0.003,0.708,0.064,0.063,0.22,Medium
1879,2025-08-02,ORD,SJD,0.002,0.729,0.011,0.086,0.22,Medium
2189,2025-08-07,ORD,LGA,0.012,0.598,0.149,0.040,0.22,Medium
5435,2025-08-15,ORD,BDL,0.012,0.519,0.191,0.069,0.22,Medium
5038,2025-08-12,ORD,PLN,0.000,0.534,0.223,0.074,0.22,Medium
2635,2025-08-07,ORD,CLT,0.012,0.668,0.021,0.100,0.22,Medium
3569,2025-08-13,ORD,DTW,0.010,0.577,0.128,0.103,0.22,Medium
5946,2025-08-07,ORD,RAP,0.007,0.606,0.053,0.134,0.22,Medium
1857,2025-08-06,ORD,MIA,0.016,0.562,0.160,0.057,0.22,Medium
1304,2025-08-03,ORD,LAS,0.012,0.549,0.128,0.163,0.22,Medium
4613,2025-08-03,ORD,STL,0.006,0.621,0.043,0.163,0.22,Medium
5230,2025-08-02,ORD,CRW,0.004,0.665,0.043,0.126,0.22,Medium
2329,2025-08-14,ORD,DTW,0.005,0.538,0.170,0.129,0.22,Medium
767,2025-08-09,ORD,DEN,0.012,0.598,0.000,0.266,0.22,Medium
4568,2025-08-13,ORD,SCE,0.006,0.687,0.064,0.066,0.22,Medium
3493,2025-08-14,ORD,DTW,0.009,0.605,0.096,0.106,0.22,Medium
1941,2025-08-07,ORD,CVG,0.010,0.530,0.213,0.086,0.22,Medium
2465,2025-08-04,ORD,ORF,0.001,0.686,0.043,0.100,0.22,Medium
359,2025-08-08,ORD,MEX,0.011,0.603,0.096,0.066,0.22,Medium
2099,2025-08-01,ORD,IAH,0.013,0.567,0.096,0.186,0.22,Medium
5601,2025-08-03,ORD,FNT,0.004,0.523,0.234,0.009,0.22,Medium
1491,2025-08-13,ORD,DFW,0.010,0.629,0.106,0.080,0.22,Medium
3718,2025-08-14,ORD,MSN,0.009,0.555,0.160,0.134,0.22,Medium
307,2025-08-12,ORD,COS,0.010,0.469,0.213,0.126,0.22,Medium
1538,2025-08-13,ORD,SAV,0.008,0.625,0.128,0.057,0.22,Medium
1413,2025-08-03,ORD,LGA,0.016,0.591,0.117,0.034,0.22,Medium
2862,2025-08-10,ORD,IAD,0.011,0.573,0.117,0.134,0.22,Medium
2106,2025-08-01,ORD,SFO,0.013,0.572,0.053,0.240,0.22,Medium
5841,2025-08-02,ORD,MEM,0.013,0.656,0.053,0.077,0.22,Medium
1564,2025-08-15,ORD,MSP,0.010,0.529,0.085,0.289,0.22,Medium
2653,2025-08-11,ORD,RDU,0.010,0.555,0.085,0.151,0.22,Medium
3685,2025-08-15,ORD,DTW,0.011,0.598,0.064,0.134,0.22,Medium
533,2025-08-04,ORD,OMA,0.009,0.545,0.106,0.231,0.22,Medium
247,2025-08-01,ORD,OMA,0.000,0.501,0.128,0.211,0.22,Medium
2666,2025-08-02,ORD,DEN,0.003,0.605,0.096,0.140,0.22,Medium
1996,2025-08-01,ORD,SJU,0.014,0.572,0.106,0.100,0.22,Medium
1502,2025-08-02,ORD,RDU,0.015,0.585,0.085,0.169,0.22,Medium
5125,2025-08-03,ORD,CMX,0.011,0.567,0.160,0.069,0.22,Medium
1363,2025-08-10,ORD,LAX,0.013,0.580,0.106,0.091,0.22,Medium
2144,2025-08-08,ORD,YYZ,0.035,0.627,0.064,0.054,0.22,Medium
5668,2025-08-09,ORD,MKE,0.012,0.708,0.000,0.109,0.22,Medium
3605,2025-08-02,ORD,HHH,0.004,0.742,0.021,0.023,0.22,Medium
1634,2025-08-15,ORD,IAD,0.012,0.518,0.106,0.169,0.22,Medium
1634,2025-08-11,ORD,IAD,0.012,0.601,0.021,0.174,0.22,Medium
5444,2025-08-14,ORD,LIT,0.008,0.730,0.021,0.054,0.22,Medium
2385,2025-08-03,ORD,MSO,0.010,0.667,0.043,0.134,0.22,Medium
2389,2025-08-14,ORD,RSW,0.012,0.546,0.191,0.077,0.22,Medium
293,2025-08-02,ORD,LGA,0.014,0.598,0.128,0.054,0.22,Medium
1113,2025-08-08,ORD,ALB,0.001,0.522,0.213,0.077,0.22,Medium
4571,2025-08-02,ORD,XNA,0.001,0.545,0.149,0.134,0.22,Medium
1491,2025-08-02,ORD,DFW,0.001,0.633,0.106,0.057,0.22,Medium
1793,2025-08-02,ORD,MSP,0.014,0.527,0.064,0.246,0.22,Medium
1316,2025-08-05,ORD,SRQ,0.007,0.599,0.128,0.069,0.22,Medium
2343,2025-08-06,ORD,IND,0.013,0.512,0.096,0.271,0.22,Medium
1620,2025-08-13,ORD,SEA,0.002,0.444,0.213,0.194,0.22,Medium
1361,2025-08-14,ORD,STL,0.010,0.538,0.074,0.229,0.22,Medium
5737,2025-08-02,ORD,OMA,0.012,0.663,0.032,0.131,0.22,Medium
1740,2025-08-05,ORD,RSW,0.001,0.634,0.128,0.051,0.22,Medium
2616,2025-08-06,ORD,PDX,0.005,0.624,0.117,0.097,0.22,Medium
1168,2025-08-15,ORD,SFO,0.014,0.569,0.074,0.157,0.22,Medium
2616,2025-08-07,ORD,PDX,0.013,0.565,0.117,0.163,0.22,Medium
3603,2025-08-03,ORD,CMH,0.008,0.677,0.064,0.100,0.22,Medium
609,2025-08-01,ORD,PHX,0.027,0.558,0.074,0.140,0.22,Medium
1113,2025-08-01,ORD,ALB,0.012,0.571,0.096,0.154,0.22,Medium
5731,2025-08-14,ORD,STL,0.005,0.527,0.181,0.140,0.22,Medium
763,2025-08-07,ORD,PWM,0.011,0.673,0.064,0.086,0.22,Medium
2418,2025-08-13,ORD,PHL,0.002,0.549,0.106,0.171,0.22,Medium
2361,2025-08-06,ORD,LAX,0.001,0.645,0.138,0.023,0.22,Medium
2071,2025-08-05,ORD,SAN,0.001,0.640,0.160,0.006,0.22,Medium
2666,2025-08-08,ORD,DEN,0.004,0.569,0.160,0.100,0.22,Medium
2691,2025-08-14,ORD,EWR,0.018,0.640,0.096,0.074,0.22,Medium
5729,2025-08-05,ORD,FNT,0.004,0.512,0.234,0.080,0.22,Medium
2177,2025-08-09,ORD,MSN,0.009,0.642,0.011,0.177,0.22,Medium
1741,2025-08-12,ORD,JAC,0.006,0.625,0.085,0.140,0.22,Medium
1421,2025-08-03,ORD,FLL,0.002,0.678,0.117,0.029,0.22,Medium
1270,2025-08-10,ORD,PUJ,0.012,0.680,0.064,0.074,0.22,Medium
3571,2025-08-03,ORD,IND,0.009,0.660,0.043,0.100,0.22,Medium
4390,2025-08-04,ORD,CHA,0.009,0.621,0.138,0.037,0.22,Medium
342,2025-08-02,ORD,GCM,0.014,0.540,0.117,0.166,0.22,Medium
4436,2025-08-05,ORD,SGF,0.007,0.534,0.191,0.051,0.22,Medium
2008,2025-08-12,ORD,MCO,0.013,0.554,0.106,0.143,0.22,Medium
3696,2025-08-13,ORD,CVG,0.008,0.656,0.064,0.089,0.22,Medium
1775,2025-08-03,ORD,FLL,0.012,0.716,0.032,0.023,0.22,Medium
600,2025-08-08,ORD,LAS,0.010,0.573,0.106,0.109,0.22,Medium
786,2025-08-02,ORD,BTV,0.007,0.676,0.021,0.151,0.22,Medium
2665,2025-08-10,ORD,IAH,0.013,0.570,0.128,0.083,0.22,Medium
4554,2025-08-09,ORD,GRB,0.007,0.610,0.021,0.206,0.22,Medium
1531,2025-08-07,ORD,DSM,0.011,0.547,0.117,0.174,0.22,Medium
2106,2025-08-14,ORD,SFO,0.013,0.510,0.117,0.249,0.22,Medium
1872,2025-08-06,ORD,MSP,0.006,0.589,0.106,0.134,0.22,Medium
5646,2025-08-08,ORD,ATW,0.008,0.676,0.021,0.071,0.22,Medium
758,2025-08-10,ORD,EWR,0.013,0.564,0.160,0.069,0.22,Medium
1421,2025-08-06,ORD,FLL,0.011,0.695,0.064,0.063,0.22,Medium
1643,2025-08-01,ORD,SEA,0.001,0.634,0.128,0.003,0.22,Medium
2465,2025-08-14,ORD,ORF,0.013,0.561,0.117,0.114,0.22,Medium
708,2025-08-08,ORD,MCI,0.010,0.530,0.181,0.097,0.22,Medium
2280,2025-08-09,ORD,MCO,0.002,0.733,0.074,0.020,0.22,Medium
1643,2025-08-02,ORD,SEA,0.002,0.683,0.085,0.009,0.22,Medium
2071,2025-08-02,ORD,SAN,0.010,0.670,0.085,0.029,0.22,Medium
2290,2025-08-07,ORD,DFW,0.001,0.659,0.074,0.066,0.22,Medium
1741,2025-08-11,ORD,JAC,0.007,0.659,0.064,0.126,0.22,Medium
2672,2025-08-03,ORD,PNS,0.010,0.668,0.021,0.086,0.22,Medium
2627,2025-08-06,ORD,MSP,0.015,0.509,0.149,0.197,0.22,Medium
788,2025-08-09,ORD,MYR,0.002,0.689,0.064,0.086,0.22,Medium
1224,2025-08-03,ORD,LAX,0.002,0.683,0.096,0.046,0.22,Medium
561,2025-08-11,ORD,MCI,0.013,0.527,0.106,0.157,0.22,Medium
1044,2025-08-06,ORD,LAX,0.002,0.596,0.138,0.137,0.22,Medium
5262,2025-08-09,ORD,LNK,0.008,0.621,0.128,0.037,0.22,Medium
3685,2025-08-01,ORD,DTW,0.010,0.591,0.074,0.117,0.22,Medium
1239,2025-08-12,ORD,ROC,0.012,0.476,0.106,0.240,0.22,Medium
609,2025-08-05,ORD,PHX,0.013,0.567,0.160,0.097,0.22,Medium
2226,2025-08-15,ORD,CLE,0.013,0.531,0.117,0.191,0.22,Medium
660,2025-08-09,ORD,SAN,0.001,0.741,0.000,0.114,0.22,Medium
2370,2025-08-13,ORD,BOS,0.011,0.604,0.053,0.160,0.22,Medium
533,2025-08-08,ORD,OMA,0.009,0.487,0.128,0.200,0.22,Medium
1920,2025-08-03,ORD,LAS,0.013,0.546,0.106,0.123,0.22,Medium
5763,2025-08-13,ORD,TUL,0.002,0.699,0.021,0.117,0.22,Medium
1803,2025-08-06,ORD,DEN,0.001,0.550,0.160,0.086,0.22,Medium
758,2025-08-12,ORD,EWR,0.005,0.604,0.096,0.094,0.22,Medium
1775,2025-08-08,ORD,FLL,0.011,0.646,0.043,0.083,0.22,Medium
2337,2025-08-01,ORD,IAD,0.012,0.555,0.128,0.137,0.22,Medium
1363,2025-08-05,ORD,LAX,0.013,0.624,0.043,0.103,0.22,Medium
3569,2025-08-02,ORD,ALB,0.011,0.663,0.043,0.080,0.22,Medium
2004,2025-08-04,ORD,SYR,0.012,0.639,0.085,0.106,0.22,Medium
5429,2025-08-05,ORD,TYS,0.006,0.645,0.064,0.094,0.22,Medium
2133,2025-08-06,ORD,EWR,0.018,0.577,0.149,0.040,0.22,Medium
2099,2025-08-09,ORD,IAH,0.007,0.564,0.074,0.260,0.22,Medium
2364,2025-08-11,ORD,CMH,0.014,0.617,0.043,0.129,0.22,Medium
2225,2025-08-03,ORD,PHX,0.011,0.627,0.074,0.063,0.22,Medium
1361,2025-08-04,ORD,STL,0.012,0.512,0.191,0.143,0.22,Medium
4809,2025-08-08,ORD,ICT,0.008,0.627,0.064,0.117,0.22,Medium
3536,2025-08-02,ORD,YUL,0.015,0.699,0.043,0.051,0.22,Medium
1082,2025-08-08,ORD,PIT,0.013,0.541,0.106,0.129,0.22,Medium
2653,2025-08-09,ORD,RDU,0.011,0.695,0.021,0.117,0.22,Medium
1811,2025-08-03,ORD,MSP,0.012,0.519,0.149,0.166,0.22,Medium
359,2025-08-03,ORD,MEX,0.001,0.610,0.149,0.046,0.22,Medium
1135,2025-08-02,ORD,SJO,0.010,0.732,0.053,0.020,0.22,Medium
4809,2025-08-02,ORD,ICT,0.001,0.541,0.191,0.106,0.22,Medium
1273,2025-08-08,ORD,SFO,0.001,0.603,0.170,0.029,0.22,Medium
2684,2025-08-03,ORD,FCA,0.013,0.628,0.064,0.160,0.22,Medium
275,2025-08-08,ORD,RAP,0.015,0.599,0.106,0.120,0.22,Medium
1857,2025-08-01,ORD,MIA,0.010,0.686,0.021,0.051,0.22,Medium
1564,2025-08-06,ORD,MSP,0.003,0.621,0.000,0.254,0.22,Medium
1082,2025-08-05,ORD,PIT,0.009,0.556,0.138,0.097,0.22,Medium
1899,2025-08-14,ORD,YYC,0.011,0.651,0.021,0.137,0.22,Medium
2691,2025-08-11,ORD,EWR,0.007,0.652,0.043,0.086,0.22,Medium
3568,2025-08-06,ORD,YYZ,0.010,0.706,0.000,0.100,0.22,Medium
2657,2025-08-14,ORD,IAH,0.010,0.570,0.106,0.109,0.22,Medium
5712,2025-08-13,ORD,GSP,0.007,0.591,0.160,0.023,0.22,Medium
2200,2025-08-09,ORD,SEA,0.013,0.588,0.053,0.171,0.22,Medium
1044,2025-08-13,ORD,LAX,0.001,0.531,0.128,0.251,0.22,Medium
2635,2025-08-09,ORD,CLT,0.014,0.642,0.021,0.174,0.22,Medium
2653,2025-08-04,ORD,RDU,0.013,0.534,0.223,0.049,0.22,Medium
5536,2025-08-04,ORD,SAT,0.027,0.641,0.064,0.066,0.22,Medium
1848,2025-08-14,ORD,ATL,0.011,0.599,0.106,0.051,0.22,Medium
2011,2025-08-07,ORD,YVR,0.014,0.592,0.074,0.106,0.22,Medium
1834,2025-08-06,ORD,TPA,0.027,0.640,0.043,0.046,0.22,Medium
378,2025-08-11,ORD,LAX,0.012,0.604,0.117,0.069,0.22,Medium
1146,2025-08-15,ORD,MBJ,0.014,0.417,0.170,0.223,0.22,Medium
5124,2025-08-04,ORD,EAU,0.007,0.567,0.181,0.080,0.22,Medium
1975,2025-08-01,ORD,ATL,0.001,0.576,0.117,0.120,0.22,Medium
660,2025-08-04,ORD,SAN,0.011,0.580,0.138,0.049,0.22,Medium
2487,2025-08-01,ORD,PHL,0.014,0.576,0.043,0.174,0.22,Medium
752,2025-08-01,ORD,DCA,0.011,0.655,0.074,0.023,0.22,Medium
2137,2025-08-08,ORD,SLC,0.010,0.610,0.032,0.151,0.22,Medium
786,2025-08-07,ORD,BTV,0.008,0.585,0.064,0.226,0.22,Medium
5280,2025-08-12,ORD,DSM,0.002,0.598,0.032,0.280,0.22,Medium
2011,2025-08-06,ORD,YVR,0.014,0.589,0.064,0.120,0.22,Medium
2616,2025-08-03,ORD,PDX,0.011,0.634,0.074,0.123,0.22,Medium
938,2025-08-02,ORD,LHR,0.010,0.578,0.074,0.177,0.22,Medium
1377,2025-08-02,ORD,MYR,0.005,0.701,0.021,0.091,0.22,Medium
1304,2025-08-11,ORD,LAS,0.013,0.564,0.138,0.077,0.22,Medium
1538,2025-08-11,ORD,SAV,0.008,0.651,0.064,0.046,0.22,Medium
5292,2025-08-13,ORD,MTY,0.017,0.620,0.138,0.017,0.22,Medium
2483,2025-08-08,ORD,IAH,0.013,0.534,0.170,0.100,0.22,Medium
5603,2025-08-05,ORD,FNT,0.006,0.665,0.085,0.097,0.22,Medium
2418,2025-08-03,ORD,PHL,0.001,0.650,0.011,0.171,0.22,Medium
5968,2025-08-09,ORD,ACK,0.001,0.813,0.000,0.011,0.22,Medium
5323,2025-08-02,ORD,CID,0.014,0.649,0.021,0.094,0.22,Medium
3422,2025-08-01,ORD,DTW,0.007,0.527,0.160,0.129,0.22,Medium
4452,2025-08-12,ORD,RIC,0.008,0.698,0.043,0.031,0.22,Medium
767,2025-08-05,ORD,DEN,0.015,0.545,0.074,0.189,0.22,Medium
2672,2025-08-08,ORD,PNS,0.012,0.646,0.032,0.091,0.22,Medium
2370,2025-08-05,ORD,BOS,0.012,0.594,0.096,0.100,0.22,Medium
1583,2025-08-02,ORD,BWI,0.014,0.539,0.096,0.223,0.22,Medium
3706,2025-08-02,ORD,MSN,0.013,0.641,0.000,0.171,0.22,Medium
2609,2025-08-15,ORD,SNA,0.008,0.581,0.149,0.057,0.22,Medium
1270,2025-08-06,ORD,PUJ,0.013,0.671,0.053,0.097,0.22,Medium
609,2025-08-04,ORD,PHX,0.013,0.561,0.170,0.083,0.22,Medium
5437,2025-08-09,ORD,DLH,0.010,0.589,0.117,0.089,0.22,Medium
763,2025-08-10,ORD,PWM,0.015,0.680,0.021,0.063,0.22,Medium
2440,2025-08-10,ORD,LAS,0.015,0.543,0.138,0.114,0.22,Medium
708,2025-08-09,ORD,MCI,0.013,0.560,0.149,0.134,0.22,Medium
1068,2025-08-02,ORD,IAD,0.001,0.671,0.021,0.194,0.22,Medium
3693,2025-08-02,ORD,PIT,0.009,0.684,0.021,0.057,0.22,Medium
587,2025-08-15,ORD,YUL,0.017,0.512,0.117,0.171,0.22,Medium
411,2025-08-13,ORD,DTW,0.009,0.525,0.064,0.277,0.22,Medium
912,2025-08-02,ORD,KEF,0.008,0.553,0.064,0.269,0.22,Medium
2618,2025-08-06,ORD,STL,0.011,0.480,0.117,0.286,0.22,Medium
5280,2025-08-06,ORD,DSM,0.008,0.570,0.043,0.200,0.22,Medium
1097,2025-08-11,ORD,DCA,0.008,0.575,0.181,0.083,0.22,Medium
721,2025-08-06,ORD,BOS,0.013,0.655,0.053,0.080,0.22,Medium
2337,2025-08-04,ORD,IAD,0.012,0.594,0.096,0.074,0.22,Medium
1920,2025-08-02,ORD,LAS,0.013,0.558,0.117,0.160,0.22,Medium
380,2025-08-05,ORD,JAX,0.082,0.430,0.138,0.031,0.22,Medium
1525,2025-08-14,ORD,AUS,0.010,0.599,0.106,0.060,0.22,Medium
1740,2025-08-09,ORD,RSW,0.002,0.586,0.128,0.071,0.22,Medium
1120,2025-08-02,ORD,LIR,0.002,0.713,0.053,0.051,0.22,Medium
2440,2025-08-06,ORD,LAS,0.008,0.494,0.202,0.126,0.22,Medium
3493,2025-08-07,ORD,DTW,0.009,0.577,0.160,0.109,0.22,Medium
1834,2025-08-12,ORD,TPA,0.012,0.542,0.149,0.074,0.22,Medium
2137,2025-08-11,ORD,SLC,0.012,0.604,0.032,0.163,0.22,Medium
5646,2025-08-09,ORD,ATW,0.004,0.556,0.138,0.123,0.22,Medium
5841,2025-08-08,ORD,MEM,0.046,0.660,0.011,0.040,0.22,Medium
1297,2025-08-10,ORD,DFW,0.012,0.685,0.064,0.074,0.22,Medium
5435,2025-08-01,ORD,BDL,0.009,0.634,0.053,0.109,0.22,Medium
5446,2025-08-03,ORD,CLE,0.010,0.613,0.117,0.091,0.22,Medium
2100,2025-08-14,ORD,SLC,0.012,0.591,0.074,0.174,0.22,Medium
3523,2025-08-13,ORD,RIC,0.012,0.634,0.096,0.097,0.22,Medium
4429,2025-08-03,ORD,FSD,0.006,0.534,0.170,0.106,0.22,Medium
1933,2025-08-10,ORD,LAS,0.012,0.570,0.085,0.154,0.22,Medium
5577,2025-08-08,ORD,JAX,0.001,0.692,0.096,0.020,0.22,Medium
1996,2025-08-14,ORD,SJU,0.002,0.575,0.128,0.137,0.22,Medium
609,2025-08-11,ORD,PHX,0.015,0.570,0.096,0.151,0.22,Medium
307,2025-08-07,ORD,COS,0.007,0.625,0.064,0.146,0.22,Medium
307,2025-08-05,ORD,COS,0.010,0.573,0.160,0.111,0.22,Medium
1270,2025-08-05,ORD,PUJ,0.002,0.631,0.106,0.083,0.22,Medium
5260,2025-08-10,ORD,FSD,0.005,0.676,0.085,0.069,0.22,Medium
1301,2025-08-04,ORD,ICT,0.011,0.564,0.085,0.134,0.22,Medium
5229,2025-08-01,ORD,ILM,0.012,0.570,0.191,0.043,0.22,Medium
2200,2025-08-08,ORD,SEA,0.006,0.621,0.000,0.243,0.22,Medium
1525,2025-08-07,ORD,AUS,0.000,0.618,0.096,0.134,0.22,Medium
2653,2025-08-08,ORD,RDU,0.011,0.613,0.032,0.143,0.22,Medium
1156,2025-08-10,ORD,MSY,0.013,0.534,0.096,0.180,0.22,Medium
1634,2025-08-01,ORD,IAD,0.013,0.558,0.117,0.149,0.22,Medium
2483,2025-08-13,ORD,IAH,0.013,0.500,0.202,0.126,0.22,Medium
764,2025-08-15,ORD,YYC,0.012,0.651,0.000,0.140,0.22,Medium
2106,2025-08-07,ORD,SFO,0.012,0.540,0.053,0.217,0.22,Medium
2280,2025-08-15,ORD,MCO,0.002,0.542,0.170,0.120,0.22,Medium
1659,2025-08-12,ORD,CUN,0.019,0.725,0.011,0.014,0.22,Medium
399,2025-08-05,ORD,BOS,0.009,0.575,0.160,0.086,0.22,Medium
2609,2025-08-06,ORD,SNA,0.012,0.750,0.000,0.034,0.22,Medium
2483,2025-08-03,ORD,IAH,0.012,0.622,0.106,0.089,0.22,Medium
1923,2025-08-10,ORD,CID,0.014,0.564,0.085,0.157,0.22,Medium
5980,2025-08-02,ORD,GTF,0.014,0.598,0.096,0.069,0.22,Medium
609,2025-08-02,ORD,PHX,0.013,0.619,0.043,0.169,0.22,Medium
2616,2025-08-04,ORD,PDX,0.019,0.604,0.053,0.143,0.22,Medium
1270,2025-08-13,ORD,PUJ,0.013,0.561,0.128,0.143,0.22,Medium
1808,2025-08-03,ORD,CLE,0.014,0.548,0.053,0.260,0.22,Medium
2040,2025-08-09,ORD,DEN,0.015,0.534,0.000,0.289,0.22,Medium
2385,2025-08-14,ORD,MSO,0.014,0.581,0.085,0.154,0.22,Medium
3569,2025-08-09,ORD,ALB,0.010,0.613,0.138,0.071,0.22,Medium
1291,2025-08-06,ORD,IAH,0.010,0.637,0.000,0.226,0.22,Medium
791,2025-08-02,ORD,DEN,0.020,0.678,0.074,0.040,0.22,Medium
2385,2025-08-02,ORD,MSO,0.009,0.640,0.011,0.189,0.22,Medium
5429,2025-08-06,ORD,TYS,0.017,0.591,0.074,0.086,0.22,Medium
2226,2025-08-09,ORD,CLE,0.007,0.418,0.160,0.297,0.22,Medium
3614,2025-08-13,ORD,MCI,0.004,0.627,0.106,0.100,0.22,Medium
3610,2025-08-14,ORD,YQB,0.005,0.627,0.064,0.054,0.21,Medium
2649,2025-08-12,ORD,EWR,0.006,0.565,0.117,0.091,0.21,Medium
1920,2025-08-07,ORD,LAS,0.013,0.531,0.043,0.151,0.21,Medium
1577,2025-08-14,ORD,SFO,0.013,0.580,0.021,0.157,0.21,Medium
293,2025-08-11,ORD,LGA,0.014,0.650,0.032,0.060,0.21,Medium
4406,2025-08-08,ORD,TVC,0.006,0.599,0.021,0.114,0.21,Medium
1525,2025-08-01,ORD,AUS,0.010,0.694,0.000,0.069,0.21,Medium
2635,2025-08-08,ORD,CLT,0.012,0.525,0.096,0.083,0.21,Medium
5427,2025-08-14,ORD,PIA,0.005,0.523,0.149,0.074,0.21,Medium
4571,2025-08-11,ORD,XNA,0.007,0.523,0.128,0.057,0.21,Medium
343,2025-08-01,ORD,SFO,0.011,0.629,0.043,0.080,0.21,Medium
3498,2025-08-04,ORD,CVG,0.012,0.505,0.170,0.077,0.21,Medium
561,2025-08-08,ORD,MCI,0.010,0.547,0.043,0.134,0.21,Medium
2176,2025-08-09,ORD,STT,0.006,0.584,0.021,0.137,0.21,Medium
5383,2025-08-09,ORD,TVC,0.012,0.676,0.021,0.051,0.21,Medium
5607,2025-08-10,ORD,TUS,0.005,0.551,0.096,0.074,0.21,Medium
4563,2025-08-07,ORD,FSD,0.006,0.512,0.128,0.077,0.21,Medium
293,2025-08-13,ORD,LGA,0.004,0.575,0.117,0.083,0.21,Medium
2290,2025-08-03,ORD,DFW,0.010,0.616,0.085,0.043,0.21,Medium
4809,2025-08-07,ORD,ICT,0.009,0.570,0.011,0.157,0.21,Medium
3571,2025-08-13,ORD,DSM,0.007,0.591,0.000,0.217,0.21,Medium
286,2025-08-05,ORD,CLE,0.002,0.497,0.106,0.200,0.21,Medium
2385,2025-08-05,ORD,MSO,0.012,0.529,0.043,0.203,0.21,Medium
2092,2025-08-09,ORD,LGA,0.007,0.663,0.011,0.023,0.21,Medium
5260,2025-08-07,ORD,FSD,0.000,0.665,0.000,0.123,0.21,Medium
1304,2025-08-10,ORD,LAS,0.010,0.562,0.064,0.103,0.21,Medium
2182,2025-08-10,ORD,PHL,0.008,0.589,0.043,0.094,0.21,Medium
1448,2025-08-09,ORD,BUF,0.009,0.465,0.160,0.149,0.21,Medium
5603,2025-08-07,ORD,FNT,0.005,0.643,0.043,0.089,0.21,Medium
4468,2025-08-10,ORD,LEX,0.008,0.687,0.000,0.077,0.21,Medium
5984,2025-08-02,ORD,BIL,0.001,0.620,0.021,0.129,0.21,Medium
1531,2025-08-05,ORD,DSM,0.007,0.443,0.138,0.226,0.21,Medium
3654,2025-08-07,ORD,STL,0.008,0.570,0.064,0.097,0.21,Medium
3610,2025-08-13,ORD,YQB,0.008,0.577,0.085,0.066,0.21,Medium
2418,2025-08-02,ORD,PHL,0.001,0.707,0.000,0.086,0.21,Medium
2635,2025-08-01,ORD,CLT,0.035,0.607,0.032,0.049,0.21,Medium
1657,2025-08-02,ORD,LGA,0.026,0.618,0.021,0.057,0.21,Medium
1740,2025-08-10,ORD,RSW,0.002,0.671,0.053,0.043,0.21,Medium
1803,2025-08-13,ORD,DEN,0.002,0.627,0.074,0.074,0.21,Medium
5819,2025-08-13,ORD,DLH,0.008,0.512,0.181,0.031,0.21,Medium
1594,2025-08-04,ORD,ABQ,0.007,0.560,0.053,0.154,0.21,Medium
1878,2025-08-08,ORD,SFO,0.013,0.605,0.043,0.091,0.21,Medium
1205,2025-08-01,ORD,EWR,0.013,0.576,0.085,0.040,0.21,Medium
399,2025-08-06,ORD,BOS,0.009,0.558,0.064,0.100,0.21,Medium
2387,2025-08-04,ORD,MCO,0.013,0.680,0.021,0.040,0.21,Medium
660,2025-08-10,ORD,SAN,0.002,0.621,0.000,0.137,0.21,Medium
4549,2025-08-02,ORD,MLI,0.004,0.632,0.000,0.114,0.21,Medium
5601,2025-08-13,ORD,FNT,0.002,0.512,0.181,0.069,0.21,Medium
1448,2025-08-13,ORD,BUF,0.009,0.521,0.096,0.120,0.21,Medium
2653,2025-08-12,ORD,RDU,0.011,0.607,0.011,0.103,0.21,Medium
1363,2025-08-04,ORD,LAX,0.013,0.575,0.085,0.040,0.21,Medium
5948,2025-08-10,ORD,BNA,0.011,0.627,0.011,0.074,0.21,Medium
1832,2025-08-01,ORD,CMH,0.001,0.461,0.085,0.280,0.21,Medium
1803,2025-08-01,ORD,DEN,0.012,0.572,0.074,0.106,0.21,Medium
5731,2025-08-13,ORD,STL,0.005,0.577,0.064,0.114,0.21,Medium
5420,2025-08-01,ORD,MLI,0.008,0.643,0.021,0.037,0.21,Medium
2100,2025-08-11,ORD,SLC,0.012,0.601,0.011,0.114,0.21,Medium
2370,2025-08-03,ORD,BOS,0.011,0.601,0.032,0.069,0.21,Medium
1815,2025-08-11,ORD,MSY,0.011,0.559,0.064,0.097,0.21,Medium
2653,2025-08-13,ORD,RDU,0.001,0.622,0.000,0.160,0.21,Medium
5260,2025-08-04,ORD,FSD,0.007,0.534,0.138,0.051,0.21,Medium
2189,2025-08-10,ORD,LGA,0.012,0.591,0.064,0.031,0.21,Medium
503,2025-08-14,ORD,DEN,0.009,0.557,0.106,0.083,0.21,Medium
5230,2025-08-08,ORD,CRW,0.010,0.567,0.128,0.054,0.21,Medium
2385,2025-08-07,ORD,MSO,0.001,0.601,0.043,0.123,0.21,Medium
5795,2025-08-14,ORD,TUL,0.010,0.541,0.043,0.149,0.21,Medium
1492,2025-08-10,ORD,CMH,0.010,0.447,0.170,0.134,0.21,Medium
764,2025-08-14,ORD,YYC,0.001,0.525,0.128,0.106,0.21,Medium
5646,2025-08-13,ORD,ATW,0.004,0.610,0.074,0.049,0.21,Medium
587,2025-08-14,ORD,YUL,0.014,0.568,0.043,0.077,0.21,Medium
1100,2025-08-07,ORD,PDX,0.010,0.668,0.011,0.046,0.21,Medium
3409,2025-08-04,ORD,YOW,0.014,0.541,0.043,0.214,0.21,Medium
1778,2025-08-02,ORD,OMA,0.016,0.594,0.021,0.106,0.21,Medium
1044,2025-08-12,ORD,LAX,0.002,0.508,0.074,0.240,0.21,Medium
1594,2025-08-06,ORD,ABQ,0.007,0.534,0.106,0.111,0.21,Medium
3654,2025-08-03,ORD,STL,0.009,0.505,0.085,0.163,0.21,Medium
5337,2025-08-07,ORD,ROA,0.010,0.584,0.043,0.080,0.21,Medium
445,2025-08-11,ORD,ANC,0.013,0.403,0.085,0.286,0.21,Medium
1848,2025-08-13,ORD,ATL,0.011,0.534,0.160,0.063,0.21,Medium
275,2025-08-15,ORD,RAP,0.012,0.516,0.085,0.114,0.21,Medium
2182,2025-08-02,ORD,PHL,0.008,0.639,0.053,0.074,0.21,Medium
576,2025-08-06,ORD,LAX,0.014,0.559,0.032,0.154,0.21,Medium
2440,2025-08-01,ORD,LAS,0.015,0.573,0.053,0.097,0.21,Medium
1485,2025-08-03,ORD,SEA,0.036,0.546,0.000,0.109,0.21,Medium
1830,2025-08-06,ORD,DSM,0.013,0.538,0.043,0.226,0.21,Medium
4554,2025-08-01,ORD,GRB,0.007,0.665,0.000,0.049,0.21,Medium
563,2025-08-09,ORD,EWR,0.002,0.638,0.032,0.043,0.21,Medium
2672,2025-08-06,ORD,PNS,0.009,0.564,0.085,0.060,0.21,Medium
5289,2025-08-14,ORD,CRW,0.007,0.501,0.106,0.126,0.21,Medium
1657,2025-08-03,ORD,LGA,0.013,0.581,0.074,0.034,0.21,Medium
1775,2025-08-14,ORD,FLL,0.012,0.652,0.011,0.071,0.21,Medium
1842,2025-08-03,ORD,SAN,0.012,0.583,0.032,0.103,0.21,Medium
1414,2025-08-05,ORD,BOI,0.001,0.567,0.053,0.126,0.21,Medium
5836,2025-08-03,ORD,TYS,0.011,0.610,0.021,0.083,0.21,Medium
2333,2025-08-06,ORD,BWI,0.013,0.591,0.032,0.126,0.21,Medium
600,2025-08-04,ORD,LAS,0.010,0.546,0.096,0.051,0.21,Medium
5977,2025-08-10,ORD,ICT,0.012,0.512,0.106,0.094,0.21,Medium
2225,2025-08-11,ORD,PHX,0.011,0.558,0.043,0.160,0.21,Medium
2609,2025-08-12,ORD,SNA,0.008,0.590,0.064,0.054,0.21,Medium
1996,2025-08-13,ORD,SJU,0.007,0.597,0.021,0.126,0.21,Medium
5262,2025-08-08,ORD,LNK,0.012,0.534,0.106,0.057,0.21,Medium
5603,2025-08-09,ORD,FNT,0.006,0.632,0.011,0.094,0.21,Medium
5269,2025-08-03,ORD,PIA,0.004,0.578,0.096,0.063,0.21,Medium
1387,2025-08-15,ORD,SFO,0.007,0.622,0.064,0.071,0.21,Medium
1414,2025-08-10,ORD,BOI,0.012,0.596,0.053,0.103,0.21,Medium
4184,2025-08-10,ORD,DAY,0.008,0.567,0.053,0.089,0.21,Medium
767,2025-08-04,ORD,DEN,0.014,0.583,0.085,0.080,0.21,Medium
1198,2025-08-02,ORD,CUN,0.011,0.704,0.000,0.031,0.21,Medium
5021,2025-08-03,ORD,SUX,0.012,0.545,0.117,0.074,0.21,Medium
769,2025-08-03,ORD,BCN,0.005,0.416,0.128,0.226,0.21,Medium
2337,2025-08-11,ORD,IAD,0.012,0.616,0.000,0.149,0.21,Medium
3638,2025-08-06,ORD,CHS,0.007,0.656,0.011,0.023,0.21,Medium
5963,2025-08-07,ORD,BDL,0.000,0.536,0.117,0.094,0.21,Medium
2144,2025-08-14,ORD,YYZ,0.011,0.530,0.096,0.069,0.21,Medium
4529,2025-08-03,ORD,SGF,0.009,0.643,0.011,0.060,0.21,Medium
4452,2025-08-08,ORD,RIC,0.007,0.654,0.043,0.049,0.21,Medium
5395,2025-08-03,ORD,GSO,0.009,0.582,0.053,0.074,0.21,Medium
3610,2025-08-09,ORD,YQB,0.008,0.663,0.000,0.066,0.21,Medium
2201,2025-08-15,ORD,MCO,0.012,0.543,0.074,0.137,0.21,Medium
466,2025-08-07,ORD,DCA,0.007,0.620,0.043,0.077,0.21,Medium
3694,2025-08-15,ORD,ROC,0.007,0.577,0.064,0.123,0.21,Medium
786,2025-08-08,ORD,BTV,0.008,0.545,0.032,0.154,0.21,Medium
1525,2025-08-03,ORD,AUS,0.012,0.594,0.043,0.086,0.21,Medium
2629,2025-08-10,ORD,CLE,0.013,0.515,0.053,0.177,0.21,Medium
2144,2025-08-15,ORD,YYZ,0.018,0.575,0.021,0.180,0.21,Medium
2364,2025-08-10,ORD,CMH,0.004,0.551,0.064,0.117,0.21,Medium
1899,2025-08-09,ORD,YYC,0.010,0.456,0.149,0.143,0.21,Medium
3536,2025-08-03,ORD,YUL,0.014,0.577,0.064,0.083,0.21,Medium
2038,2025-08-05,ORD,BUF,0.001,0.633,0.043,0.069,0.21,Medium
4574,2025-08-03,ORD,YOW,0.008,0.567,0.064,0.080,0.21,Medium
2343,2025-08-04,ORD,IND,0.013,0.546,0.000,0.223,0.21,Medium
752,2025-08-11,ORD,DCA,0.011,0.633,0.000,0.060,0.21,Medium
4610,2025-08-14,ORD,XNA,0.013,0.545,0.128,0.040,0.21,Medium
3614,2025-08-06,ORD,MCI,0.004,0.512,0.160,0.089,0.21,Medium
3464,2025-08-01,ORD,PIT,0.003,0.541,0.160,0.086,0.21,Medium
4739,2025-08-02,ORD,GRB,0.008,0.599,0.085,0.026,0.21,Medium
5646,2025-08-06,ORD,ATW,0.004,0.621,0.021,0.074,0.21,Medium
2494,2025-08-05,ORD,MCI,0.015,0.500,0.032,0.243,0.21,Medium
2113,2025-08-01,ORD,FSD,0.014,0.535,0.000,0.206,0.21,Medium
4542,2025-08-05,ORD,LIT,0.007,0.599,0.011,0.109,0.21,Medium
5353,2025-08-03,ORD,GRR,0.000,0.687,0.011,0.077,0.21,Medium
5274,2025-08-07,ORD,SBN,0.002,0.567,0.106,0.089,0.21,Medium
1848,2025-08-10,ORD,ATL,0.010,0.577,0.053,0.071,0.21,Medium
5226,2025-08-09,ORD,YHZ,0.017,0.512,0.096,0.089,0.21,Medium
1643,2025-08-11,ORD,SEA,0.002,0.610,0.096,0.034,0.21,Medium
1301,2025-08-09,ORD,ICT,0.008,0.517,0.021,0.231,0.21,Medium
3601,2025-08-13,ORD,YYZ,0.013,0.598,0.064,0.066,0.21,Medium
380,2025-08-07,ORD,JAX,0.012,0.612,0.064,0.069,0.21,Medium
2071,2025-08-03,ORD,SAN,0.002,0.707,0.000,0.000,0.21,Medium
660,2025-08-06,ORD,SAN,0.011,0.651,0.011,0.083,0.21,Medium
3718,2025-08-15,ORD,MSN,0.010,0.534,0.053,0.160,0.21,Medium
1328,2025-08-03,ORD,SMF,0.013,0.570,0.053,0.154,0.21,Medium
286,2025-08-15,ORD,CLE,0.001,0.549,0.085,0.166,0.21,Medium
3493,2025-08-12,ORD,DTW,0.004,0.527,0.160,0.066,0.21,Medium
4429,2025-08-13,ORD,FSD,0.008,0.599,0.074,0.074,0.21,Medium
445,2025-08-03,ORD,ANC,0.013,0.424,0.170,0.169,0.21,Medium
5874,2025-08-05,ORD,PIA,0.008,0.567,0.096,0.060,0.21,Medium
5536,2025-08-14,ORD,SAT,0.011,0.541,0.053,0.143,0.21,Medium
378,2025-08-03,ORD,LAX,0.012,0.610,0.043,0.034,0.21,Medium
2609,2025-08-01,ORD,SNA,0.008,0.568,0.085,0.060,0.21,Medium
5564,2025-08-14,ORD,SBN,0.007,0.567,0.085,0.106,0.21,Medium
5795,2025-08-10,ORD,TUL,0.000,0.582,0.064,0.117,0.21,Medium
1205,2025-08-14,ORD,EWR,0.013,0.570,0.043,0.114,0.21,Medium
5930,2025-08-01,ORD,FAR,0.004,0.643,0.000,0.069,0.21,Medium
4185,2025-08-08,ORD,STL,0.006,0.632,0.000,0.089,0.21,Medium
1414,2025-08-04,ORD,BOI,0.012,0.551,0.117,0.080,0.21,Medium
1387,2025-08-08,ORD,SFO,0.011,0.588,0.064,0.123,0.21,Medium
2343,2025-08-02,ORD,IND,0.009,0.476,0.032,0.331,0.21,Medium
3603,2025-08-07,ORD,CMH,0.010,0.555,0.053,0.166,0.21,Medium
5122,2025-08-14,ORD,EAU,0.023,0.610,0.000,0.051,0.21,Medium
5435,2025-08-11,ORD,BDL,0.012,0.634,0.000,0.077,0.21,Medium
5038,2025-08-09,ORD,PLN,0.005,0.534,0.128,0.086,0.21,Medium
2609,2025-08-14,ORD,SNA,0.012,0.629,0.021,0.066,0.21,Medium
708,2025-08-06,ORD,MCI,0.009,0.590,0.021,0.134,0.21,Medium
4588,2025-08-09,ORD,MDT,0.008,0.556,0.096,0.071,0.21,Medium
4387,2025-08-13,ORD,CID,0.005,0.501,0.138,0.097,0.21,Medium
468,2025-08-15,ORD,IAH,0.002,0.573,0.149,0.017,0.21,Medium
2071,2025-08-11,ORD,SAN,0.014,0.661,0.011,0.011,0.21,Medium
4406,2025-08-07,ORD,TVC,0.006,0.501,0.138,0.106,0.21,Medium
3440,2025-08-08,ORD,YYZ,0.001,0.605,0.074,0.057,0.21,Medium
2370,2025-08-15,ORD,BOS,0.011,0.588,0.043,0.094,0.21,Medium
1358,2025-08-03,ORD,RDU,0.001,0.599,0.043,0.131,0.21,Medium
611,2025-08-03,ORD,SFO,0.015,0.584,0.117,0.014,0.21,Medium
5269,2025-08-04,ORD,PIA,0.004,0.599,0.043,0.083,0.21,Medium
343,2025-08-11,ORD,SFO,0.006,0.650,0.000,0.054,0.21,Medium
5280,2025-08-07,ORD,DSM,0.009,0.548,0.064,0.137,0.21,Medium
4468,2025-08-01,ORD,LEX,0.008,0.632,0.000,0.103,0.21,Medium
1361,2025-08-05,ORD,STL,0.012,0.556,0.064,0.114,0.21,Medium
2333,2025-08-04,ORD,BWI,0.013,0.515,0.096,0.114,0.21,Medium
1239,2025-08-07,ORD,ROC,0.012,0.589,0.053,0.123,0.21,Medium
2225,2025-08-08,ORD,PHX,0.005,0.439,0.213,0.094,0.21,Medium
1068,2025-08-14,ORD,IAD,0.001,0.518,0.064,0.183,0.21,Medium
2364,2025-08-04,ORD,CMH,0.012,0.496,0.106,0.111,0.21,Medium
307,2025-08-01,ORD,COS,0.007,0.551,0.117,0.100,0.21,Medium
5420,2025-08-11,ORD,MLI,0.007,0.578,0.128,0.034,0.21,Medium
1538,2025-08-05,ORD,SAV,0.008,0.646,0.032,0.080,0.21,Medium
2618,2025-08-04,ORD,STL,0.011,0.509,0.085,0.166,0.21,Medium
602,2025-08-03,ORD,PHX,0.013,0.564,0.074,0.086,0.21,Medium
587,2025-08-02,ORD,YUL,0.014,0.594,0.021,0.143,0.21,Medium
4789,2025-08-10,ORD,FAR,0.008,0.591,0.021,0.103,0.21,Medium
1584,2025-08-15,ORD,LAX,0.014,0.580,0.106,0.063,0.21,Medium
2616,2025-08-12,ORD,PDX,0.014,0.522,0.074,0.106,0.21,Medium
1041,2025-08-01,ORD,GRR,0.012,0.512,0.085,0.157,0.21,Medium
600,2025-08-01,ORD,LAS,0.007,0.585,0.021,0.177,0.21,Medium
2004,2025-08-01,ORD,SYR,0.012,0.621,0.021,0.094,0.21,Medium
3571,2025-08-10,ORD,IND,0.009,0.548,0.085,0.143,0.21,Medium
5358,2025-08-05,ORD,CAK,0.006,0.632,0.064,0.054,0.21,Medium
5557,2025-08-02,ORD,OKC,0.007,0.605,0.000,0.131,0.21,Medium
611,2025-08-12,ORD,SFO,0.001,0.545,0.181,0.009,0.21,Medium
1239,2025-08-15,ORD,ROC,0.012,0.567,0.032,0.194,0.21,Medium
2189,2025-08-14,ORD,LGA,0.007,0.614,0.032,0.063,0.21,Medium
1316,2025-08-01,ORD,SRQ,0.000,0.607,0.096,0.063,0.21,Medium
1421,2025-08-01,ORD,FLL,0.002,0.597,0.106,0.040,0.21,Medium
286,2025-08-14,ORD,CLE,0.006,0.500,0.000,0.289,0.21,Medium
2672,2025-08-09,ORD,PNS,0.010,0.655,0.064,0.003,0.21,Medium
2385,2025-08-04,ORD,MSO,0.010,0.539,0.043,0.154,0.21,Medium
2657,2025-08-06,ORD,IAH,0.021,0.598,0.021,0.089,0.21,Medium
5375,2025-08-06,ORD,GRB,0.010,0.610,0.064,0.080,0.21,Medium
5946,2025-08-15,ORD,RAP,0.007,0.645,0.011,0.077,0.21,Medium
1301,2025-08-03,ORD,ICT,0.009,0.560,0.000,0.180,0.21,Medium
729,2025-08-01,ORD,DFW,0.002,0.655,0.043,0.066,0.21,Medium
2302,2025-08-07,ORD,BWI,0.001,0.596,0.064,0.066,0.21,Medium
1899,2025-08-04,ORD,YYC,0.008,0.543,0.053,0.134,0.21,Medium
1361,2025-08-06,ORD,STL,0.012,0.434,0.128,0.234,0.21,Medium
1933,2025-08-15,ORD,LAS,0.014,0.546,0.106,0.097,0.21,Medium
1594,2025-08-14,ORD,ABQ,0.008,0.556,0.096,0.114,0.21,Medium
1941,2025-08-06,ORD,CVG,0.008,0.508,0.117,0.146,0.21,Medium
2440,2025-08-15,ORD,LAS,0.015,0.512,0.106,0.126,0.21,Medium
1139,2025-08-01,ORD,DSM,0.011,0.534,0.043,0.189,0.21,Medium
2649,2025-08-10,ORD,EWR,0.006,0.484,0.160,0.077,0.21,Medium
1793,2025-08-13,ORD,MSP,0.016,0.538,0.085,0.060,0.21,Medium
2483,2025-08-01,ORD,IAH,0.012,0.588,0.021,0.180,0.21,Medium
2683,2025-08-06,ORD,SAN,0.013,0.650,0.032,0.074,0.21,Medium
1381,2025-08-11,ORD,DCA,0.012,0.621,0.000,0.117,0.21,Medium
2672,2025-08-05,ORD,PNS,0.009,0.638,0.064,0.057,0.21,Medium
4426,2025-08-10,ORD,BUF,0.011,0.599,0.043,0.049,0.21,Medium
247,2025-08-04,ORD,OMA,0.011,0.563,0.074,0.111,0.21,Medium
1920,2025-08-05,ORD,LAS,0.016,0.509,0.032,0.229,0.21,Medium
1909,2025-08-06,ORD,TVC,0.009,0.501,0.117,0.174,0.21,Medium
4739,2025-08-12,ORD,GRB,0.008,0.643,0.053,0.049,0.21,Medium
1778,2025-08-01,ORD,OMA,0.010,0.525,0.160,0.077,0.21,Medium
5729,2025-08-02,ORD,FNT,0.004,0.578,0.085,0.083,0.21,Medium
1909,2025-08-07,ORD,TVC,0.005,0.555,0.021,0.191,0.21,Medium
1421,2025-08-15,ORD,FLL,0.012,0.567,0.106,0.049,0.21,Medium
561,2025-08-05,ORD,MCI,0.013,0.515,0.096,0.166,0.21,Medium
4501,2025-08-11,ORD,AVP,0.004,0.490,0.181,0.051,0.21,Medium
1413,2025-08-07,ORD,LGA,0.011,0.690,0.032,0.020,0.21,Medium
2195,2025-08-11,ORD,BDL,0.010,0.548,0.021,0.169,0.21,Medium
1068,2025-08-08,ORD,IAD,0.002,0.509,0.096,0.163,0.21,Medium
1082,2025-08-04,ORD,PIT,0.013,0.581,0.053,0.109,0.21,Medium
2361,2025-08-07,ORD,LAX,0.000,0.566,0.106,0.097,0.21,Medium
5585,2025-08-14,ORD,ATW,0.008,0.599,0.074,0.077,0.21,Medium
587,2025-08-04,ORD,YUL,0.017,0.637,0.000,0.111,0.21,Medium
5843,2025-08-07,ORD,ECP,0.007,0.684,0.021,0.014,0.21,Medium
4585,2025-08-12,ORD,DAY,0.008,0.512,0.181,0.077,0.21,Medium
5118,2025-08-07,ORD,PLN,0.012,0.534,0.138,0.054,0.21,Medium
1617,2025-08-08,ORD,PHL,0.007,0.591,0.074,0.083,0.21,Medium
247,2025-08-03,ORD,OMA,0.013,0.541,0.053,0.120,0.21,Medium
1304,2025-08-01,ORD,LAS,0.007,0.531,0.064,0.137,0.21,Medium
764,2025-08-12,ORD,YYC,0.002,0.634,0.021,0.097,0.21,Medium
2683,2025-08-01,ORD,SAN,0.013,0.627,0.000,0.091,0.21,Medium
1634,2025-08-04,ORD,IAD,0.012,0.564,0.021,0.154,0.21,Medium
1328,2025-08-04,ORD,SMF,0.013,0.531,0.085,0.171,0.21,Medium
587,2025-08-12,ORD,YUL,0.017,0.463,0.170,0.097,0.21,Medium
4184,2025-08-05,ORD,DAY,0.009,0.545,0.096,0.083,0.21,Medium
4809,2025-08-04,ORD,ICT,0.008,0.555,0.138,0.077,0.21,Medium
307,2025-08-06,ORD,COS,0.007,0.482,0.128,0.160,0.21,Medium
1198,2025-08-15,ORD,CUN,0.010,0.640,0.085,0.017,0.21,Medium
276,2025-08-06,ORD,IAD,0.015,0.422,0.000,0.369,0.21,Medium
2653,2025-08-15,ORD,RDU,0.011,0.549,0.074,0.097,0.21,Medium
5601,2025-08-12,ORD,FNT,0.004,0.490,0.213,0.051,0.21,Medium
1872,2025-08-07,ORD,MSP,0.013,0.465,0.138,0.174,0.21,Medium
1823,2025-08-10,ORD,IAH,0.002,0.629,0.096,0.014,0.21,Medium
1209,2025-08-02,ORD,EWR,0.016,0.531,0.064,0.140,0.21,Medium
1209,2025-08-11,ORD,EWR,0.010,0.588,0.032,0.114,0.21,Medium
563,2025-08-15,ORD,EWR,0.002,0.559,0.138,0.051,0.21,Medium
5852,2025-08-10,ORD,HSV,0.011,0.555,0.085,0.109,0.21,Medium
4389,2025-08-06,ORD,CID,0.009,0.632,0.021,0.094,0.21,Medium
3422,2025-08-08,ORD,DTW,0.007,0.584,0.074,0.071,0.21,Medium
5337,2025-08-03,ORD,ROA,0.012,0.613,0.043,0.106,0.21,Medium
4461,2025-08-08,ORD,ABE,0.005,0.589,0.096,0.037,0.21,Medium
399,2025-08-03,ORD,BOS,0.008,0.598,0.021,0.117,0.21,Medium
1834,2025-08-03,ORD,TPA,0.012,0.598,0.043,0.043,0.21,Medium
1421,2025-08-05,ORD,FLL,0.001,0.580,0.149,0.034,0.21,Medium
1538,2025-08-15,ORD,SAV,0.008,0.612,0.043,0.074,0.21,Medium
1848,2025-08-15,ORD,ATL,0.010,0.581,0.074,0.066,0.21,Medium
1205,2025-08-05,ORD,EWR,0.013,0.594,0.053,0.040,0.21,Medium
2430,2025-08-02,ORD,BNA,0.011,0.603,0.032,0.131,0.21,Medium
1448,2025-08-11,ORD,BUF,0.012,0.564,0.053,0.134,0.21,Medium
467,2025-08-09,ORD,CMH,0.011,0.599,0.000,0.191,0.21,Medium
786,2025-08-04,ORD,BTV,0.003,0.585,0.043,0.154,0.21,Medium
2488,2025-08-15,ORD,LGA,0.012,0.581,0.085,0.014,0.21,Medium
2370,2025-08-01,ORD,BOS,0.011,0.594,0.000,0.151,0.21,Medium
5444,2025-08-01,ORD,LIT,0.008,0.621,0.085,0.054,0.21,Medium
1658,2025-08-01,ORD,EWR,0.002,0.628,0.053,0.114,0.21,Medium
5930,2025-08-02,ORD,FAR,0.016,0.559,0.096,0.103,0.21,Medium
1097,2025-08-08,ORD,DCA,0.008,0.607,0.043,0.100,0.21,Medium
4542,2025-08-07,ORD,LIT,0.005,0.545,0.117,0.057,0.21,Medium
2201,2025-08-11,ORD,MCO,0.013,0.485,0.160,0.097,0.21,Medium
782,2025-08-09,ORD,PIT,0.005,0.390,0.213,0.151,0.21,Medium
4429,2025-08-01,ORD,FSD,0.008,0.665,0.000,0.063,0.21,Medium
5383,2025-08-04,ORD,TVC,0.012,0.643,0.021,0.066,0.21,Medium
4429,2025-08-15,ORD,FSD,0.008,0.599,0.043,0.083,0.21,Medium
2666,2025-08-11,ORD,DEN,0.003,0.569,0.085,0.109,0.21,Medium
356,2025-08-15,ORD,ATL,0.000,0.499,0.181,0.046,0.21,Medium
2201,2025-08-03,ORD,MCO,0.013,0.604,0.043,0.083,0.21,Medium
3498,2025-08-03,ORD,CVG,0.011,0.634,0.011,0.106,0.21,Medium
1252,2025-08-11,ORD,DCA,0.001,0.612,0.096,0.066,0.21,Medium
2133,2025-08-13,ORD,EWR,0.013,0.577,0.074,0.066,0.21,Medium
1082,2025-08-11,ORD,PIT,0.013,0.498,0.096,0.109,0.21,Medium
503,2025-08-15,ORD,DEN,0.014,0.526,0.096,0.131,0.21,Medium
2649,2025-08-05,ORD,EWR,0.006,0.553,0.053,0.146,0.21,Medium
1946,2025-08-08,ORD,LGA,0.008,0.607,0.106,0.037,0.21,Medium
782,2025-08-02,ORD,PIT,0.010,0.506,0.106,0.163,0.21,Medium
5420,2025-08-05,ORD,MLI,0.007,0.589,0.043,0.091,0.21,Medium
1485,2025-08-10,ORD,SEA,0.012,0.616,0.032,0.111,0.21,Medium
5437,2025-08-13,ORD,DLH,0.010,0.676,0.000,0.091,0.21,Medium
1793,2025-08-15,ORD,MSP,0.013,0.564,0.064,0.097,0.21,Medium
5435,2025-08-14,ORD,BDL,0.012,0.620,0.043,0.094,0.21,Medium
1996,2025-08-15,ORD,SJU,0.001,0.501,0.181,0.120,0.21,Medium
5469,2025-08-03,ORD,CVG,0.007,0.548,0.053,0.146,0.21,Medium
2364,2025-08-15,ORD,CMH,0.009,0.543,0.085,0.131,0.21,Medium
5748,2025-08-08,ORD,YWG,0.014,0.497,0.096,0.143,0.21,Medium
938,2025-08-06,ORD,LHR,0.010,0.584,0.074,0.103,0.21,Medium
1525,2025-08-06,ORD,AUS,0.012,0.599,0.064,0.103,0.21,Medium
5215,2025-08-12,ORD,LNK,0.006,0.469,0.170,0.074,0.21,Medium
1830,2025-08-11,ORD,DSM,0.013,0.538,0.053,0.114,0.21,Medium
2616,2025-08-10,ORD,PDX,0.007,0.578,0.074,0.109,0.21,Medium
1899,2025-08-11,ORD,YYC,0.008,0.543,0.117,0.074,0.21,Medium
600,2025-08-14,ORD,LAS,0.010,0.482,0.128,0.123,0.21,Medium
4425,2025-08-04,ORD,GRR,0.003,0.512,0.128,0.131,0.21,Medium
5124,2025-08-05,ORD,EAU,0.007,0.589,0.032,0.091,0.21,Medium
5980,2025-08-09,ORD,GTF,0.014,0.634,0.032,0.069,0.21,Medium
2691,2025-08-10,ORD,EWR,0.012,0.579,0.064,0.080,0.21,Medium
4452,2025-08-09,ORD,RIC,0.008,0.523,0.181,0.043,0.21,Medium
1741,2025-08-08,ORD,JAC,0.006,0.573,0.043,0.120,0.21,Medium
2627,2025-08-10,ORD,MSP,0.009,0.610,0.011,0.123,0.21,Medium
5353,2025-08-10,ORD,GRR,0.006,0.589,0.053,0.077,0.21,Medium
5344,2025-08-14,ORD,MBS,0.002,0.501,0.160,0.086,0.21,Medium
5874,2025-08-06,ORD,PIA,0.031,0.578,0.043,0.043,0.21,Medium
2684,2025-08-09,ORD,FCA,0.014,0.613,0.000,0.154,0.21,Medium
1659,2025-08-14,ORD,CUN,0.017,0.601,0.053,0.063,0.21,Medium
307,2025-08-03,ORD,COS,0.009,0.433,0.160,0.126,0.21,Medium
4563,2025-08-14,ORD,FSD,0.006,0.523,0.160,0.080,0.21,Medium
1643,2025-08-10,ORD,SEA,0.006,0.562,0.128,0.046,0.21,Medium
5469,2025-08-11,ORD,SDF,0.000,0.556,0.128,0.040,0.21,Medium
4387,2025-08-14,ORD,CID,0.006,0.589,0.053,0.100,0.21,Medium
1779,2025-08-14,ORD,BOS,0.013,0.613,0.000,0.097,0.21,Medium
1899,2025-08-12,ORD,YYC,0.011,0.594,0.043,0.106,0.21,Medium
2661,2025-08-11,ORD,LGA,0.013,0.634,0.064,0.017,0.21,Medium
3498,2025-08-08,ORD,CVG,0.012,0.527,0.064,0.126,0.21,Medium
5712,2025-08-10,ORD,GSP,0.007,0.591,0.085,0.066,0.21,Medium
2649,2025-08-11,ORD,EWR,0.006,0.565,0.064,0.097,0.21,Medium
970,2025-08-08,ORD,FCO,0.009,0.517,0.085,0.197,0.21,Medium
1933,2025-08-11,ORD,LAS,0.014,0.527,0.074,0.103,0.21,Medium
1612,2025-08-10,ORD,MEM,0.004,0.543,0.128,0.106,0.21,Medium
2378,2025-08-10,ORD,LAX,0.013,0.589,0.000,0.137,0.21,Medium
3696,2025-08-01,ORD,CVG,0.011,0.504,0.117,0.123,0.21,Medium
4571,2025-08-01,ORD,XNA,0.006,0.610,0.064,0.069,0.21,Medium
4504,2025-08-02,ORD,CHA,0.012,0.621,0.011,0.060,0.21,Medium
1381,2025-08-10,ORD,DCA,0.009,0.563,0.085,0.106,0.21,Medium
5103,2025-08-07,ORD,JLN,0.005,0.610,0.000,0.120,0.21,Medium
4461,2025-08-13,ORD,ABE,0.004,0.545,0.138,0.086,0.21,Medium
1878,2025-08-04,ORD,SFO,0.013,0.569,0.085,0.051,0.21,Medium
5930,2025-08-09,ORD,FAR,0.012,0.621,0.000,0.103,0.21,Medium
5593,2025-08-03,ORD,MEM,0.010,0.512,0.085,0.171,0.21,Medium
359,2025-08-13,ORD,MEX,0.008,0.534,0.128,0.060,0.21,Medium
5795,2025-08-13,ORD,TUL,0.010,0.620,0.032,0.120,0.21,Medium
4429,2025-08-11,ORD,FSD,0.008,0.599,0.053,0.094,0.21,Medium
5260,2025-08-13,ORD,FSD,0.005,0.621,0.021,0.134,0.21,Medium
1658,2025-08-10,ORD,EWR,0.014,0.573,0.096,0.049,0.21,Medium
1834,2025-08-11,ORD,TPA,0.013,0.562,0.085,0.089,0.21,Medium
4406,2025-08-02,ORD,TVC,0.006,0.589,0.096,0.074,0.21,Medium
533,2025-08-01,ORD,OMA,0.009,0.549,0.000,0.214,0.21,Medium
2137,2025-08-14,ORD,SLC,0.012,0.545,0.053,0.140,0.21,Medium
4549,2025-08-03,ORD,MLI,0.000,0.567,0.074,0.109,0.21,Medium
576,2025-08-14,ORD,LAX,0.014,0.504,0.085,0.206,0.21,Medium
356,2025-08-10,ORD,ATL,0.026,0.534,0.096,0.069,0.21,Medium
2361,2025-08-10,ORD,LAX,0.014,0.598,0.117,0.011,0.21,Medium
1413,2025-08-01,ORD,LGA,0.014,0.621,0.053,0.026,0.21,Medium
5984,2025-08-06,ORD,BIL,0.007,0.441,0.170,0.143,0.21,Medium
2067,2025-08-12,ORD,BOS,0.013,0.565,0.043,0.120,0.21,Medium
1808,2025-08-10,ORD,CLE,0.014,0.496,0.011,0.234,0.21,Medium
4529,2025-08-13,ORD,SGF,0.009,0.621,0.043,0.091,0.21,Medium
5219,2025-08-02,ORD,GRB,0.000,0.632,0.011,0.131,0.21,Medium
2329,2025-08-08,ORD,DTW,0.001,0.549,0.074,0.151,0.21,Medium
3569,2025-08-11,ORD,DTW,0.011,0.584,0.053,0.077,0.21,Medium
1857,2025-08-07,ORD,MIA,0.041,0.568,0.000,0.066,0.21,Medium
1205,2025-08-07,ORD,EWR,0.013,0.594,0.106,0.029,0.21,Medium
1933,2025-08-03,ORD,LAS,0.013,0.598,0.043,0.086,0.21,Medium
1239,2025-08-09,ORD,ROC,0.012,0.552,0.043,0.169,0.21,Medium
4809,2025-08-14,ORD,ICT,0.008,0.613,0.000,0.140,0.21,Medium
1756,2025-08-13,ORD,YYZ,0.007,0.476,0.106,0.171,0.21,Medium
1448,2025-08-03,ORD,BUF,0.011,0.450,0.149,0.154,0.21,Medium
4426,2025-08-03,ORD,BUF,0.010,0.654,0.021,0.023,0.21,Medium
2290,2025-08-11,ORD,DFW,0.010,0.551,0.117,0.054,0.21,Medium
1139,2025-08-11,ORD,DSM,0.010,0.556,0.053,0.160,0.21,Medium
343,2025-08-14,ORD,SFO,0.011,0.541,0.085,0.071,0.21,Medium
4563,2025-08-09,ORD,FSD,0.007,0.632,0.021,0.109,0.21,Medium
3610,2025-08-08,ORD,YQB,0.011,0.541,0.117,0.043,0.21,Medium
3601,2025-08-01,ORD,YYZ,0.013,0.577,0.106,0.037,0.21,Medium
1643,2025-08-04,ORD,SEA,0.001,0.604,0.074,0.034,0.21,Medium
343,2025-08-15,ORD,SFO,0.011,0.567,0.096,0.074,0.21,Medium
3718,2025-08-01,ORD,MSN,0.010,0.613,0.000,0.100,0.21,Medium
2302,2025-08-04,ORD,BWI,0.003,0.567,0.138,0.020,0.21,Medium
5234,2025-08-01,ORD,MKE,0.011,0.654,0.000,0.046,0.21,Medium
1304,2025-08-12,ORD,LAS,0.013,0.561,0.053,0.097,0.21,Medium
276,2025-08-10,ORD,IAD,0.014,0.575,0.053,0.151,0.21,Medium
2144,2025-08-10,ORD,YYZ,0.011,0.538,0.117,0.077,0.21,Medium
5414,2025-08-14,ORD,MEM,0.012,0.548,0.053,0.114,0.21,Medium
2369,2025-08-01,ORD,AUS,0.012,0.591,0.064,0.066,0.21,Medium
1617,2025-08-14,ORD,PHL,0.001,0.529,0.085,0.137,0.21,Medium
1741,2025-08-14,ORD,JAC,0.006,0.625,0.011,0.120,0.21,Medium
2627,2025-08-07,ORD,MSP,0.005,0.506,0.032,0.243,0.21,Medium
1980,2025-08-03,ORD,LGA,0.010,0.571,0.096,0.017,0.21,Medium
5948,2025-08-03,ORD,BNA,0.011,0.591,0.064,0.106,0.21,Medium
5843,2025-08-01,ORD,ECP,0.006,0.684,0.021,0.049,0.21,Medium
5601,2025-08-02,ORD,FNT,0.004,0.643,0.021,0.049,0.21,Medium
3641,2025-08-06,ORD,GRR,0.008,0.584,0.064,0.063,0.21,Medium
729,2025-08-07,ORD,DFW,0.001,0.639,0.053,0.063,0.21,Medium
2364,2025-08-08,ORD,CMH,0.016,0.504,0.106,0.086,0.21,Medium
786,2025-08-12,ORD,BTV,0.003,0.559,0.021,0.203,0.21,Medium
2011,2025-08-10,ORD,YVR,0.001,0.625,0.043,0.126,0.21,Medium
1531,2025-08-09,ORD,DSM,0.006,0.465,0.074,0.246,0.21,Medium
3638,2025-08-01,ORD,CHS,0.007,0.598,0.064,0.049,0.21,Medium
2133,2025-08-10,ORD,EWR,0.013,0.562,0.117,0.077,0.21,Medium
4460,2025-08-03,ORD,ROC,0.001,0.621,0.064,0.086,0.21,Medium
1139,2025-08-08,ORD,DSM,0.013,0.560,0.043,0.189,0.21,Medium
490,2025-08-04,ORD,SAT,0.010,0.612,0.043,0.111,0.21,Medium
2440,2025-08-09,ORD,LAS,0.015,0.552,0.011,0.169,0.21,Medium
1113,2025-08-09,ORD,ALB,0.005,0.560,0.000,0.200,0.21,Medium
2649,2025-08-06,ORD,EWR,0.006,0.512,0.138,0.063,0.21,Medium
5984,2025-08-08,ORD,BIL,0.007,0.641,0.000,0.091,0.21,Medium
5977,2025-08-12,ORD,ICT,0.012,0.584,0.117,0.043,0.21,Medium
3536,2025-08-04,ORD,YUL,0.015,0.684,0.000,0.049,0.21,Medium
5577,2025-08-03,ORD,JAX,0.001,0.649,0.021,0.051,0.21,Medium
1198,2025-08-08,ORD,CUN,0.011,0.643,0.043,0.034,0.21,Medium
5269,2025-08-09,ORD,PIA,0.004,0.578,0.064,0.080,0.21,Medium
2251,2025-08-03,ORD,PIT,0.010,0.659,0.043,0.031,0.21,Medium
2418,2025-08-07,ORD,PHL,0.002,0.570,0.085,0.097,0.21,Medium
1306,2025-08-05,ORD,TPA,0.002,0.664,0.032,0.054,0.21,Medium
1594,2025-08-10,ORD,ABQ,0.009,0.651,0.021,0.103,0.21,Medium
3635,2025-08-12,ORD,MSN,0.004,0.649,0.021,0.100,0.21,Medium
2347,2025-08-13,ORD,CLE,0.014,0.525,0.043,0.160,0.21,Medium
2418,2025-08-09,ORD,PHL,0.001,0.599,0.085,0.114,0.21,Medium
3603,2025-08-08,ORD,CMH,0.009,0.577,0.032,0.114,0.21,Medium
5984,2025-08-01,ORD,BIL,0.007,0.613,0.000,0.106,0.21,Medium
1531,2025-08-13,ORD,DSM,0.004,0.530,0.021,0.246,0.21,Medium
5395,2025-08-14,ORD,GSO,0.008,0.476,0.128,0.123,0.21,Medium
1996,2025-08-07,ORD,SJU,0.014,0.548,0.085,0.106,0.21,Medium
4517,2025-08-15,ORD,SCE,0.004,0.599,0.043,0.077,0.21,Medium
3654,2025-08-15,ORD,STL,0.009,0.613,0.000,0.131,0.21,Medium
5353,2025-08-02,ORD,GRR,0.006,0.534,0.074,0.114,0.21,Medium
2361,2025-08-09,ORD,LAX,0.014,0.643,0.074,0.006,0.21,Medium
3718,2025-08-11,ORD,MSN,0.006,0.491,0.106,0.146,0.21,Medium
1328,2025-08-01,ORD,SMF,0.006,0.622,0.000,0.191,0.21,Medium
764,2025-08-09,ORD,YYC,0.011,0.577,0.064,0.060,0.21,Medium
1477,2025-08-01,ORD,PHX,0.006,0.677,0.000,0.057,0.21,Medium
5490,2025-08-02,ORD,YYZ,0.001,0.591,0.106,0.077,0.21,Medium
2488,2025-08-02,ORD,LGA,0.012,0.617,0.053,0.054,0.21,Medium
5852,2025-08-03,ORD,HSV,0.003,0.598,0.043,0.080,0.21,Medium
4494,2025-08-10,ORD,GRR,0.012,0.599,0.000,0.111,0.21,Medium
343,2025-08-04,ORD,SFO,0.004,0.614,0.064,0.051,0.21,Medium
3638,2025-08-08,ORD,CHS,0.007,0.713,0.011,0.011,0.21,Medium
5505,2025-08-05,ORD,SBN,0.007,0.665,0.000,0.060,0.21,Medium
5626,2025-08-03,ORD,DSM,0.005,0.545,0.106,0.106,0.21,Medium
1793,2025-08-09,ORD,MSP,0.016,0.586,0.000,0.200,0.21,Medium
2195,2025-08-14,ORD,BDL,0.013,0.509,0.128,0.106,0.21,Medium
1815,2025-08-08,ORD,MSY,0.006,0.599,0.085,0.089,0.21,Medium
5470,2025-08-05,ORD,GEG,0.013,0.692,0.000,0.014,0.21,Medium
490,2025-08-11,ORD,SAT,0.013,0.500,0.128,0.091,0.21,Medium
1363,2025-08-15,ORD,LAX,0.013,0.496,0.138,0.091,0.21,Medium
587,2025-08-07,ORD,YUL,0.006,0.575,0.085,0.126,0.21,Medium
1634,2025-08-06,ORD,IAD,0.012,0.531,0.064,0.211,0.21,Medium
5731,2025-08-04,ORD,STL,0.008,0.512,0.106,0.094,0.21,Medium
503,2025-08-03,ORD,DEN,0.009,0.652,0.032,0.077,0.21,Medium
2225,2025-08-06,ORD,PHX,0.024,0.488,0.106,0.071,0.21,Medium
1857,2025-08-03,ORD,MIA,0.014,0.598,0.053,0.071,0.21,Medium
2635,2025-08-06,ORD,CLT,0.012,0.616,0.021,0.069,0.21,Medium
2862,2025-08-09,ORD,IAD,0.013,0.582,0.053,0.134,0.21,Medium
3641,2025-08-13,ORD,GRR,0.009,0.605,0.053,0.069,0.21,Medium
5646,2025-08-03,ORD,ATW,0.004,0.578,0.085,0.094,0.21,Medium
2133,2025-08-11,ORD,EWR,0.013,0.565,0.021,0.177,0.21,Medium
2369,2025-08-10,ORD,AUS,0.012,0.521,0.085,0.097,0.21,Medium
4429,2025-08-10,ORD,FSD,0.008,0.610,0.043,0.057,0.21,Medium
380,2025-08-04,ORD,JAX,0.032,0.556,0.032,0.049,0.21,Medium
286,2025-08-08,ORD,CLE,0.001,0.534,0.074,0.209,0.21,Medium
4588,2025-08-02,ORD,MDT,0.010,0.589,0.085,0.063,0.21,Medium
561,2025-08-13,ORD,MCI,0.013,0.457,0.096,0.177,0.21,Medium
2189,2025-08-08,ORD,LGA,0.010,0.653,0.021,0.031,0.21,Medium
3696,2025-08-12,ORD,CVG,0.011,0.606,0.043,0.060,0.21,Medium
5350,2025-08-09,ORD,GRR,0.010,0.621,0.000,0.134,0.21,Medium
5608,2025-08-10,ORD,GRB,0.002,0.578,0.043,0.146,0.21,Medium
5585,2025-08-04,ORD,ATW,0.008,0.599,0.043,0.066,0.21,Medium
2609,2025-08-13,ORD,SNA,0.012,0.556,0.096,0.111,0.21,Medium
4584,2025-08-04,ORD,TUL,0.006,0.621,0.000,0.097,0.21,Medium
1778,2025-08-15,ORD,OMA,0.016,0.504,0.128,0.120,0.21,Medium
791,2025-08-03,ORD,DEN,0.010,0.580,0.128,0.029,0.21,Medium
5607,2025-08-03,ORD,TUS,0.001,0.504,0.202,0.066,0.21,Medium
1205,2025-08-11,ORD,EWR,0.013,0.582,0.085,0.077,0.21,Medium
4186,2025-08-11,ORD,MLI,0.004,0.610,0.085,0.074,0.21,Medium
1082,2025-08-10,ORD,PIT,0.008,0.538,0.043,0.149,0.21,Medium
1643,2025-08-08,ORD,SEA,0.006,0.604,0.085,0.009,0.21,Medium
5946,2025-08-09,ORD,RAP,0.007,0.590,0.000,0.140,0.21,Medium
4387,2025-08-10,ORD,CID,0.005,0.512,0.149,0.134,0.21,Medium
1010,2025-08-03,ORD,DCA,0.009,0.505,0.085,0.149,0.21,Medium
2333,2025-08-14,ORD,BWI,0.013,0.497,0.128,0.100,0.21,Medium
764,2025-08-05,ORD,YYC,0.021,0.584,0.021,0.146,0.21,Medium
5843,2025-08-13,ORD,ECP,0.010,0.620,0.043,0.066,0.21,Medium
1010,2025-08-09,ORD,DCA,0.002,0.574,0.106,0.086,0.21,Medium
622,2025-08-04,ORD,DEN,0.014,0.590,0.064,0.100,0.21,Medium
5821,2025-08-13,ORD,MKE,0.008,0.512,0.117,0.157,0.21,Medium
2661,2025-08-03,ORD,LGA,0.021,0.562,0.106,0.003,0.21,Medium
3685,2025-08-08,ORD,DTW,0.011,0.570,0.011,0.143,0.21,Medium
4645,2025-08-04,ORD,FWA,0.005,0.654,0.021,0.089,0.21,Medium
2418,2025-08-11,ORD,PHL,0.012,0.578,0.106,0.071,0.21,Medium
708,2025-08-10,ORD,MCI,0.011,0.472,0.106,0.237,0.21,Medium
1659,2025-08-07,ORD,CUN,0.019,0.643,0.000,0.029,0.21,Medium
276,2025-08-12,ORD,IAD,0.014,0.409,0.160,0.231,0.21,Medium
1857,2025-08-15,ORD,MIA,0.016,0.568,0.064,0.129,0.21,Medium
2483,2025-08-07,ORD,IAH,0.012,0.588,0.074,0.086,0.21,Medium
2207,2025-08-15,ORD,OMA,0.011,0.479,0.064,0.214,0.21,Medium
3523,2025-08-01,ORD,RIC,0.012,0.613,0.000,0.086,0.21,Medium
2225,2025-08-04,ORD,PHX,0.013,0.555,0.053,0.109,0.21,Medium
2251,2025-08-07,ORD,PIT,0.010,0.577,0.096,0.074,0.21,Medium
4571,2025-08-09,ORD,XNA,0.005,0.665,0.000,0.097,0.21,Medium
1363,2025-08-03,ORD,LAX,0.013,0.613,0.074,0.057,0.21,Medium
276,2025-08-09,ORD,IAD,0.015,0.452,0.074,0.289,0.21,Medium
3523,2025-08-09,ORD,RIC,0.007,0.670,0.000,0.060,0.21,Medium
4610,2025-08-03,ORD,XNA,0.006,0.676,0.000,0.040,0.21,Medium
2418,2025-08-01,ORD,PHL,0.005,0.690,0.021,0.029,0.21,Medium
2189,2025-08-05,ORD,LGA,0.011,0.581,0.085,0.009,0.21,Medium
769,2025-08-05,ORD,BCN,0.011,0.429,0.149,0.197,0.21,Medium
4501,2025-08-02,ORD,AVP,0.008,0.654,0.021,0.037,0.21,Medium
5272,2025-08-14,ORD,MSN,0.011,0.512,0.106,0.103,0.21,Medium
938,2025-08-08,ORD,LHR,0.005,0.623,0.011,0.149,0.21,Medium
3708,2025-08-10,ORD,BNA,0.014,0.649,0.000,0.074,0.21,Medium
5027,2025-08-13,ORD,MCW,0.009,0.501,0.170,0.066,0.21,Medium
5977,2025-08-02,ORD,ICT,0.012,0.548,0.106,0.117,0.21,Medium
2323,2025-08-12,ORD,MCO,0.002,0.540,0.085,0.154,0.21,Medium
5344,2025-08-13,ORD,MBS,0.004,0.534,0.149,0.077,0.21,Medium
1485,2025-08-04,ORD,SEA,0.013,0.622,0.000,0.149,0.21,Medium
5398,2025-08-08,ORD,IND,0.007,0.527,0.117,0.129,0.21,Medium
5094,2025-08-13,ORD,RHI,0.003,0.610,0.074,0.080,0.21,Medium
1448,2025-08-14,ORD,BUF,0.009,0.525,0.128,0.106,0.21,Medium
5425,2025-08-02,ORD,STL,0.006,0.490,0.170,0.086,0.21,Medium
2665,2025-08-08,ORD,IAH,0.013,0.485,0.085,0.194,0.21,Medium
609,2025-08-07,ORD,PHX,0.013,0.546,0.117,0.100,0.21,Medium
2683,2025-08-10,ORD,SAN,0.013,0.548,0.096,0.123,0.21,Medium
466,2025-08-15,ORD,DCA,0.139,0.322,0.021,0.006,0.21,Medium
1492,2025-08-04,ORD,CMH,0.012,0.476,0.191,0.089,0.21,Medium
5737,2025-08-09,ORD,OMA,0.011,0.548,0.053,0.137,0.21,Medium
2302,2025-08-09,ORD,BWI,0.001,0.603,0.053,0.137,0.21,Medium
4482,2025-08-09,ORD,TUL,0.012,0.599,0.043,0.071,0.21,Medium
4502,2025-08-05,ORD,LEX,0.008,0.599,0.021,0.106,0.21,Medium
1097,2025-08-01,ORD,DCA,0.009,0.620,0.021,0.103,0.21,Medium
356,2025-08-01,ORD,ATL,0.009,0.633,0.043,0.071,0.21,Medium
1387,2025-08-04,ORD,SFO,0.008,0.553,0.117,0.089,0.21,Medium
4391,2025-08-07,ORD,SGF,0.007,0.567,0.117,0.069,0.21,Medium
2414,2025-08-01,ORD,BNA,0.012,0.535,0.106,0.060,0.21,Medium
4563,2025-08-02,ORD,FSD,0.012,0.567,0.064,0.080,0.21,Medium
4613,2025-08-10,ORD,STL,0.008,0.545,0.074,0.120,0.21,Medium
2177,2025-08-12,ORD,MSN,0.013,0.429,0.170,0.126,0.21,Medium
2684,2025-08-12,ORD,FCA,0.013,0.491,0.170,0.103,0.21,Medium
1139,2025-08-15,ORD,DSM,0.009,0.461,0.128,0.157,0.21,Medium
4380,2025-08-05,ORD,SYR,0.001,0.545,0.138,0.046,0.21,Medium
2144,2025-08-12,ORD,YYZ,0.011,0.551,0.106,0.069,0.21,Medium
1224,2025-08-11,ORD,LAX,0.010,0.564,0.117,0.006,0.21,Medium
4600,2025-08-03,ORD,XNA,0.009,0.643,0.021,0.060,0.21,Medium
359,2025-08-14,ORD,MEX,0.008,0.505,0.213,0.037,0.21,Medium
1878,2025-08-12,ORD,SFO,0.013,0.599,0.064,0.086,0.21,Medium
1297,2025-08-03,ORD,DFW,0.012,0.620,0.043,0.057,0.21,Medium
1198,2025-08-07,ORD,CUN,0.013,0.695,0.021,0.003,0.21,Medium
5568,2025-08-05,ORD,MLI,0.008,0.589,0.064,0.089,0.21,Medium
356,2025-08-08,ORD,ATL,0.007,0.543,0.149,0.066,0.21,Medium
3638,2025-08-12,ORD,CHS,0.008,0.613,0.043,0.051,0.21,Medium
5668,2025-08-03,ORD,MKE,0.012,0.599,0.032,0.077,0.21,Medium
2092,2025-08-02,ORD,LGA,0.007,0.670,0.021,0.017,0.21,Medium
445,2025-08-05,ORD,ANC,0.013,0.400,0.170,0.183,0.21,Medium
3667,2025-08-02,ORD,GSP,0.005,0.670,0.021,0.043,0.21,Medium
587,2025-08-06,ORD,YUL,0.014,0.519,0.064,0.129,0.21,Medium
1741,2025-08-07,ORD,JAC,0.001,0.616,0.043,0.137,0.21,Medium
5601,2025-08-15,ORD,FNT,0.004,0.512,0.170,0.046,0.21,Medium
5470,2025-08-09,ORD,GEG,0.013,0.656,0.000,0.023,0.21,Medium
2661,2025-08-08,ORD,LGA,0.039,0.604,0.000,0.003,0.21,Medium
2329,2025-08-10,ORD,DTW,0.005,0.568,0.074,0.140,0.21,Medium
1842,2025-08-10,ORD,SAN,0.012,0.578,0.021,0.120,0.21,Medium
3498,2025-08-07,ORD,CVG,0.011,0.577,0.000,0.174,0.21,Medium
5414,2025-08-08,ORD,MEM,0.012,0.621,0.043,0.031,0.21,Medium
1477,2025-08-03,ORD,PHX,0.001,0.640,0.074,0.046,0.21,Medium
4574,2025-08-14,ORD,YOW,0.009,0.512,0.128,0.091,0.21,Medium
5999,2025-08-10,ORD,OKC,0.008,0.613,0.021,0.100,0.21,Medium
3603,2025-08-04,ORD,CMH,0.010,0.562,0.074,0.077,0.21,Medium
2653,2025-08-07,ORD,RDU,0.012,0.479,0.160,0.089,0.21,Medium
1485,2025-08-11,ORD,SEA,0.012,0.534,0.053,0.137,0.21,Medium
5930,2025-08-05,ORD,FAR,0.039,0.481,0.117,0.063,0.21,Medium
3535,2025-08-02,ORD,DSM,0.008,0.634,0.011,0.120,0.21,Medium
4452,2025-08-02,ORD,RIC,0.007,0.621,0.043,0.080,0.21,Medium
5601,2025-08-10,ORD,FNT,0.009,0.490,0.181,0.031,0.21,Medium
3523,2025-08-05,ORD,RIC,0.012,0.555,0.096,0.046,0.21,Medium
609,2025-08-15,ORD,PHX,0.015,0.470,0.106,0.160,0.21,Medium
1239,2025-08-01,ORD,ROC,0.012,0.589,0.064,0.117,0.21,Medium
4568,2025-08-01,ORD,SCE,0.006,0.621,0.053,0.049,0.21,Medium
2254,2025-08-01,ORD,PDX,0.001,0.526,0.043,0.249,0.21,Medium
4574,2025-08-01,ORD,YOW,0.006,0.643,0.021,0.043,0.21,Medium
708,2025-08-15,ORD,MCI,0.014,0.530,0.064,0.120,0.21,Medium
1306,2025-08-01,ORD,TPA,0.002,0.646,0.043,0.074,0.21,Medium
5731,2025-08-15,ORD,STL,0.006,0.570,0.043,0.171,0.21,Medium
2280,2025-08-14,ORD,MCO,0.010,0.534,0.128,0.043,0.21,Medium
1923,2025-08-04,ORD,CID,0.007,0.525,0.074,0.154,0.21,Medium
2092,2025-08-08,ORD,LGA,0.007,0.673,0.000,0.034,0.21,Medium
4173,2025-08-03,ORD,AVL,0.012,0.578,0.043,0.083,0.21,Medium
791,2025-08-01,ORD,DEN,0.002,0.629,0.117,0.020,0.21,Medium
721,2025-08-10,ORD,BOS,0.011,0.631,0.021,0.029,0.21,Medium
2361,2025-08-02,ORD,LAX,0.001,0.696,0.043,0.011,0.21,Medium
3614,2025-08-08,ORD,MCI,0.009,0.641,0.000,0.149,0.21,Medium
1082,2025-08-12,ORD,PIT,0.013,0.480,0.160,0.100,0.21,Medium
5810,2025-08-04,ORD,PIA,0.005,0.556,0.128,0.097,0.21,Medium
2385,2025-08-09,ORD,MSO,0.010,0.542,0.043,0.146,0.21,Medium
2137,2025-08-12,ORD,SLC,0.012,0.571,0.074,0.131,0.21,Medium
5505,2025-08-04,ORD,SBN,0.007,0.523,0.117,0.074,0.21,Medium
4718,2025-08-13,ORD,DAY,0.007,0.559,0.053,0.123,0.21,Medium
2618,2025-08-03,ORD,STL,0.010,0.480,0.085,0.243,0.21,Medium
1778,2025-08-04,ORD,OMA,0.012,0.539,0.106,0.131,0.21,Medium
2487,2025-08-10,ORD,PHL,0.011,0.575,0.032,0.097,0.21,Medium
5470,2025-08-02,ORD,GEG,0.014,0.641,0.011,0.094,0.21,Medium
3421,2025-08-01,ORD,ROC,0.012,0.584,0.085,0.057,0.21,Medium
1899,2025-08-05,ORD,YYC,0.008,0.577,0.096,0.083,0.21,Medium
1643,2025-08-15,ORD,SEA,0.002,0.576,0.117,0.054,0.21,Medium
587,2025-08-13,ORD,YUL,0.017,0.562,0.043,0.149,0.21,Medium
563,2025-08-14,ORD,EWR,0.002,0.553,0.149,0.034,0.21,Medium
1878,2025-08-06,ORD,SFO,0.013,0.561,0.064,0.114,0.21,Medium
1741,2025-08-05,ORD,JAC,0.006,0.573,0.021,0.211,0.21,Medium
5748,2025-08-15,ORD,YWG,0.014,0.536,0.096,0.103,0.21,Medium
2627,2025-08-14,ORD,MSP,0.009,0.598,0.011,0.160,0.21,Medium
2104,2025-08-14,ORD,BOS,0.003,0.588,0.117,0.046,0.21,Medium
2040,2025-08-07,ORD,DEN,0.014,0.561,0.043,0.160,0.21,Medium
2333,2025-08-12,ORD,BWI,0.001,0.622,0.043,0.106,0.21,Medium
1778,2025-08-06,ORD,OMA,0.017,0.516,0.053,0.131,0.21,Medium
1815,2025-08-06,ORD,MSY,0.000,0.581,0.074,0.091,0.21,Medium
3718,2025-08-05,ORD,MSN,0.010,0.491,0.149,0.111,0.21,Medium
1634,2025-08-08,ORD,IAD,0.012,0.479,0.128,0.160,0.21,Medium
5427,2025-08-02,ORD,PIA,0.005,0.599,0.064,0.077,0.21,Medium
5414,2025-08-04,ORD,MEM,0.012,0.555,0.106,0.077,0.21,Medium
343,2025-08-06,ORD,SFO,0.001,0.613,0.000,0.140,0.21,Medium
1756,2025-08-02,ORD,YYZ,0.017,0.499,0.064,0.171,0.21,Medium
5843,2025-08-06,ORD,ECP,0.010,0.591,0.074,0.046,0.21,Medium
1414,2025-08-11,ORD,BOI,0.013,0.636,0.011,0.080,0.21,Medium
1421,2025-08-04,ORD,FLL,0.008,0.605,0.032,0.077,0.21,Medium
1878,2025-08-13,ORD,SFO,0.005,0.529,0.170,0.074,0.21,Medium
3535,2025-08-09,ORD,DSM,0.006,0.491,0.160,0.083,0.21,Medium
1492,2025-08-13,ORD,CMH,0.059,0.391,0.138,0.111,0.21,Medium
3520,2025-08-09,ORD,BDL,0.012,0.527,0.117,0.131,0.21,Medium
2200,2025-08-11,ORD,SEA,0.013,0.552,0.043,0.180,0.21,Medium
5577,2025-08-13,ORD,JAX,0.001,0.570,0.128,0.040,0.21,Medium
2071,2025-08-06,ORD,SAN,0.002,0.655,0.043,0.003,0.21,Medium
602,2025-08-04,ORD,PHX,0.013,0.546,0.085,0.134,0.21,Medium
490,2025-08-10,ORD,SAT,0.009,0.599,0.011,0.106,0.21,Medium
4739,2025-08-03,ORD,GRB,0.007,0.632,0.011,0.074,0.21,Medium
2137,2025-08-03,ORD,SLC,0.012,0.558,0.074,0.131,0.21,Medium
1584,2025-08-05,ORD,LAX,0.001,0.689,0.011,0.037,0.21,Medium
4791,2025-08-14,ORD,SBN,0.008,0.610,0.064,0.034,0.21,Medium
2011,2025-08-11,ORD,YVR,0.014,0.556,0.043,0.194,0.21,Medium
4476,2025-08-07,ORD,CAE,0.004,0.567,0.128,0.023,0.21,Medium
2653,2025-08-05,ORD,RDU,0.013,0.537,0.106,0.131,0.21,Medium
3708,2025-08-15,ORD,BNA,0.014,0.512,0.191,0.011,0.21,Medium
1657,2025-08-08,ORD,LGA,0.001,0.591,0.096,0.020,0.21,Medium
2137,2025-08-13,ORD,SLC,0.012,0.502,0.128,0.091,0.21,Medium
2666,2025-08-10,ORD,DEN,0.002,0.651,0.032,0.063,0.21,Medium
5849,2025-08-09,ORD,PWM,0.005,0.598,0.064,0.049,0.21,Medium
476,2025-08-07,ORD,CVG,0.011,0.458,0.128,0.129,0.21,Medium
2369,2025-08-08,ORD,AUS,0.012,0.584,0.064,0.109,0.21,Medium
4468,2025-08-04,ORD,LEX,0.007,0.480,0.191,0.083,0.21,Medium
3468,2025-08-13,ORD,BGR,0.012,0.536,0.043,0.137,0.21,Medium
5470,2025-08-01,ORD,GEG,0.011,0.577,0.064,0.066,0.21,Medium
293,2025-08-05,ORD,LGA,0.014,0.591,0.064,0.063,0.21,Medium
970,2025-08-02,ORD,FCO,0.003,0.481,0.106,0.254,0.21,Medium
4502,2025-08-13,ORD,LEX,0.008,0.567,0.085,0.117,0.21,Medium
2011,2025-08-14,ORD,YVR,0.016,0.538,0.074,0.091,0.21,Medium
1933,2025-08-04,ORD,LAS,0.012,0.576,0.043,0.100,0.21,Medium
1634,2025-08-07,ORD,IAD,0.012,0.594,0.021,0.151,0.21,Medium
5376,2025-08-05,ORD,LEX,0.007,0.528,0.138,0.091,0.21,Medium
5362,2025-08-07,ORD,MKE,0.005,0.534,0.128,0.063,0.21,Medium
2195,2025-08-04,ORD,BDL,0.006,0.512,0.138,0.086,0.21,Medium
563,2025-08-13,ORD,EWR,0.002,0.594,0.064,0.069,0.21,Medium
3468,2025-08-04,ORD,BGR,0.012,0.621,0.043,0.086,0.21,Medium
786,2025-08-11,ORD,BTV,0.008,0.552,0.085,0.149,0.21,Medium
1975,2025-08-07,ORD,ATL,0.001,0.603,0.128,0.049,0.21,Medium
1851,2025-08-14,ORD,ALB,0.008,0.560,0.011,0.180,0.21,Medium
4517,2025-08-02,ORD,SCE,0.008,0.567,0.085,0.097,0.21,Medium
1941,2025-08-08,ORD,CVG,0.010,0.460,0.160,0.134,0.21,Medium
310,2025-08-06,ORD,MCI,0.012,0.577,0.043,0.149,0.21,Medium
2226,2025-08-04,ORD,CLE,0.010,0.543,0.064,0.166,0.21,Medium
2144,2025-08-03,ORD,YYZ,0.013,0.589,0.096,0.049,0.21,Medium
1793,2025-08-08,ORD,MSP,0.001,0.469,0.191,0.066,0.21,Medium
1576,2025-08-01,ORD,LGA,0.010,0.617,0.000,0.103,0.21,Medium
5493,2025-08-09,ORD,ATW,0.005,0.665,0.000,0.083,0.21,Medium
5493,2025-08-12,ORD,ATW,0.004,0.621,0.021,0.089,0.21,Medium
1297,2025-08-08,ORD,DFW,0.010,0.573,0.106,0.063,0.21,Medium
1492,2025-08-07,ORD,CMH,0.075,0.332,0.106,0.131,0.21,Medium
4436,2025-08-14,ORD,SGF,0.011,0.512,0.138,0.060,0.21,Medium
563,2025-08-11,ORD,EWR,0.010,0.537,0.128,0.046,0.21,Medium
5521,2025-08-04,ORD,ATW,0.007,0.643,0.032,0.040,0.21,Medium
2691,2025-08-13,ORD,EWR,0.002,0.567,0.128,0.083,0.21,Medium
3569,2025-08-01,ORD,DTW,0.011,0.613,0.000,0.114,0.21,Medium
2691,2025-08-03,ORD,EWR,0.012,0.558,0.117,0.037,0.21,Medium
1775,2025-08-11,ORD,FLL,0.015,0.579,0.064,0.029,0.21,Medium
576,2025-08-05,ORD,LAX,0.006,0.640,0.043,0.089,0.21,Medium
3690,2025-08-02,ORD,IND,0.012,0.577,0.043,0.086,0.21,Medium
4390,2025-08-14,ORD,CHA,0.004,0.556,0.117,0.091,0.21,Medium
5603,2025-08-15,ORD,FNT,0.005,0.578,0.085,0.094,0.21,Medium
1775,2025-08-04,ORD,FLL,0.001,0.552,0.138,0.049,0.21,Medium
1258,2025-08-09,ORD,UVF,0.012,0.568,0.096,0.100,0.21,Medium
2369,2025-08-11,ORD,AUS,0.013,0.576,0.043,0.071,0.21,Medium
1584,2025-08-06,ORD,LAX,0.001,0.640,0.064,0.054,0.21,Medium
3535,2025-08-05,ORD,MSN,0.010,0.551,0.117,0.046,0.21,Medium
2137,2025-08-06,ORD,SLC,0.001,0.529,0.085,0.140,0.21,Medium
5930,2025-08-04,ORD,FAR,0.005,0.480,0.160,0.080,0.21,Medium
3718,2025-08-03,ORD,MSN,0.009,0.534,0.021,0.217,0.21,Medium
660,2025-08-12,ORD,SAN,0.011,0.542,0.106,0.097,0.21,Medium
2609,2025-08-03,ORD,SNA,0.010,0.642,0.043,0.066,0.21,Medium
2138,2025-08-02,ORD,LGA,0.001,0.601,0.032,0.117,0.21,Medium
1643,2025-08-06,ORD,SEA,0.001,0.579,0.106,0.017,0.21,Medium
1097,2025-08-09,ORD,DCA,0.007,0.612,0.064,0.097,0.21,Medium
669,2025-08-03,ORD,AUS,0.013,0.456,0.170,0.071,0.21,Medium
5103,2025-08-05,ORD,JLN,0.000,0.523,0.181,0.091,0.21,Medium
561,2025-08-04,ORD,MCI,0.013,0.537,0.074,0.089,0.21,Medium
1328,2025-08-15,ORD,SMF,0.000,0.463,0.117,0.194,0.21,Medium
1933,2025-08-14,ORD,LAS,0.012,0.521,0.085,0.134,0.21,Medium
2133,2025-08-04,ORD,EWR,0.013,0.546,0.096,0.043,0.21,Medium
5984,2025-08-07,ORD,BIL,0.007,0.620,0.074,0.071,0.21,Medium
5712,2025-08-03,ORD,GSP,0.014,0.555,0.074,0.071,0.21,Medium
721,2025-08-11,ORD,BOS,0.011,0.610,0.043,0.083,0.21,Medium
2414,2025-08-10,ORD,BNA,0.014,0.548,0.000,0.183,0.21,Medium
3569,2025-08-10,ORD,ALB,0.013,0.541,0.043,0.134,0.21,Medium
399,2025-08-14,ORD,BOS,0.012,0.562,0.043,0.134,0.21,Medium
275,2025-08-11,ORD,RAP,0.012,0.621,0.021,0.103,0.21,Medium
1617,2025-08-02,ORD,PHL,0.011,0.495,0.106,0.126,0.21,Medium
2665,2025-08-03,ORD,IAH,0.013,0.573,0.053,0.074,0.21,Medium
587,2025-08-08,ORD,YUL,0.017,0.512,0.085,0.154,0.21,Medium
482,2025-08-04,ORD,CHS,0.015,0.607,0.053,0.043,0.21,Medium
2067,2025-08-09,ORD,BOS,0.001,0.728,0.000,0.037,0.21,Medium
1823,2025-08-12,ORD,IAH,0.008,0.602,0.085,0.083,0.21,Medium
1041,2025-08-08,ORD,GRR,0.013,0.573,0.043,0.134,0.21,Medium
2635,2025-08-02,ORD,CLT,0.012,0.568,0.000,0.151,0.21,Medium
602,2025-08-10,ORD,PHX,0.013,0.521,0.106,0.111,0.21,Medium
2364,2025-08-03,ORD,CMH,0.004,0.616,0.043,0.057,0.21,Medium
4585,2025-08-15,ORD,DAY,0.008,0.490,0.138,0.080,0.21,Medium
4474,2025-08-03,ORD,AVL,0.001,0.632,0.021,0.074,0.21,Medium
5094,2025-08-09,ORD,RHI,0.008,0.687,0.000,0.054,0.21,Medium
2189,2025-08-11,ORD,LGA,0.011,0.624,0.074,0.029,0.21,Medium
5493,2025-08-08,ORD,ATW,0.004,0.534,0.096,0.123,0.21,Medium
4778,2025-08-14,ORD,FAR,0.006,0.556,0.117,0.071,0.21,Medium
561,2025-08-14,ORD,MCI,0.013,0.439,0.160,0.169,0.21,Medium
5493,2025-08-07,ORD,ATW,0.004,0.599,0.021,0.131,0.21,Medium
2657,2025-08-04,ORD,IAH,0.010,0.576,0.106,0.046,0.21,Medium
2329,2025-08-11,ORD,DTW,0.008,0.560,0.043,0.137,0.21,Medium
1851,2025-08-01,ORD,ALB,0.007,0.560,0.032,0.197,0.21,Medium
2189,2025-08-06,ORD,LGA,0.012,0.611,0.043,0.086,0.21,Medium
576,2025-08-03,ORD,LAX,0.014,0.583,0.043,0.086,0.21,Medium
1677,2025-08-08,ORD,BOS,0.011,0.650,0.011,0.054,0.21,Medium
2361,2025-08-05,ORD,LAX,0.002,0.577,0.138,0.037,0.21,Medium
3569,2025-08-14,ORD,DTW,0.010,0.605,0.053,0.120,0.21,Medium
5289,2025-08-06,ORD,CRW,0.007,0.621,0.074,0.077,0.21,Medium
343,2025-08-10,ORD,SFO,0.006,0.610,0.053,0.040,0.21,Medium
2177,2025-08-01,ORD,MSN,0.011,0.534,0.085,0.163,0.21,Medium
468,2025-08-10,ORD,IAH,0.002,0.601,0.096,0.051,0.21,Medium
1239,2025-08-04,ORD,ROC,0.003,0.592,0.000,0.166,0.21,Medium
4507,2025-08-03,ORD,CHA,0.006,0.632,0.043,0.060,0.21,Medium
3451,2025-08-03,ORD,PWM,0.007,0.652,0.000,0.046,0.21,Medium
5607,2025-08-02,ORD,TUS,0.005,0.575,0.074,0.089,0.21,Medium
5405,2025-08-02,ORD,SCE,0.007,0.676,0.000,0.086,0.21,Medium
2684,2025-08-07,ORD,FCA,0.012,0.509,0.117,0.134,0.21,Medium
561,2025-08-12,ORD,MCI,0.013,0.497,0.117,0.143,0.21,Medium
411,2025-08-14,ORD,DTW,0.000,0.512,0.117,0.177,0.21,Medium
2090,2025-08-01,ORD,MIA,0.016,0.591,0.064,0.051,0.21,Medium
1584,2025-08-08,ORD,LAX,0.001,0.619,0.043,0.077,0.21,Medium
1224,2025-08-07,ORD,LAX,0.002,0.518,0.096,0.137,0.21,Medium
5874,2025-08-02,ORD,PIA,0.007,0.589,0.000,0.140,0.21,Medium
5821,2025-08-11,ORD,MKE,0.006,0.534,0.106,0.077,0.21,Medium
1306,2025-08-12,ORD,TPA,0.002,0.406,0.266,0.060,0.21,Medium
1857,2025-08-07,ORD,MIA,0.041,0.568,0.000,0.066,0.21,Medium
609,2025-08-06,ORD,PHX,0.013,0.500,0.138,0.131,0.21,Medium
1775,2025-08-13,ORD,FLL,0.012,0.521,0.138,0.083,0.21,Medium
482,2025-08-10,ORD,CHS,0.001,0.646,0.032,0.111,0.21,Medium
2672,2025-08-13,ORD,PNS,0.009,0.594,0.074,0.054,0.21,Medium
1215,2025-08-07,ORD,ANC,0.010,0.493,0.043,0.289,0.21,Medium
5398,2025-08-07,ORD,IND,0.001,0.548,0.106,0.100,0.21,Medium
2092,2025-08-01,ORD,LGA,0.007,0.617,0.043,0.037,0.21,Medium
4542,2025-08-09,ORD,LIT,0.006,0.621,0.032,0.111,0.21,Medium
2862,2025-08-08,ORD,IAD,0.013,0.534,0.096,0.106,0.21,Medium
4571,2025-08-15,ORD,XNA,0.006,0.643,0.021,0.074,0.21,Medium
1113,2025-08-11,ORD,ALB,0.012,0.535,0.053,0.157,0.21,Medium
2138,2025-08-09,ORD,LGA,0.013,0.624,0.053,0.046,0.21,Medium
587,2025-08-01,ORD,YUL,0.014,0.614,0.000,0.134,0.21,Medium
3641,2025-08-09,ORD,GRR,0.008,0.634,0.053,0.029,0.21,Medium
1941,2025-08-03,ORD,CVG,0.010,0.530,0.064,0.197,0.21,Medium
5810,2025-08-10,ORD,PIA,0.005,0.599,0.064,0.089,0.21,Medium
5905,2025-08-06,ORD,MTJ,0.001,0.670,0.021,0.017,0.21,Medium
5380,2025-08-03,ORD,MSY,0.001,0.649,0.064,0.077,0.21,Medium
1421,2025-08-11,ORD,FLL,0.008,0.619,0.043,0.077,0.21,Medium
2280,2025-08-07,ORD,MCO,0.010,0.621,0.074,0.023,0.21,Medium
5122,2025-08-07,ORD,EAU,0.008,0.589,0.096,0.074,0.21,Medium
1577,2025-08-11,ORD,SFO,0.009,0.591,0.043,0.106,0.21,Medium
5026,2025-08-14,ORD,JST,0.012,0.545,0.128,0.037,0.21,Medium
5446,2025-08-15,ORD,CLE,0.009,0.605,0.032,0.117,0.21,Medium
2629,2025-08-01,ORD,CLE,0.014,0.573,0.021,0.146,0.21,Medium
2385,2025-08-01,ORD,MSO,0.001,0.555,0.106,0.131,0.21,Medium
5280,2025-08-11,ORD,DSM,0.009,0.627,0.000,0.109,0.21,Medium
5795,2025-08-06,ORD,TUL,0.010,0.555,0.074,0.109,0.21,Medium
5729,2025-08-11,ORD,FNT,0.005,0.458,0.191,0.057,0.21,Medium
4186,2025-08-10,ORD,MLI,0.005,0.490,0.160,0.071,0.21,Medium
3422,2025-08-03,ORD,DTW,0.009,0.590,0.053,0.080,0.21,Medium
5448,2025-08-08,ORD,FWA,0.004,0.523,0.128,0.063,0.21,Medium
4563,2025-08-05,ORD,FSD,0.007,0.654,0.000,0.069,0.21,Medium
2254,2025-08-04,ORD,PDX,0.002,0.580,0.000,0.217,0.21,Medium
788,2025-08-02,ORD,MYR,0.007,0.591,0.106,0.031,0.21,Medium
2090,2025-08-09,ORD,MIA,0.000,0.655,0.064,0.046,0.21,Medium
5375,2025-08-09,ORD,GRB,0.010,0.578,0.021,0.129,0.21,Medium
359,2025-08-15,ORD,MEX,0.010,0.581,0.128,0.046,0.21,Medium
2038,2025-08-14,ORD,BUF,0.001,0.461,0.213,0.089,0.21,Medium
5565,2025-08-09,ORD,CHO,0.000,0.676,0.000,0.069,0.21,Medium
1363,2025-08-14,ORD,LAX,0.013,0.550,0.106,0.074,0.21,Medium
1779,2025-08-01,ORD,BOS,0.017,0.576,0.043,0.083,0.21,Medium
764,2025-08-13,ORD,YYC,0.012,0.586,0.043,0.083,0.21,Medium
4600,2025-08-14,ORD,XNA,0.009,0.545,0.128,0.043,0.21,Medium
5292,2025-08-14,ORD,MTY,0.016,0.519,0.138,0.014,0.21,Medium
4185,2025-08-15,ORD,STL,0.006,0.567,0.053,0.120,0.21,Medium
343,2025-08-13,ORD,SFO,0.013,0.520,0.128,0.083,0.21,Medium
2333,2025-08-10,ORD,BWI,0.014,0.543,0.032,0.171,0.21,Medium
4460,2025-08-02,ORD,ROC,0.001,0.512,0.138,0.074,0.21,Medium
5292,2025-08-12,ORD,MTY,0.013,0.570,0.096,0.014,0.21,Medium
4584,2025-08-09,ORD,TUL,0.005,0.643,0.000,0.114,0.21,Medium
2067,2025-08-05,ORD,BOS,0.002,0.634,0.064,0.071,0.21,Medium
2090,2025-08-04,ORD,MIA,0.012,0.630,0.053,0.017,0.21,Medium
4429,2025-08-12,ORD,FSD,0.008,0.676,0.011,0.049,0.21,Medium
359,2025-08-01,ORD,MEX,0.010,0.574,0.074,0.091,0.21,Medium
2106,2025-08-04,ORD,SFO,0.013,0.580,0.043,0.137,0.21,Medium
5470,2025-08-03,ORD,GEG,0.013,0.641,0.043,0.046,0.21,Medium
411,2025-08-04,ORD,DTW,0.009,0.573,0.000,0.246,0.21,Medium
1756,2025-08-04,ORD,YYZ,0.018,0.581,0.021,0.089,0.21,Medium
1599,2025-08-04,ORD,DEN,0.002,0.541,0.043,0.174,0.21,Medium
1823,2025-08-05,ORD,IAH,0.002,0.619,0.074,0.020,0.21,Medium
912,2025-08-15,ORD,KEF,0.008,0.506,0.043,0.257,0.21,Medium
4809,2025-08-01,ORD,ICT,0.009,0.562,0.021,0.180,0.21,Medium
3451,2025-08-14,ORD,PWM,0.011,0.620,0.021,0.054,0.21,Medium
3523,2025-08-10,ORD,RIC,0.012,0.649,0.000,0.054,0.21,Medium
2200,2025-08-03,ORD,SEA,0.013,0.562,0.085,0.083,0.21,Medium
4426,2025-08-07,ORD,BUF,0.011,0.578,0.021,0.109,0.21,Medium
5379,2025-08-02,ORD,SYR,0.008,0.670,0.000,0.069,0.21,Medium
3601,2025-08-15,ORD,YYZ,0.013,0.577,0.128,0.040,0.21,Medium
5234,2025-08-14,ORD,MKE,0.010,0.523,0.128,0.034,0.21,Medium
2364,2025-08-07,ORD,CMH,0.012,0.417,0.213,0.097,0.21,Medium
1491,2025-08-10,ORD,DFW,0.011,0.564,0.053,0.100,0.21,Medium
1756,2025-08-01,ORD,YYZ,0.014,0.624,0.011,0.097,0.21,Medium
1068,2025-08-10,ORD,IAD,0.001,0.549,0.043,0.163,0.21,Medium
2683,2025-08-12,ORD,SAN,0.010,0.454,0.160,0.126,0.21,Medium
1113,2025-08-05,ORD,ALB,0.012,0.345,0.287,0.114,0.21,Medium
1502,2025-08-13,ORD,RDU,0.012,0.543,0.021,0.180,0.21,Medium
5215,2025-08-10,ORD,LNK,0.006,0.621,0.032,0.120,0.21,Medium
1975,2025-08-02,ORD,ATL,0.001,0.558,0.128,0.080,0.21,Medium
1946,2025-08-01,ORD,LGA,0.008,0.607,0.074,0.074,0.21,Medium
602,2025-08-02,ORD,PHX,0.013,0.503,0.032,0.217,0.21,Medium
1920,2025-08-01,ORD,LAS,0.013,0.531,0.032,0.154,0.21,Medium
1980,2025-08-14,ORD,LGA,0.002,0.532,0.160,0.066,0.21,Medium
1778,2025-08-07,ORD,OMA,0.010,0.568,0.000,0.169,0.21,Medium
5420,2025-08-13,ORD,MLI,0.007,0.567,0.117,0.037,0.21,Medium
2418,2025-08-14,ORD,PHL,0.012,0.538,0.064,0.143,0.21,Medium
1920,2025-08-04,ORD,LAS,0.013,0.634,0.032,0.097,0.21,Medium
1314,2025-08-10,ORD,IAH,0.014,0.586,0.021,0.151,0.21,Medium
5140,2025-08-05,ORD,CMX,0.001,0.676,0.000,0.051,0.21,Medium
380,2025-08-01,ORD,JAX,0.032,0.516,0.074,0.106,0.21,Medium
1491,2025-08-08,ORD,DFW,0.013,0.564,0.074,0.080,0.21,Medium
729,2025-08-06,ORD,DFW,0.014,0.520,0.128,0.089,0.21,Medium
4494,2025-08-03,ORD,GRR,0.012,0.512,0.138,0.077,0.21,Medium
1980,2025-08-01,ORD,LGA,0.002,0.568,0.106,0.046,0.21,Medium
293,2025-08-07,ORD,LGA,0.012,0.591,0.096,0.023,0.21,Medium
2195,2025-08-10,ORD,BDL,0.008,0.607,0.053,0.123,0.21,Medium
5309,2025-08-05,ORD,FWA,0.005,0.567,0.064,0.083,0.21,Medium
2618,2025-08-05,ORD,STL,0.011,0.490,0.021,0.243,0.21,Medium
2100,2025-08-05,ORD,SLC,0.012,0.506,0.064,0.189,0.21,Medium
2347,2025-08-04,ORD,CLE,0.012,0.469,0.149,0.114,0.21,Medium
2182,2025-08-05,ORD,PHL,0.005,0.607,0.043,0.077,0.21,Medium
275,2025-08-07,ORD,RAP,0.012,0.545,0.064,0.106,0.21,Medium
1677,2025-08-07,ORD,BOS,0.012,0.591,0.085,0.029,0.21,Medium
1538,2025-08-06,ORD,SAV,0.007,0.469,0.096,0.089,0.20,Medium
3568,2025-08-15,ORD,YYZ,0.009,0.562,0.021,0.043,0.20,Medium
5564,2025-08-01,ORD,SBN,0.008,0.567,0.000,0.094,0.20,Medium
4429,2025-08-07,ORD,FSD,0.008,0.512,0.074,0.051,0.20,Medium
2189,2025-08-01,ORD,LGA,0.010,0.578,0.021,0.014,0.20,Medium
5026,2025-08-13,ORD,JST,0.012,0.545,0.085,0.031,0.20,Medium
4482,2025-08-02,ORD,TUL,0.012,0.534,0.000,0.109,0.20,Medium
5557,2025-08-12,ORD,OKC,0.007,0.548,0.043,0.077,0.20,Medium
5557,2025-08-13,ORD,OKC,0.007,0.584,0.000,0.126,0.20,Medium
3409,2025-08-07,ORD,YOW,0.014,0.562,0.021,0.071,0.20,Medium
5229,2025-08-14,ORD,ILM,0.014,0.512,0.043,0.074,0.20,Medium
3718,2025-08-10,ORD,MSN,0.010,0.512,0.053,0.140,0.20,Medium
1778,2025-08-10,ORD,OMA,0.011,0.590,0.000,0.089,0.20,Medium
5568,2025-08-02,ORD,MLI,0.006,0.480,0.085,0.146,0.20,Medium
5469,2025-08-02,ORD,CVG,0.008,0.512,0.053,0.091,0.20,Medium
2040,2025-08-04,ORD,DEN,0.009,0.524,0.043,0.140,0.20,Medium
600,2025-08-11,ORD,LAS,0.010,0.311,0.202,0.146,0.20,Medium
5446,2025-08-04,ORD,CLE,0.010,0.562,0.074,0.031,0.20,Medium
3614,2025-08-03,ORD,MCI,0.004,0.605,0.000,0.111,0.20,Medium
1933,2025-08-01,ORD,LAS,0.012,0.549,0.000,0.146,0.20,Medium
5118,2025-08-14,ORD,PLN,0.008,0.534,0.106,0.046,0.20,Medium
5395,2025-08-05,ORD,GSO,0.014,0.450,0.106,0.066,0.20,Medium
4748,2025-08-05,ORD,ATW,0.004,0.501,0.085,0.057,0.20,Medium
1657,2025-08-09,ORD,LGA,0.001,0.573,0.064,0.057,0.20,Medium
563,2025-08-05,ORD,EWR,0.002,0.575,0.043,0.046,0.20,Medium
3601,2025-08-03,ORD,YYZ,0.013,0.541,0.043,0.034,0.20,Medium
5344,2025-08-15,ORD,MBS,0.004,0.523,0.106,0.080,0.20,Medium
3571,2025-08-08,ORD,IND,0.009,0.528,0.043,0.100,0.20,Medium
4780,2025-08-14,ORD,CAK,0.000,0.458,0.149,0.057,0.20,Medium
4497,2025-08-09,ORD,ROA,0.008,0.534,0.021,0.120,0.20,Medium
4185,2025-08-09,ORD,STL,0.007,0.589,0.000,0.126,0.20,Medium
4574,2025-08-11,ORD,YOW,0.006,0.480,0.106,0.077,0.20,Medium
5565,2025-08-13,ORD,CHO,0.023,0.578,0.000,0.051,0.20,Medium
4488,2025-08-09,ORD,DSM,0.008,0.643,0.000,0.043,0.20,Medium
275,2025-08-12,ORD,RAP,0.012,0.443,0.160,0.037,0.20,Medium
1306,2025-08-06,ORD,TPA,0.011,0.531,0.043,0.069,0.20,Medium
4194,2025-08-02,ORD,DAY,0.002,0.589,0.032,0.097,0.20,Medium
1297,2025-08-07,ORD,DFW,0.012,0.495,0.096,0.017,0.20,Medium
3440,2025-08-14,ORD,YYZ,0.001,0.541,0.106,0.066,0.20,Medium
4425,2025-08-15,ORD,GRR,0.004,0.512,0.064,0.074,0.20,Medium
3614,2025-08-02,ORD,MCI,0.001,0.562,0.043,0.097,0.20,Medium
5414,2025-08-03,ORD,MEM,0.010,0.643,0.000,0.043,0.20,Medium
5470,2025-08-10,ORD,GEG,0.011,0.455,0.149,0.071,0.20,Medium
5470,2025-08-14,ORD,GEG,0.011,0.627,0.000,0.043,0.20,Medium
1756,2025-08-03,ORD,YYZ,0.014,0.516,0.032,0.106,0.20,Medium
4501,2025-08-13,ORD,AVP,0.008,0.512,0.064,0.071,0.20,Medium
5437,2025-08-03,ORD,DLH,0.002,0.480,0.128,0.077,0.20,Medium
4529,2025-08-04,ORD,SGF,0.009,0.556,0.032,0.091,0.20,Medium
2418,2025-08-10,ORD,PHL,0.012,0.501,0.096,0.097,0.20,Medium
5999,2025-08-11,ORD,OKC,0.013,0.575,0.011,0.109,0.20,Medium
5262,2025-08-01,ORD,LNK,0.008,0.556,0.043,0.049,0.20,Medium
5275,2025-08-04,ORD,DLH,0.005,0.567,0.011,0.066,0.20,Medium
767,2025-08-14,ORD,DEN,0.015,0.523,0.043,0.114,0.20,Medium
5748,2025-08-11,ORD,YWG,0.014,0.520,0.064,0.083,0.20,Medium
4380,2025-08-03,ORD,SYR,0.013,0.534,0.000,0.134,0.20,Medium
5748,2025-08-14,ORD,YWG,0.014,0.528,0.043,0.077,0.20,Medium
411,2025-08-06,ORD,DTW,0.009,0.469,0.106,0.143,0.20,Medium
5646,2025-08-01,ORD,ATW,0.008,0.599,0.000,0.020,0.20,Medium
5420,2025-08-02,ORD,MLI,0.007,0.589,0.000,0.060,0.20,Medium
1209,2025-08-07,ORD,EWR,0.005,0.576,0.021,0.109,0.20,Medium
5280,2025-08-10,ORD,DSM,0.007,0.512,0.021,0.131,0.20,Medium
4549,2025-08-11,ORD,MLI,0.010,0.578,0.043,0.063,0.20,Medium
5557,2025-08-11,ORD,OKC,0.007,0.584,0.032,0.086,0.20,Medium
4610,2025-08-10,ORD,XNA,0.013,0.556,0.053,0.026,0.20,Medium
4584,2025-08-07,ORD,TUL,0.005,0.599,0.000,0.071,0.20,Medium
5103,2025-08-02,ORD,JLN,0.005,0.534,0.053,0.094,0.20,Medium
5859,2025-08-11,ORD,BZN,0.001,0.598,0.043,0.000,0.20,Medium
1531,2025-08-04,ORD,DSM,0.007,0.517,0.000,0.186,0.20,Medium
2369,2025-08-12,ORD,AUS,0.002,0.582,0.000,0.157,0.20,Medium
1113,2025-08-04,ORD,ALB,0.013,0.522,0.043,0.063,0.20,Medium
5414,2025-08-11,ORD,MEM,0.012,0.476,0.064,0.114,0.20,Medium
4529,2025-08-06,ORD,SGF,0.008,0.578,0.000,0.120,0.20,Medium
5577,2025-08-01,ORD,JAX,0.001,0.598,0.043,0.026,0.20,Medium
4425,2025-08-09,ORD,GRR,0.003,0.556,0.096,0.034,0.20,Medium
1538,2025-08-04,ORD,SAV,0.009,0.509,0.074,0.069,0.20,Medium
5272,2025-08-12,ORD,MSN,0.000,0.567,0.043,0.043,0.20,Medium
4780,2025-08-02,ORD,CAK,0.006,0.632,0.011,0.051,0.20,Medium
2649,2025-08-04,ORD,EWR,0.006,0.565,0.021,0.080,0.20,Medium
4549,2025-08-01,ORD,MLI,0.004,0.567,0.000,0.120,0.20,Medium
1920,2025-08-14,ORD,LAS,0.013,0.521,0.074,0.100,0.20,Medium
467,2025-08-15,ORD,CMH,0.010,0.504,0.021,0.217,0.20,Medium
4529,2025-08-08,ORD,SGF,0.009,0.599,0.000,0.094,0.20,Medium
1525,2025-08-15,ORD,AUS,0.009,0.534,0.021,0.086,0.20,Medium
5360,2025-08-12,ORD,MBS,0.012,0.480,0.106,0.026,0.20,Medium
1082,2025-08-15,ORD,PIT,0.013,0.483,0.074,0.117,0.20,Medium
4476,2025-08-12,ORD,CAE,0.010,0.578,0.021,0.017,0.20,Medium
1291,2025-08-01,ORD,IAH,0.011,0.463,0.074,0.157,0.20,Medium
5557,2025-08-01,ORD,OKC,0.007,0.534,0.043,0.129,0.20,Medium
4778,2025-08-07,ORD,FAR,0.011,0.578,0.011,0.077,0.20,Medium
5435,2025-08-03,ORD,BDL,0.001,0.505,0.085,0.094,0.20,Medium
4389,2025-08-12,ORD,CID,0.006,0.589,0.000,0.077,0.20,Medium
1872,2025-08-05,ORD,MSP,0.009,0.541,0.064,0.097,0.20,Medium
3685,2025-08-14,ORD,DTW,0.010,0.541,0.000,0.114,0.20,Medium
5988,2025-08-14,ORD,BWI,0.003,0.512,0.064,0.086,0.20,Medium
2040,2025-08-14,ORD,DEN,0.014,0.518,0.000,0.166,0.20,Medium
4185,2025-08-04,ORD,STL,0.005,0.534,0.053,0.077,0.20,Medium
5852,2025-08-04,ORD,HSV,0.011,0.498,0.085,0.057,0.20,Medium
5289,2025-08-07,ORD,CRW,0.008,0.567,0.064,0.029,0.20,Medium
1129,2025-08-13,ORD,BOS,0.013,0.558,0.000,0.071,0.20,Medium
5447,2025-08-03,ORD,PVD,0.008,0.543,0.074,0.049,0.20,Medium
970,2025-08-10,ORD,FCO,0.002,0.295,0.266,0.129,0.20,Medium
5795,2025-08-03,ORD,TUL,0.008,0.562,0.032,0.111,0.20,Medium
4474,2025-08-02,ORD,AVL,0.000,0.643,0.000,0.046,0.20,Medium
3421,2025-08-14,ORD,ROC,0.001,0.498,0.117,0.060,0.20,Medium
2225,2025-08-01,ORD,PHX,0.011,0.552,0.064,0.069,0.20,Medium
4554,2025-08-12,ORD,GRB,0.001,0.567,0.043,0.077,0.20,Medium
3568,2025-08-10,ORD,YYZ,0.010,0.584,0.011,0.051,0.20,Medium
2251,2025-08-15,ORD,PIT,0.011,0.517,0.053,0.114,0.20,Medium
4452,2025-08-11,ORD,RIC,0.008,0.512,0.064,0.060,0.20,Medium
1693,2025-08-11,ORD,DCA,0.012,0.577,0.000,0.049,0.20,Medium
2418,2025-08-05,ORD,PHL,0.000,0.496,0.149,0.080,0.20,Medium
1677,2025-08-03,ORD,BOS,0.011,0.555,0.074,0.029,0.20,Medium
4389,2025-08-13,ORD,CID,0.007,0.523,0.096,0.026,0.20,Medium
4458,2025-08-02,ORD,LIT,0.008,0.523,0.085,0.040,0.20,Medium
1793,2025-08-03,ORD,MSP,0.012,0.527,0.106,0.037,0.20,Medium
2040,2025-08-06,ORD,DEN,0.012,0.527,0.021,0.154,0.20,Medium
2067,2025-08-03,ORD,BOS,0.001,0.625,0.032,0.020,0.20,Medium
224,2025-08-04,ORD,BZN,0.001,0.522,0.000,0.194,0.20,Medium
533,2025-08-03,ORD,OMA,0.007,0.534,0.000,0.209,0.20,Medium
3694,2025-08-08,ORD,ROC,0.007,0.555,0.021,0.069,0.20,Medium
2090,2025-08-05,ORD,MIA,0.012,0.437,0.149,0.026,0.20,Medium
1258,2025-08-02,ORD,UVF,0.012,0.625,0.000,0.063,0.20,Medium
4426,2025-08-08,ORD,BUF,0.011,0.534,0.096,0.029,0.20,Medium
1594,2025-08-13,ORD,ABQ,0.007,0.530,0.032,0.137,0.20,Medium
764,2025-08-11,ORD,YYC,0.013,0.577,0.000,0.071,0.20,Medium
1306,2025-08-14,ORD,TPA,0.011,0.591,0.000,0.074,0.20,Medium
5382,2025-08-09,ORD,FWA,0.007,0.414,0.213,0.057,0.20,Medium
5874,2025-08-14,ORD,PIA,0.007,0.447,0.138,0.071,0.20,Medium
2106,2025-08-03,ORD,SFO,0.013,0.526,0.000,0.146,0.20,Medium
3421,2025-08-06,ORD,ROC,0.011,0.555,0.000,0.080,0.20,Medium
467,2025-08-02,ORD,CMH,0.007,0.499,0.000,0.183,0.20,Medium
4436,2025-08-06,ORD,SGF,0.008,0.578,0.064,0.054,0.20,Medium
3603,2025-08-14,ORD,CMH,0.010,0.484,0.074,0.131,0.20,Medium
5505,2025-08-06,ORD,SBN,0.003,0.523,0.085,0.063,0.20,Medium
2361,2025-08-03,ORD,LAX,0.001,0.624,0.053,0.003,0.20,Medium
1270,2025-08-15,ORD,PUJ,0.013,0.524,0.074,0.091,0.20,Medium
2177,2025-08-13,ORD,MSN,0.001,0.491,0.106,0.117,0.20,Medium
3569,2025-08-05,ORD,DTW,0.007,0.548,0.032,0.089,0.20,Medium
5380,2025-08-14,ORD,MSY,0.010,0.582,0.021,0.026,0.20,Medium
1834,2025-08-04,ORD,TPA,0.009,0.571,0.000,0.071,0.20,Medium
467,2025-08-06,ORD,CMH,0.011,0.538,0.000,0.163,0.20,Medium
5568,2025-08-03,ORD,MLI,0.005,0.567,0.043,0.089,0.20,Medium
3696,2025-08-07,ORD,CVG,0.011,0.555,0.021,0.063,0.20,Medium
3655,2025-08-04,ORD,PIT,0.012,0.512,0.106,0.049,0.20,Medium
1421,2025-08-07,ORD,FLL,0.002,0.632,0.043,0.026,0.20,Medium
2337,2025-08-15,ORD,IAD,0.003,0.549,0.064,0.100,0.20,Medium
1878,2025-08-14,ORD,SFO,0.013,0.569,0.032,0.089,0.20,Medium
938,2025-08-11,ORD,LHR,0.010,0.473,0.043,0.160,0.20,Medium
5585,2025-08-01,ORD,ATW,0.008,0.589,0.011,0.049,0.20,Medium
1363,2025-08-13,ORD,LAX,0.013,0.545,0.043,0.091,0.20,Medium
4445,2025-08-10,ORD,BHM,0.007,0.578,0.000,0.066,0.20,Medium
2302,2025-08-14,ORD,BWI,0.007,0.490,0.085,0.089,0.20,Medium
5819,2025-08-11,ORD,DLH,0.006,0.490,0.096,0.111,0.20,Medium
2232,2025-08-14,ORD,MSP,0.009,0.532,0.064,0.046,0.20,Medium
2040,2025-08-10,ORD,DEN,0.014,0.582,0.000,0.106,0.20,Medium
4431,2025-08-14,ORD,MSN,0.010,0.545,0.064,0.054,0.20,Medium
1316,2025-08-04,ORD,SRQ,0.007,0.564,0.021,0.051,0.20,Medium
3603,2025-08-13,ORD,CMH,0.010,0.584,0.000,0.080,0.20,Medium
2104,2025-08-09,ORD,BOS,0.001,0.549,0.053,0.054,0.20,Medium
3523,2025-08-15,ORD,RIC,0.012,0.598,0.011,0.066,0.20,Medium
5849,2025-08-02,ORD,PWM,0.007,0.605,0.053,0.031,0.20,Medium
1304,2025-08-06,ORD,LAS,0.013,0.454,0.085,0.171,0.20,Medium
2182,2025-08-06,ORD,PHL,0.005,0.509,0.074,0.111,0.20,Medium
2071,2025-08-04,ORD,SAN,0.014,0.588,0.043,0.003,0.20,Medium
1594,2025-08-09,ORD,ABQ,0.008,0.432,0.128,0.151,0.20,Medium
3655,2025-08-12,ORD,PIT,0.012,0.491,0.085,0.043,0.20,Medium
5446,2025-08-11,ORD,CLE,0.004,0.527,0.106,0.051,0.20,Medium
764,2025-08-07,ORD,YYC,0.001,0.633,0.000,0.063,0.20,Medium
4554,2025-08-08,ORD,GRB,0.003,0.578,0.000,0.071,0.20,Medium
4387,2025-08-11,ORD,CID,0.006,0.567,0.021,0.091,0.20,Medium
5448,2025-08-13,ORD,FWA,0.004,0.469,0.117,0.120,0.20,Medium
5230,2025-08-06,ORD,CRW,0.003,0.523,0.064,0.089,0.20,Medium
3498,2025-08-02,ORD,CVG,0.012,0.570,0.000,0.114,0.20,Medium
5836,2025-08-02,ORD,TYS,0.011,0.643,0.000,0.017,0.20,Medium
1815,2025-08-03,ORD,MSY,0.006,0.621,0.011,0.077,0.20,Medium
4461,2025-08-03,ORD,ABE,0.005,0.610,0.000,0.040,0.20,Medium
4482,2025-08-06,ORD,TUL,0.010,0.545,0.064,0.049,0.20,Medium
399,2025-08-13,ORD,BOS,0.009,0.565,0.011,0.091,0.20,Medium
4574,2025-08-13,ORD,YOW,0.009,0.599,0.021,0.083,0.20,Medium
5229,2025-08-07,ORD,ILM,0.012,0.598,0.000,0.046,0.20,Medium
5521,2025-08-06,ORD,ATW,0.006,0.567,0.043,0.043,0.20,Medium
2138,2025-08-11,ORD,LGA,0.013,0.558,0.053,0.017,0.20,Medium
1857,2025-08-14,ORD,MIA,0.016,0.575,0.011,0.071,0.20,Medium
5748,2025-08-06,ORD,YWG,0.014,0.582,0.011,0.100,0.20,Medium
5534,2025-08-14,ORD,ICT,0.010,0.545,0.043,0.071,0.20,Medium
2665,2025-08-14,ORD,IAH,0.013,0.394,0.202,0.100,0.20,Medium
3694,2025-08-11,ORD,ROC,0.008,0.491,0.096,0.069,0.20,Medium
2661,2025-08-13,ORD,LGA,0.023,0.582,0.000,0.011,0.20,Medium
5021,2025-08-01,ORD,SUX,0.019,0.599,0.000,0.023,0.20,Medium
3655,2025-08-13,ORD,PIT,0.013,0.512,0.085,0.071,0.20,Medium
1975,2025-08-03,ORD,ATL,0.001,0.530,0.074,0.066,0.20,Medium
5353,2025-08-06,ORD,GRR,0.006,0.436,0.160,0.066,0.20,Medium
4502,2025-08-03,ORD,LEX,0.008,0.599,0.000,0.103,0.20,Medium
2182,2025-08-11,ORD,PHL,0.002,0.578,0.000,0.117,0.20,Medium
1316,2025-08-03,ORD,SRQ,0.008,0.556,0.053,0.100,0.20,Medium
356,2025-08-06,ORD,ATL,0.007,0.491,0.074,0.080,0.20,Medium
247,2025-08-15,ORD,OMA,0.011,0.556,0.000,0.111,0.20,Medium
5358,2025-08-06,ORD,CAK,0.006,0.501,0.128,0.040,0.20,Medium
4549,2025-08-13,ORD,MLI,0.004,0.501,0.096,0.080,0.20,Medium
1612,2025-08-03,ORD,MEM,0.011,0.547,0.021,0.100,0.20,Medium
5262,2025-08-07,ORD,LNK,0.012,0.512,0.106,0.029,0.20,Medium
5795,2025-08-02,ORD,TUL,0.010,0.570,0.043,0.089,0.20,Medium
5712,2025-08-05,ORD,GSP,0.014,0.541,0.085,0.014,0.20,Medium
4585,2025-08-01,ORD,DAY,0.007,0.567,0.043,0.063,0.20,Medium
5272,2025-08-05,ORD,MSN,0.007,0.632,0.032,0.020,0.20,Medium
4529,2025-08-07,ORD,SGF,0.009,0.589,0.000,0.123,0.20,Medium
4571,2025-08-10,ORD,XNA,0.005,0.578,0.043,0.063,0.20,Medium
4458,2025-08-09,ORD,LIT,0.011,0.556,0.053,0.046,0.20,Medium
5292,2025-08-04,ORD,MTY,0.017,0.555,0.043,0.023,0.20,Medium
5382,2025-08-13,ORD,FWA,0.006,0.534,0.085,0.060,0.20,Medium
4184,2025-08-08,ORD,DAY,0.008,0.534,0.064,0.086,0.20,Medium
490,2025-08-03,ORD,SAT,0.010,0.564,0.032,0.100,0.20,Medium
5565,2025-08-02,ORD,CHO,0.004,0.512,0.096,0.037,0.20,Medium
3614,2025-08-11,ORD,MCI,0.009,0.605,0.011,0.077,0.20,Medium
2189,2025-08-04,ORD,LGA,0.028,0.506,0.096,0.006,0.20,Medium
5763,2025-08-07,ORD,TUL,0.012,0.469,0.149,0.066,0.20,Medium
1617,2025-08-03,ORD,PHL,0.011,0.564,0.043,0.063,0.20,Medium
3601,2025-08-08,ORD,YYZ,0.012,0.570,0.074,0.023,0.20,Medium
1577,2025-08-04,ORD,SFO,0.013,0.568,0.043,0.051,0.20,Medium
1576,2025-08-02,ORD,LGA,0.010,0.539,0.064,0.074,0.20,Medium
4391,2025-08-04,ORD,SGF,0.007,0.501,0.106,0.106,0.20,Medium
4559,2025-08-10,ORD,SDF,0.008,0.512,0.064,0.074,0.20,Medium
1377,2025-08-13,ORD,MYR,0.002,0.537,0.043,0.140,0.20,Medium
1823,2025-08-14,ORD,IAH,0.008,0.428,0.191,0.026,0.20,Medium
5444,2025-08-08,ORD,LIT,0.012,0.567,0.000,0.069,0.20,Medium
5988,2025-08-15,ORD,BWI,0.012,0.491,0.032,0.140,0.20,Medium
1834,2025-08-10,ORD,TPA,0.004,0.543,0.085,0.066,0.20,Medium
4507,2025-08-10,ORD,CHA,0.006,0.534,0.117,0.029,0.20,Medium
587,2025-08-03,ORD,YUL,0.011,0.542,0.011,0.154,0.20,Medium
4389,2025-08-01,ORD,CID,0.007,0.501,0.128,0.071,0.20,Medium
2418,2025-08-06,ORD,PHL,0.002,0.448,0.106,0.137,0.20,Medium
5274,2025-08-03,ORD,SBN,0.006,0.512,0.043,0.097,0.20,Medium
5376,2025-08-04,ORD,LEX,0.007,0.551,0.000,0.143,0.20,Medium
3426,2025-08-09,ORD,IND,0.007,0.419,0.170,0.091,0.20,Medium
3568,2025-08-07,ORD,YYZ,0.010,0.562,0.000,0.071,0.20,Medium
5763,2025-08-04,ORD,TUL,0.012,0.484,0.149,0.054,0.20,Medium
5999,2025-08-03,ORD,OKC,0.008,0.605,0.021,0.063,0.20,Medium
1848,2025-08-04,ORD,ATL,0.013,0.530,0.096,0.031,0.20,Medium
1851,2025-08-07,ORD,ALB,0.009,0.521,0.053,0.103,0.20,Medium
1941,2025-08-04,ORD,CVG,0.010,0.499,0.000,0.166,0.20,Medium
5748,2025-08-12,ORD,YWG,0.010,0.504,0.085,0.083,0.20,Medium
1658,2025-08-07,ORD,EWR,0.004,0.537,0.117,0.040,0.20,Medium
1923,2025-08-07,ORD,CID,0.006,0.491,0.064,0.154,0.20,Medium
5810,2025-08-03,ORD,PIA,0.004,0.512,0.074,0.086,0.20,Medium
1741,2025-08-15,ORD,JAC,0.007,0.521,0.021,0.151,0.20,Medium
5493,2025-08-15,ORD,ATW,0.007,0.534,0.021,0.103,0.20,Medium
5984,2025-08-11,ORD,BIL,0.003,0.613,0.000,0.114,0.20,Medium
2067,2025-08-02,ORD,BOS,0.002,0.643,0.000,0.057,0.20,Medium
293,2025-08-08,ORD,LGA,0.015,0.539,0.043,0.046,0.20,Medium
5274,2025-08-04,ORD,SBN,0.007,0.512,0.043,0.091,0.20,Medium
1205,2025-08-15,ORD,EWR,0.013,0.524,0.074,0.063,0.20,Medium
5375,2025-08-08,ORD,GRB,0.010,0.578,0.000,0.074,0.20,Medium
1657,2025-08-01,ORD,LGA,0.002,0.532,0.096,0.071,0.20,Medium
1304,2025-08-15,ORD,LAS,0.007,0.558,0.000,0.091,0.20,Medium
3535,2025-08-04,ORD,MSN,0.012,0.469,0.149,0.054,0.20,Medium
1477,2025-08-11,ORD,PHX,0.002,0.594,0.074,0.009,0.20,Medium
5608,2025-08-05,ORD,GRB,0.006,0.545,0.032,0.097,0.20,Medium
1740,2025-08-06,ORD,RSW,0.002,0.576,0.085,0.029,0.20,Medium
2672,2025-08-04,ORD,PNS,0.009,0.556,0.053,0.051,0.20,Medium
5437,2025-08-10,ORD,DLH,0.010,0.490,0.138,0.060,0.20,Medium
1205,2025-08-09,ORD,EWR,0.013,0.591,0.000,0.066,0.20,Medium
2040,2025-08-03,ORD,DEN,0.012,0.543,0.011,0.126,0.20,Medium
3641,2025-08-08,ORD,GRR,0.003,0.570,0.043,0.066,0.20,Medium
5852,2025-08-08,ORD,HSV,0.011,0.562,0.021,0.074,0.20,Medium
4425,2025-08-03,ORD,GRR,0.010,0.534,0.011,0.094,0.20,Medium
3603,2025-08-10,ORD,CMH,0.011,0.534,0.000,0.111,0.20,Medium
5565,2025-08-11,ORD,CHO,0.004,0.578,0.043,0.037,0.20,Medium
5360,2025-08-10,ORD,MBS,0.008,0.512,0.106,0.034,0.20,Medium
4533,2025-08-06,ORD,MSN,0.007,0.501,0.106,0.063,0.20,Medium
5435,2025-08-08,ORD,BDL,0.012,0.562,0.043,0.063,0.20,Medium
4574,2025-08-05,ORD,YOW,0.009,0.621,0.011,0.051,0.20,Medium
1082,2025-08-06,ORD,PIT,0.013,0.436,0.138,0.117,0.20,Medium
2628,2025-08-03,ORD,BNA,0.009,0.534,0.021,0.169,0.20,Medium
5383,2025-08-02,ORD,TVC,0.012,0.545,0.000,0.166,0.20,Medium
2040,2025-08-13,ORD,DEN,0.009,0.527,0.021,0.094,0.20,Medium
275,2025-08-05,ORD,RAP,0.012,0.512,0.064,0.074,0.20,Medium
482,2025-08-14,ORD,CHS,0.015,0.578,0.032,0.074,0.20,Medium
4390,2025-08-03,ORD,CHA,0.004,0.632,0.011,0.034,0.20,Medium
2618,2025-08-02,ORD,STL,0.007,0.472,0.000,0.266,0.20,Medium
5021,2025-08-07,ORD,SUX,0.004,0.480,0.106,0.106,0.20,Medium
4558,2025-08-09,ORD,XNA,0.008,0.556,0.053,0.031,0.20,Medium
1677,2025-08-11,ORD,BOS,0.012,0.571,0.000,0.057,0.20,Medium
4501,2025-08-01,ORD,AVP,0.010,0.501,0.096,0.029,0.20,Medium
4185,2025-08-01,ORD,STL,0.005,0.545,0.032,0.069,0.20,Medium
3614,2025-08-14,ORD,MCI,0.009,0.541,0.096,0.029,0.20,Medium
3468,2025-08-15,ORD,BGR,0.012,0.548,0.021,0.069,0.20,Medium
2487,2025-08-02,ORD,PHL,0.011,0.575,0.000,0.106,0.20,Medium
563,2025-08-07,ORD,EWR,0.001,0.616,0.043,0.014,0.20,Medium
3409,2025-08-06,ORD,YOW,0.014,0.512,0.085,0.063,0.20,Medium
4585,2025-08-08,ORD,DAY,0.008,0.556,0.043,0.051,0.20,Medium
3536,2025-08-08,ORD,YUL,0.012,0.570,0.000,0.086,0.20,Medium
4529,2025-08-15,ORD,SGF,0.009,0.447,0.160,0.069,0.20,Medium
669,2025-08-11,ORD,AUS,0.001,0.578,0.043,0.040,0.20,Medium
5234,2025-08-03,ORD,MKE,0.010,0.567,0.053,0.051,0.20,Medium
1677,2025-08-06,ORD,BOS,0.012,0.558,0.064,0.034,0.20,Medium
5375,2025-08-03,ORD,GRB,0.010,0.621,0.000,0.074,0.20,Medium
3700,2025-08-15,ORD,BNA,0.010,0.527,0.043,0.057,0.20,Medium
2672,2025-08-10,ORD,PNS,0.010,0.625,0.000,0.060,0.20,Medium
5309,2025-08-12,ORD,FWA,0.001,0.425,0.149,0.163,0.20,Medium
5988,2025-08-07,ORD,BWI,0.012,0.577,0.032,0.034,0.20,Medium
5565,2025-08-07,ORD,CHO,0.011,0.534,0.043,0.057,0.20,Medium
2067,2025-08-11,ORD,BOS,0.001,0.598,0.043,0.069,0.20,Medium
5447,2025-08-06,ORD,PVD,0.008,0.528,0.064,0.069,0.20,Medium
3568,2025-08-03,ORD,YYZ,0.009,0.548,0.106,0.029,0.20,Medium
3700,2025-08-13,ORD,BNA,0.010,0.505,0.085,0.043,0.20,Medium
4458,2025-08-10,ORD,LIT,0.008,0.534,0.064,0.063,0.20,Medium
4431,2025-08-10,ORD,MSN,0.009,0.534,0.032,0.106,0.20,Medium
5568,2025-08-09,ORD,MLI,0.005,0.556,0.032,0.069,0.20,Medium
2666,2025-08-05,ORD,DEN,0.002,0.624,0.053,0.023,0.20,Medium
2640,2025-08-11,ORD,DCA,0.006,0.625,0.021,0.049,0.20,Medium
5435,2025-08-12,ORD,BDL,0.012,0.519,0.021,0.097,0.20,Medium
5448,2025-08-15,ORD,FWA,0.008,0.534,0.053,0.066,0.20,Medium
5289,2025-08-02,ORD,CRW,0.010,0.469,0.138,0.029,0.20,Medium
5565,2025-08-06,ORD,CHO,0.011,0.556,0.064,0.054,0.20,Medium
1658,2025-08-14,ORD,EWR,0.002,0.543,0.064,0.063,0.20,Medium
4571,2025-08-04,ORD,XNA,0.006,0.534,0.085,0.080,0.20,Medium
764,2025-08-04,ORD,YYC,0.013,0.564,0.021,0.091,0.20,Medium
1941,2025-08-12,ORD,CVG,0.010,0.478,0.053,0.131,0.20,Medium
1996,2025-08-12,ORD,SJU,0.001,0.529,0.074,0.051,0.20,Medium
2329,2025-08-07,ORD,DTW,0.008,0.418,0.149,0.129,0.20,Medium
1899,2025-08-15,ORD,YYC,0.009,0.547,0.043,0.114,0.20,Medium
4173,2025-08-04,ORD,AVL,0.012,0.490,0.096,0.026,0.20,Medium
2137,2025-08-04,ORD,SLC,0.010,0.539,0.064,0.097,0.20,Medium
5748,2025-08-10,ORD,YWG,0.042,0.504,0.000,0.043,0.20,Medium
2691,2025-08-07,ORD,EWR,0.001,0.594,0.064,0.040,0.20,Medium
1793,2025-08-01,ORD,MSP,0.010,0.568,0.053,0.054,0.20,Medium
1301,2025-08-12,ORD,ICT,0.011,0.413,0.117,0.180,0.20,Medium
1538,2025-08-12,ORD,SAV,0.007,0.620,0.000,0.034,0.20,Medium
5748,2025-08-01,ORD,YWG,0.014,0.528,0.085,0.060,0.20,Medium
2195,2025-08-07,ORD,BDL,0.003,0.502,0.074,0.083,0.20,Medium
5810,2025-08-15,ORD,PIA,0.005,0.523,0.064,0.097,0.20,Medium
5712,2025-08-04,ORD,GSP,0.014,0.527,0.043,0.051,0.20,Medium
4645,2025-08-07,ORD,FWA,0.005,0.490,0.064,0.109,0.20,Medium
378,2025-08-05,ORD,LAX,0.002,0.598,0.000,0.089,0.20,Medium
3569,2025-08-06,ORD,DTW,0.010,0.541,0.043,0.074,0.20,Medium
1304,2025-08-14,ORD,LAS,0.013,0.546,0.053,0.094,0.20,Medium
1815,2025-08-13,ORD,MSY,0.011,0.556,0.043,0.046,0.20,Medium
5376,2025-08-11,ORD,LEX,0.007,0.512,0.064,0.120,0.20,Medium
5362,2025-08-11,ORD,MKE,0.003,0.447,0.160,0.077,0.20,Medium
1975,2025-08-10,ORD,ATL,0.005,0.494,0.106,0.071,0.20,Medium
4482,2025-08-08,ORD,TUL,0.012,0.610,0.000,0.074,0.20,Medium
5946,2025-08-13,ORD,RAP,0.005,0.536,0.053,0.097,0.20,Medium
5021,2025-08-02,ORD,SUX,0.019,0.447,0.138,0.080,0.20,Medium
2251,2025-08-08,ORD,PIT,0.011,0.577,0.053,0.043,0.20,Medium
4436,2025-08-15,ORD,SGF,0.012,0.567,0.021,0.069,0.20,Medium
4542,2025-08-01,ORD,LIT,0.007,0.458,0.138,0.103,0.20,Medium
3451,2025-08-15,ORD,PWM,0.005,0.591,0.021,0.037,0.20,Medium
4554,2025-08-02,ORD,GRB,0.007,0.589,0.000,0.083,0.20,Medium
5094,2025-08-04,ORD,RHI,0.005,0.578,0.043,0.054,0.20,Medium
4458,2025-08-13,ORD,LIT,0.008,0.556,0.074,0.046,0.20,Medium
5280,2025-08-14,ORD,DSM,0.009,0.491,0.043,0.123,0.20,Medium
5274,2025-08-01,ORD,SBN,0.007,0.567,0.043,0.080,0.20,Medium
5607,2025-08-05,ORD,TUS,0.007,0.567,0.043,0.060,0.20,Medium
2635,2025-08-04,ORD,CLT,0.007,0.560,0.021,0.057,0.20,Medium
1448,2025-08-07,ORD,BUF,0.009,0.538,0.043,0.080,0.20,Medium
4554,2025-08-14,ORD,GRB,0.010,0.545,0.064,0.091,0.20,Medium
5859,2025-08-14,ORD,BZN,0.001,0.656,0.021,0.011,0.20,Medium
2113,2025-08-04,ORD,FSD,0.009,0.509,0.000,0.163,0.20,Medium
4809,2025-08-15,ORD,ICT,0.008,0.491,0.085,0.129,0.20,Medium
4645,2025-08-02,ORD,FWA,0.005,0.589,0.000,0.111,0.20,Medium
1413,2025-08-11,ORD,LGA,0.009,0.568,0.011,0.049,0.20,Medium
1297,2025-08-01,ORD,DFW,0.013,0.586,0.043,0.037,0.20,Medium
2200,2025-08-10,ORD,SEA,0.013,0.489,0.064,0.134,0.20,Medium
3685,2025-08-11,ORD,DTW,0.011,0.548,0.000,0.117,0.20,Medium
2455,2025-08-03,ORD,SAV,0.014,0.540,0.032,0.057,0.20,Medium
2653,2025-08-14,ORD,RDU,0.010,0.473,0.074,0.140,0.20,Medium
3614,2025-08-10,ORD,MCI,0.004,0.543,0.064,0.106,0.20,Medium
482,2025-08-03,ORD,CHS,0.002,0.564,0.074,0.069,0.20,Medium
1304,2025-08-13,ORD,LAS,0.013,0.509,0.064,0.100,0.20,Medium
5038,2025-08-13,ORD,PLN,0.005,0.632,0.000,0.066,0.20,Medium
399,2025-08-04,ORD,BOS,0.012,0.539,0.021,0.066,0.20,Medium
4574,2025-08-09,ORD,YOW,0.009,0.534,0.043,0.051,0.20,Medium
980,2025-08-12,ORD,DUB,0.002,0.400,0.043,0.329,0.20,Medium
2004,2025-08-07,ORD,SYR,0.002,0.512,0.106,0.089,0.20,Medium
1803,2025-08-04,ORD,DEN,0.012,0.537,0.053,0.080,0.20,Medium
5470,2025-08-15,ORD,GEG,0.013,0.584,0.021,0.060,0.20,Medium
2133,2025-08-07,ORD,EWR,0.013,0.540,0.043,0.023,0.20,Medium
3694,2025-08-01,ORD,ROC,0.007,0.598,0.000,0.066,0.20,Medium
3568,2025-08-08,ORD,YYZ,0.010,0.584,0.000,0.080,0.20,Medium
4387,2025-08-03,ORD,CID,0.005,0.545,0.043,0.114,0.20,Medium
4611,2025-08-06,ORD,MDT,0.000,0.458,0.160,0.031,0.20,Medium
2144,2025-08-13,ORD,YYZ,0.011,0.543,0.021,0.083,0.20,Medium
1502,2025-08-12,ORD,RDU,0.012,0.527,0.053,0.094,0.20,Medium
4458,2025-08-03,ORD,LIT,0.011,0.512,0.043,0.086,0.20,Medium
4517,2025-08-07,ORD,SCE,0.004,0.599,0.000,0.046,0.20,Medium
3468,2025-08-05,ORD,BGR,0.012,0.462,0.106,0.069,0.20,Medium
5230,2025-08-11,ORD,CRW,0.010,0.534,0.085,0.026,0.20,Medium
1502,2025-08-05,ORD,RDU,0.012,0.561,0.021,0.109,0.20,Medium
4791,2025-08-01,ORD,SBN,0.010,0.599,0.000,0.051,0.20,Medium
4406,2025-08-09,ORD,TVC,0.007,0.599,0.000,0.063,0.20,Medium
5843,2025-08-11,ORD,ECP,0.006,0.620,0.000,0.037,0.20,Medium
2361,2025-08-11,ORD,LAX,0.004,0.582,0.074,0.000,0.20,Medium
416,2025-08-11,ORD,MXP,0.005,0.351,0.128,0.271,0.20,Medium
1584,2025-08-03,ORD,LAX,0.001,0.621,0.011,0.029,0.20,Medium
4391,2025-08-05,ORD,SGF,0.006,0.556,0.011,0.134,0.20,Medium
4468,2025-08-08,ORD,LEX,0.008,0.589,0.000,0.089,0.20,Medium
5118,2025-08-08,ORD,PLN,0.009,0.501,0.106,0.026,0.20,Medium
5219,2025-08-09,ORD,GRB,0.004,0.599,0.000,0.089,0.20,Medium
4458,2025-08-14,ORD,LIT,0.012,0.578,0.021,0.040,0.20,Medium
5607,2025-08-07,ORD,TUS,0.005,0.512,0.096,0.043,0.20,Medium
5729,2025-08-09,ORD,FNT,0.005,0.490,0.128,0.089,0.20,Medium
5099,2025-08-01,ORD,CIU,0.010,0.545,0.021,0.066,0.20,Medium
5948,2025-08-07,ORD,BNA,0.010,0.498,0.096,0.069,0.20,Medium
3654,2025-08-12,ORD,STL,0.009,0.527,0.053,0.117,0.20,Medium
4718,2025-08-10,ORD,DAY,0.006,0.501,0.064,0.117,0.20,Medium
5360,2025-08-08,ORD,MBS,0.012,0.512,0.053,0.086,0.20,Medium
2144,2025-08-01,ORD,YYZ,0.014,0.598,0.032,0.046,0.20,Medium
5437,2025-08-01,ORD,DLH,0.010,0.534,0.096,0.049,0.20,Medium
2649,2025-08-07,ORD,EWR,0.006,0.571,0.032,0.080,0.20,Medium
5140,2025-08-11,ORD,CMX,0.003,0.545,0.085,0.040,0.20,Medium
758,2025-08-06,ORD,EWR,0.013,0.488,0.074,0.091,0.20,Medium
5469,2025-08-01,ORD,SDF,0.010,0.610,0.000,0.069,0.20,Medium
5601,2025-08-04,ORD,FNT,0.009,0.480,0.128,0.057,0.20,Medium
286,2025-08-01,ORD,CLE,0.001,0.509,0.011,0.217,0.20,Medium
2144,2025-08-04,ORD,YYZ,0.011,0.581,0.053,0.034,0.20,Medium
5376,2025-08-03,ORD,LEX,0.007,0.551,0.053,0.074,0.20,Medium
2635,2025-08-15,ORD,CLT,0.012,0.538,0.064,0.089,0.20,Medium
1209,2025-08-14,ORD,EWR,0.011,0.552,0.021,0.060,0.20,Medium
1381,2025-08-01,ORD,DCA,0.011,0.501,0.096,0.066,0.20,Medium
3536,2025-08-14,ORD,YUL,0.015,0.527,0.032,0.060,0.20,Medium
3668,2025-08-07,ORD,IND,0.013,0.512,0.000,0.151,0.20,Medium
4611,2025-08-13,ORD,MDT,0.000,0.610,0.021,0.040,0.20,Medium
1361,2025-08-03,ORD,STL,0.012,0.517,0.000,0.189,0.20,Medium
5323,2025-08-10,ORD,CID,0.004,0.548,0.000,0.114,0.20,Medium
5448,2025-08-01,ORD,FWA,0.004,0.589,0.021,0.066,0.20,Medium
3694,2025-08-04,ORD,ROC,0.007,0.620,0.021,0.057,0.20,Medium
5274,2025-08-09,ORD,SBN,0.006,0.447,0.106,0.103,0.20,Medium
5841,2025-08-12,ORD,MEM,0.009,0.504,0.096,0.077,0.20,Medium
1306,2025-08-04,ORD,TPA,0.002,0.594,0.043,0.060,0.20,Medium
2661,2025-08-10,ORD,LGA,0.013,0.591,0.021,0.009,0.20,Medium
1224,2025-08-10,ORD,LAX,0.000,0.637,0.032,0.037,0.20,Medium
602,2025-08-13,ORD,PHX,0.013,0.412,0.117,0.131,0.20,Medium
2067,2025-08-04,ORD,BOS,0.013,0.539,0.085,0.037,0.20,Medium
275,2025-08-04,ORD,RAP,0.012,0.567,0.000,0.060,0.20,Medium
1857,2025-08-07,ORD,MIA,0.011,0.568,0.000,0.066,0.20,Medium
2440,2025-08-12,ORD,LAS,0.015,0.488,0.128,0.051,0.20,Medium
2302,2025-08-11,ORD,BWI,0.001,0.538,0.043,0.114,0.20,Medium
729,2025-08-05,ORD,DFW,0.014,0.570,0.043,0.037,0.20,Medium
3601,2025-08-11,ORD,YYZ,0.013,0.577,0.021,0.051,0.20,Medium
5337,2025-08-14,ORD,ROA,0.000,0.562,0.053,0.083,0.20,Medium
2347,2025-08-15,ORD,CLE,0.014,0.450,0.106,0.103,0.20,Medium
2488,2025-08-10,ORD,LGA,0.013,0.542,0.053,0.020,0.20,Medium
5337,2025-08-11,ORD,ROA,0.010,0.605,0.011,0.080,0.20,Medium
5852,2025-08-13,ORD,HSV,0.003,0.497,0.128,0.100,0.20,Medium
4482,2025-08-01,ORD,TUL,0.008,0.545,0.021,0.071,0.20,Medium
1068,2025-08-06,ORD,IAD,0.001,0.438,0.149,0.083,0.20,Medium
5564,2025-08-10,ORD,SBN,0.007,0.512,0.043,0.120,0.20,Medium
576,2025-08-04,ORD,LAX,0.014,0.510,0.053,0.086,0.20,Medium
1851,2025-08-13,ORD,ALB,0.011,0.443,0.138,0.131,0.20,Medium
476,2025-08-04,ORD,CVG,0.012,0.473,0.053,0.131,0.20,Medium
5608,2025-08-08,ORD,GRB,0.005,0.556,0.074,0.071,0.20,Medium
2488,2025-08-07,ORD,LGA,0.012,0.647,0.000,0.003,0.20,Medium
1576,2025-08-13,ORD,LGA,0.015,0.575,0.000,0.074,0.20,Medium
2011,2025-08-12,ORD,YVR,0.016,0.389,0.181,0.063,0.20,Medium
5726,2025-08-01,ORD,TYS,0.001,0.632,0.000,0.049,0.20,Medium
1314,2025-08-04,ORD,IAH,0.014,0.537,0.064,0.091,0.20,Medium
5337,2025-08-06,ORD,ROA,0.007,0.527,0.085,0.057,0.20,Medium
1778,2025-08-05,ORD,OMA,0.006,0.522,0.032,0.166,0.20,Medium
4481,2025-08-04,ORD,GRR,0.001,0.534,0.043,0.114,0.20,Medium
1740,2025-08-11,ORD,RSW,0.002,0.443,0.202,0.066,0.20,Medium
602,2025-08-08,ORD,PHX,0.008,0.473,0.000,0.229,0.20,Medium
5337,2025-08-08,ORD,ROA,0.010,0.484,0.149,0.054,0.20,Medium
5094,2025-08-03,ORD,RHI,0.000,0.632,0.032,0.023,0.20,Medium
1848,2025-08-08,ORD,ATL,0.010,0.525,0.064,0.054,0.20,Medium
2038,2025-08-08,ORD,BUF,0.001,0.432,0.096,0.163,0.20,Medium
576,2025-08-15,ORD,LAX,0.014,0.458,0.021,0.191,0.20,Medium
4186,2025-08-08,ORD,MLI,0.004,0.490,0.064,0.106,0.20,Medium
1677,2025-08-14,ORD,BOS,0.012,0.611,0.000,0.037,0.20,Medium
3638,2025-08-14,ORD,CHS,0.007,0.627,0.000,0.017,0.20,Medium
2369,2025-08-05,ORD,AUS,0.015,0.604,0.011,0.020,0.20,Medium
5215,2025-08-02,ORD,LNK,0.006,0.567,0.043,0.086,0.20,Medium
5038,2025-08-02,ORD,PLN,0.004,0.610,0.000,0.109,0.20,Medium
1491,2025-08-14,ORD,DFW,0.010,0.469,0.149,0.060,0.20,Medium
5607,2025-08-08,ORD,TUS,0.005,0.582,0.011,0.063,0.20,Medium
4481,2025-08-03,ORD,GRR,0.001,0.589,0.000,0.106,0.20,Medium
3655,2025-08-05,ORD,PIT,0.012,0.570,0.021,0.114,0.20,Medium
5668,2025-08-01,ORD,MKE,0.009,0.545,0.043,0.091,0.20,Medium
2347,2025-08-11,ORD,CLE,0.012,0.504,0.043,0.163,0.20,Medium
5038,2025-08-05,ORD,PLN,0.005,0.490,0.106,0.057,0.20,Medium
4542,2025-08-10,ORD,LIT,0.007,0.501,0.085,0.071,0.20,Easy
2067,2025-08-01,ORD,BOS,0.002,0.636,0.000,0.017,0.20,Easy
970,2025-08-05,ORD,FCO,0.016,0.300,0.223,0.129,0.20,Easy
5447,2025-08-08,ORD,PVD,0.001,0.590,0.011,0.060,0.20,Easy
600,2025-08-15,ORD,LAS,0.010,0.482,0.085,0.080,0.20,Easy
4452,2025-08-05,ORD,RIC,0.008,0.621,0.000,0.066,0.20,Easy
4479,2025-08-10,ORD,STL,0.012,0.610,0.000,0.086,0.20,Easy
3638,2025-08-07,ORD,CHS,0.008,0.641,0.011,0.017,0.20,Easy
5405,2025-08-11,ORD,SCE,0.010,0.567,0.032,0.094,0.20,Easy
611,2025-08-02,ORD,SFO,0.002,0.543,0.106,0.017,0.20,Easy
359,2025-08-11,ORD,MEX,0.010,0.523,0.106,0.040,0.20,Easy
466,2025-08-10,ORD,DCA,0.007,0.551,0.074,0.003,0.20,Easy
4502,2025-08-06,ORD,LEX,0.007,0.480,0.085,0.111,0.20,Easy
2067,2025-08-06,ORD,BOS,0.002,0.614,0.021,0.031,0.20,Easy
3638,2025-08-04,ORD,CHS,0.007,0.620,0.043,0.023,0.20,Easy
4718,2025-08-06,ORD,DAY,0.007,0.466,0.085,0.114,0.20,Easy
1414,2025-08-07,ORD,BOI,0.013,0.563,0.021,0.054,0.20,Easy
5376,2025-08-10,ORD,LEX,0.007,0.551,0.043,0.129,0.20,Easy
4559,2025-08-08,ORD,SDF,0.005,0.512,0.085,0.037,0.20,Easy
1525,2025-08-04,ORD,AUS,0.020,0.594,0.011,0.054,0.20,Easy
1756,2025-08-08,ORD,YYZ,0.018,0.437,0.074,0.114,0.20,Easy
1525,2025-08-11,ORD,AUS,0.010,0.581,0.000,0.097,0.20,Easy
1933,2025-08-05,ORD,LAS,0.012,0.552,0.043,0.060,0.20,Easy
3610,2025-08-06,ORD,YQB,0.009,0.598,0.021,0.037,0.20,Easy
4611,2025-08-07,ORD,MDT,0.010,0.512,0.011,0.126,0.20,Easy
4431,2025-08-13,ORD,MSN,0.009,0.501,0.085,0.054,0.20,Easy
5309,2025-08-07,ORD,FWA,0.006,0.556,0.021,0.077,0.20,Easy
4530,2025-08-15,ORD,SGF,0.008,0.545,0.043,0.069,0.20,Easy
1851,2025-08-04,ORD,ALB,0.008,0.560,0.011,0.143,0.20,Easy
2370,2025-08-04,ORD,BOS,0.012,0.540,0.011,0.086,0.20,Easy
2609,2025-08-05,ORD,SNA,0.008,0.607,0.000,0.026,0.20,Easy
1316,2025-08-10,ORD,SRQ,0.008,0.508,0.096,0.057,0.20,Easy
4568,2025-08-15,ORD,SCE,0.010,0.534,0.053,0.060,0.20,Easy
5505,2025-08-15,ORD,SBN,0.006,0.469,0.106,0.083,0.20,Easy
4789,2025-08-15,ORD,FAR,0.008,0.543,0.053,0.111,0.20,Easy
5948,2025-08-01,ORD,BNA,0.010,0.519,0.085,0.086,0.20,Easy
1421,2025-08-10,ORD,FLL,0.002,0.627,0.032,0.009,0.20,Easy
1832,2025-08-04,ORD,CMH,0.001,0.586,0.043,0.086,0.20,Easy
5859,2025-08-08,ORD,BZN,0.001,0.656,0.000,0.011,0.20,Easy
4552,2025-08-02,ORD,DAY,0.007,0.556,0.000,0.166,0.20,Easy
5099,2025-08-14,ORD,CIU,0.000,0.545,0.053,0.083,0.20,Easy
4406,2025-08-01,ORD,TVC,0.005,0.501,0.064,0.086,0.20,Easy
4517,2025-08-10,ORD,SCE,0.004,0.578,0.053,0.069,0.20,Easy
1803,2025-08-03,ORD,DEN,0.012,0.602,0.000,0.034,0.20,Easy
4610,2025-08-13,ORD,XNA,0.013,0.523,0.064,0.031,0.20,Easy
5140,2025-08-07,ORD,CMX,0.003,0.578,0.021,0.100,0.20,Easy
5395,2025-08-01,ORD,GSO,0.008,0.543,0.064,0.043,0.20,Easy
5628,2025-08-13,ORD,IND,0.000,0.505,0.064,0.171,0.20,Easy
2691,2025-08-06,ORD,EWR,0.004,0.561,0.064,0.026,0.20,Easy
275,2025-08-14,ORD,RAP,0.013,0.585,0.000,0.080,0.20,Easy
5968,2025-08-10,ORD,ACK,0.007,0.613,0.021,0.009,0.20,Easy
1612,2025-08-04,ORD,MEM,0.011,0.469,0.021,0.174,0.20,Easy
2361,2025-08-12,ORD,LAX,0.012,0.565,0.064,0.037,0.20,Easy
1120,2025-08-09,ORD,LIR,0.003,0.613,0.000,0.066,0.20,Easy
4791,2025-08-02,ORD,SBN,0.007,0.556,0.043,0.089,0.20,Easy
5608,2025-08-12,ORD,GRB,0.005,0.567,0.064,0.037,0.20,Easy
5395,2025-08-10,ORD,GSO,0.008,0.512,0.064,0.057,0.20,Easy
5532,2025-08-01,ORD,MCI,0.001,0.551,0.043,0.111,0.20,Easy
1100,2025-08-08,ORD,PDX,0.001,0.512,0.138,0.037,0.20,Easy
5557,2025-08-15,ORD,OKC,0.008,0.548,0.043,0.083,0.20,Easy
1872,2025-08-03,ORD,MSP,0.013,0.523,0.043,0.086,0.20,Easy
1909,2025-08-08,ORD,TVC,0.005,0.534,0.021,0.109,0.20,Easy
5726,2025-08-14,ORD,TYS,0.010,0.599,0.000,0.043,0.20,Easy
1658,2025-08-03,ORD,EWR,0.002,0.521,0.074,0.049,0.20,Easy
275,2025-08-06,ORD,RAP,0.009,0.559,0.021,0.086,0.20,Easy
2414,2025-08-15,ORD,BNA,0.012,0.519,0.085,0.094,0.20,Easy
2290,2025-08-12,ORD,DFW,0.010,0.560,0.043,0.071,0.20,Easy
5269,2025-08-06,ORD,PIA,0.004,0.480,0.149,0.089,0.20,Easy
5763,2025-08-10,ORD,TUL,0.012,0.570,0.021,0.083,0.20,Easy
5836,2025-08-11,ORD,TYS,0.003,0.523,0.085,0.043,0.20,Easy
4571,2025-08-03,ORD,XNA,0.005,0.610,0.021,0.071,0.20,Easy
708,2025-08-07,ORD,MCI,0.013,0.573,0.032,0.089,0.20,Easy
4613,2025-08-11,ORD,STL,0.006,0.512,0.053,0.097,0.20,Easy
4425,2025-08-08,ORD,GRR,0.004,0.599,0.000,0.091,0.20,Easy
4645,2025-08-01,ORD,FWA,0.005,0.512,0.064,0.086,0.20,Easy
5375,2025-08-01,ORD,GRB,0.010,0.556,0.043,0.069,0.20,Easy
3655,2025-08-15,ORD,PIT,0.011,0.505,0.074,0.066,0.20,Easy
3654,2025-08-11,ORD,STL,0.008,0.555,0.000,0.094,0.20,Easy
4718,2025-08-03,ORD,DAY,0.006,0.556,0.000,0.149,0.20,Easy
2414,2025-08-07,ORD,BNA,0.002,0.496,0.138,0.083,0.20,Easy
4542,2025-08-08,ORD,LIT,0.005,0.469,0.117,0.083,0.20,Easy
5292,2025-08-07,ORD,MTY,0.000,0.562,0.074,0.014,0.20,Easy
5395,2025-08-11,ORD,GSO,0.005,0.489,0.149,0.037,0.20,Easy
5398,2025-08-04,ORD,IND,0.007,0.512,0.064,0.106,0.20,Easy
5841,2025-08-01,ORD,MEM,0.003,0.551,0.085,0.060,0.20,Easy
2323,2025-08-04,ORD,MCO,0.012,0.580,0.043,0.066,0.20,Easy
1044,2025-08-11,ORD,LAX,0.002,0.584,0.000,0.157,0.20,Easy
4552,2025-08-09,ORD,DAY,0.006,0.480,0.128,0.106,0.20,Easy
5930,2025-08-13,ORD,FAR,0.016,0.559,0.000,0.120,0.20,Easy
293,2025-08-04,ORD,LGA,0.014,0.568,0.032,0.026,0.20,Easy
5125,2025-08-13,ORD,CMX,0.011,0.534,0.043,0.103,0.20,Easy
752,2025-08-10,ORD,DCA,0.004,0.614,0.000,0.086,0.20,Easy
5607,2025-08-09,ORD,TUS,0.005,0.473,0.106,0.077,0.20,Easy
4507,2025-08-02,ORD,CHA,0.006,0.578,0.000,0.066,0.20,Easy
1857,2025-08-07,ORD,MIA,0.011,0.568,0.000,0.066,0.20,Easy
3440,2025-08-06,ORD,YYZ,0.001,0.541,0.085,0.043,0.20,Easy
1082,2025-08-03,ORD,PIT,0.013,0.512,0.064,0.134,0.20,Easy
5810,2025-08-14,ORD,PIA,0.005,0.447,0.106,0.111,0.20,Easy
721,2025-08-15,ORD,BOS,0.011,0.582,0.043,0.066,0.20,Easy
2862,2025-08-12,ORD,IAD,0.013,0.436,0.106,0.111,0.20,Easy
2414,2025-08-02,ORD,BNA,0.009,0.495,0.043,0.134,0.20,Easy
938,2025-08-09,ORD,LHR,0.010,0.444,0.117,0.114,0.20,Easy
1778,2025-08-12,ORD,OMA,0.005,0.401,0.202,0.123,0.20,Easy
490,2025-08-08,ORD,SAT,0.010,0.534,0.064,0.077,0.20,Easy
4482,2025-08-10,ORD,TUL,0.012,0.556,0.011,0.080,0.20,Easy
758,2025-08-11,ORD,EWR,0.003,0.570,0.064,0.034,0.20,Easy
4780,2025-08-05,ORD,CAK,0.007,0.589,0.021,0.026,0.20,Easy
5843,2025-08-04,ORD,ECP,0.006,0.591,0.011,0.029,0.20,Easy
1205,2025-08-08,ORD,EWR,0.013,0.540,0.021,0.060,0.20,Easy
2302,2025-08-02,ORD,BWI,0.001,0.589,0.021,0.089,0.20,Easy
758,2025-08-14,ORD,EWR,0.012,0.531,0.043,0.086,0.20,Easy
3655,2025-08-11,ORD,PIT,0.012,0.512,0.043,0.077,0.20,Easy
4645,2025-08-09,ORD,FWA,0.004,0.534,0.064,0.089,0.20,Easy
4451,2025-08-09,ORD,DTW,0.005,0.556,0.021,0.071,0.20,Easy
4458,2025-08-05,ORD,LIT,0.012,0.501,0.096,0.060,0.20,Easy
1010,2025-08-12,ORD,DCA,0.231,0.011,0.021,0.006,0.20,Easy
4600,2025-08-07,ORD,XNA,0.010,0.490,0.138,0.043,0.20,Easy
5607,2025-08-04,ORD,TUS,0.007,0.528,0.085,0.063,0.20,Easy
4584,2025-08-12,ORD,TUL,0.001,0.567,0.011,0.157,0.20,Easy
1920,2025-08-13,ORD,LAS,0.013,0.424,0.128,0.114,0.20,Easy
1658,2025-08-09,ORD,EWR,0.013,0.564,0.032,0.029,0.20,Easy
5219,2025-08-01,ORD,GRB,0.004,0.599,0.021,0.049,0.20,Easy
1502,2025-08-10,ORD,RDU,0.012,0.552,0.053,0.094,0.20,Easy
1010,2025-08-11,ORD,DCA,0.001,0.596,0.021,0.080,0.20,Easy
4481,2025-08-12,ORD,GRR,0.000,0.534,0.074,0.089,0.20,Easy
1617,2025-08-06,ORD,PHL,0.013,0.568,0.021,0.083,0.20,Easy
4778,2025-08-13,ORD,FAR,0.003,0.534,0.117,0.043,0.20,Easy
3464,2025-08-14,ORD,PIT,0.003,0.527,0.085,0.043,0.20,Easy
5427,2025-08-04,ORD,PIA,0.005,0.523,0.064,0.060,0.20,Easy
2635,2025-08-03,ORD,CLT,0.012,0.543,0.074,0.046,0.20,Easy
1657,2025-08-15,ORD,LGA,0.002,0.562,0.011,0.086,0.20,Easy
3706,2025-08-09,ORD,MSN,0.011,0.484,0.106,0.114,0.20,Easy
2378,2025-08-03,ORD,LAX,0.012,0.548,0.053,0.066,0.20,Easy
4390,2025-08-07,ORD,CHA,0.009,0.567,0.043,0.049,0.20,Easy
5999,2025-08-07,ORD,OKC,0.012,0.458,0.106,0.097,0.20,Easy
3520,2025-08-12,ORD,CVG,0.003,0.555,0.011,0.123,0.20,Easy
4391,2025-08-01,ORD,SGF,0.006,0.556,0.000,0.097,0.20,Easy
2635,2025-08-10,ORD,CLT,0.013,0.547,0.021,0.080,0.20,Easy
3409,2025-08-09,ORD,YOW,0.006,0.551,0.000,0.109,0.20,Easy
4436,2025-08-09,ORD,SGF,0.007,0.545,0.000,0.106,0.20,Easy
5521,2025-08-09,ORD,ATW,0.006,0.436,0.128,0.097,0.20,Easy
5362,2025-08-01,ORD,MKE,0.006,0.469,0.128,0.060,0.20,Easy
4791,2025-08-03,ORD,SBN,0.008,0.490,0.085,0.066,0.20,Easy
791,2025-08-08,ORD,DEN,0.008,0.610,0.043,0.031,0.20,Easy
1477,2025-08-04,ORD,PHX,0.014,0.543,0.053,0.089,0.20,Easy
5963,2025-08-15,ORD,BDL,0.005,0.559,0.011,0.086,0.20,Easy
5350,2025-08-02,ORD,GRR,0.010,0.512,0.000,0.163,0.20,Easy
1657,2025-08-11,ORD,LGA,0.002,0.571,0.000,0.091,0.20,Easy
4501,2025-08-08,ORD,AVP,0.012,0.534,0.043,0.054,0.20,Easy
2201,2025-08-13,ORD,MCO,0.012,0.503,0.074,0.106,0.20,Easy
1502,2025-08-14,ORD,RDU,0.010,0.570,0.000,0.131,0.20,Easy
5125,2025-08-11,ORD,CMX,0.011,0.523,0.043,0.063,0.20,Easy
293,2025-08-09,ORD,LGA,0.009,0.630,0.000,0.020,0.20,Easy
4568,2025-08-12,ORD,SCE,0.010,0.567,0.021,0.037,0.20,Easy
4559,2025-08-03,ORD,SDF,0.008,0.545,0.021,0.109,0.20,Easy
5358,2025-08-09,ORD,CAK,0.006,0.512,0.106,0.083,0.20,Easy
2104,2025-08-15,ORD,BOS,0.013,0.515,0.085,0.006,0.20,Easy
4549,2025-08-06,ORD,MLI,0.004,0.512,0.074,0.109,0.20,Easy
556,2025-08-02,ORD,CLT,0.003,0.549,0.064,0.069,0.20,Easy
1139,2025-08-04,ORD,DSM,0.012,0.495,0.053,0.154,0.20,Easy
2290,2025-08-06,ORD,DFW,0.010,0.543,0.064,0.069,0.20,Easy
3614,2025-08-07,ORD,MCI,0.003,0.528,0.074,0.069,0.20,Easy
5103,2025-08-01,ORD,JLN,0.004,0.490,0.117,0.034,0.20,Easy
3493,2025-08-13,ORD,DTW,0.009,0.491,0.043,0.131,0.20,Easy
5274,2025-08-12,ORD,SBN,0.006,0.501,0.032,0.129,0.20,Easy
1273,2025-08-05,ORD,SFO,0.003,0.619,0.021,0.014,0.20,Easy
2067,2025-08-10,ORD,BOS,0.001,0.556,0.106,0.031,0.20,Easy
1576,2025-08-11,ORD,LGA,0.006,0.548,0.074,0.054,0.20,Easy
1502,2025-08-04,ORD,RDU,0.015,0.567,0.021,0.083,0.20,Easy
2635,2025-08-01,ORD,CLT,0.010,0.607,0.032,0.049,0.20,Easy
5731,2025-08-06,ORD,STL,0.007,0.498,0.064,0.123,0.20,Easy
2862,2025-08-03,ORD,IAD,0.013,0.555,0.021,0.094,0.20,Easy
1377,2025-08-07,ORD,MYR,0.007,0.543,0.074,0.066,0.20,Easy
5963,2025-08-01,ORD,BDL,0.010,0.584,0.043,0.046,0.20,Easy
5737,2025-08-04,ORD,OMA,0.012,0.541,0.021,0.086,0.20,Easy
4559,2025-08-02,ORD,SDF,0.006,0.534,0.064,0.074,0.20,Easy
5405,2025-08-04,ORD,SCE,0.007,0.567,0.096,0.026,0.20,Easy
611,2025-08-11,ORD,SFO,0.001,0.584,0.064,0.006,0.20,Easy
2369,2025-08-09,ORD,AUS,0.013,0.534,0.053,0.063,0.20,Easy
5841,2025-08-05,ORD,MEM,0.012,0.567,0.021,0.074,0.20,Easy
4542,2025-08-03,ORD,LIT,0.005,0.578,0.032,0.060,0.20,Easy
5230,2025-08-15,ORD,CRW,0.013,0.490,0.085,0.057,0.20,Easy
4391,2025-08-02,ORD,SGF,0.006,0.556,0.021,0.154,0.20,Easy
3654,2025-08-04,ORD,STL,0.008,0.498,0.000,0.194,0.20,Easy
4173,2025-08-13,ORD,AVL,0.012,0.610,0.021,0.037,0.20,Easy
1576,2025-08-12,ORD,LGA,0.012,0.512,0.064,0.094,0.20,Easy
1811,2025-08-11,ORD,MSP,0.012,0.542,0.043,0.126,0.20,Easy
5289,2025-08-05,ORD,CRW,0.008,0.556,0.043,0.054,0.20,Easy
2635,2025-08-11,ORD,CLT,0.012,0.547,0.000,0.094,0.20,Easy
380,2025-08-06,ORD,JAX,0.012,0.616,0.011,0.037,0.20,Easy
752,2025-08-03,ORD,DCA,0.010,0.570,0.064,0.031,0.20,Easy
2684,2025-08-14,ORD,FCA,0.000,0.570,0.011,0.131,0.20,Easy
5125,2025-08-14,ORD,CMX,0.011,0.578,0.021,0.077,0.20,Easy
4387,2025-08-09,ORD,CID,0.006,0.589,0.000,0.077,0.20,Easy
467,2025-08-04,ORD,CMH,0.004,0.522,0.064,0.146,0.20,Easy
5601,2025-08-01,ORD,FNT,0.004,0.556,0.096,0.040,0.20,Easy
1803,2025-08-07,ORD,DEN,0.012,0.572,0.043,0.074,0.20,Easy
5608,2025-08-01,ORD,GRB,0.006,0.512,0.074,0.069,0.20,Easy
5038,2025-08-10,ORD,PLN,0.001,0.599,0.064,0.034,0.20,Easy
5395,2025-08-13,ORD,GSO,0.008,0.505,0.074,0.129,0.20,Easy
1933,2025-08-09,ORD,LAS,0.010,0.578,0.043,0.049,0.20,Easy
4780,2025-08-13,ORD,CAK,0.005,0.567,0.000,0.086,0.20,Easy
5493,2025-08-04,ORD,ATW,0.005,0.578,0.032,0.091,0.20,Easy
4558,2025-08-02,ORD,XNA,0.008,0.578,0.043,0.083,0.20,Easy
5344,2025-08-02,ORD,MBS,0.000,0.632,0.000,0.077,0.20,Easy
5836,2025-08-15,ORD,TYS,0.008,0.621,0.000,0.020,0.20,Easy
1793,2025-08-07,ORD,MSP,0.009,0.534,0.064,0.057,0.20,Easy
881,2025-08-07,ORD,HND,0.001,0.382,0.000,0.374,0.20,Easy
2071,2025-08-08,ORD,SAN,0.007,0.601,0.032,0.014,0.20,Easy
1113,2025-08-03,ORD,ALB,0.006,0.564,0.000,0.117,0.20,Easy
2635,2025-08-12,ORD,CLT,0.011,0.573,0.043,0.077,0.20,Easy
2195,2025-08-12,ORD,BDL,0.011,0.594,0.021,0.077,0.20,Easy
2414,2025-08-08,ORD,BNA,0.012,0.562,0.064,0.054,0.20,Easy
1793,2025-08-10,ORD,MSP,0.001,0.517,0.074,0.094,0.20,Easy
3654,2025-08-14,ORD,STL,0.009,0.555,0.043,0.109,0.20,Easy
4748,2025-08-09,ORD,ATW,0.005,0.512,0.085,0.114,0.20,Easy
2138,2025-08-01,ORD,LGA,0.004,0.614,0.011,0.023,0.20,Easy
4436,2025-08-07,ORD,SGF,0.007,0.523,0.106,0.057,0.20,Easy
1239,2025-08-10,ORD,ROC,0.012,0.465,0.053,0.169,0.20,Easy
2137,2025-08-09,ORD,SLC,0.012,0.573,0.011,0.100,0.20,Easy
3694,2025-08-10,ORD,ROC,0.001,0.534,0.085,0.103,0.20,Easy
5946,2025-08-10,ORD,RAP,0.007,0.536,0.043,0.083,0.20,Easy
5859,2025-08-02,ORD,BZN,0.001,0.634,0.000,0.003,0.20,Easy
2251,2025-08-14,ORD,PIT,0.011,0.534,0.021,0.080,0.20,Easy
3498,2025-08-13,ORD,CVG,0.011,0.512,0.106,0.074,0.20,Easy
5289,2025-08-01,ORD,CRW,0.010,0.512,0.064,0.069,0.20,Easy
5094,2025-08-07,ORD,RHI,0.002,0.501,0.106,0.063,0.20,Easy
1643,2025-08-09,ORD,SEA,0.002,0.663,0.021,0.014,0.20,Easy
3610,2025-08-03,ORD,YQB,0.010,0.534,0.064,0.106,0.20,Easy
2649,2025-08-15,ORD,EWR,0.006,0.537,0.032,0.163,0.20,Easy
1857,2025-08-13,ORD,MIA,0.010,0.568,0.021,0.051,0.20,Easy
5360,2025-08-11,ORD,MBS,0.012,0.480,0.106,0.043,0.20,Easy
5375,2025-08-15,ORD,GRB,0.000,0.610,0.043,0.049,0.20,Easy
3638,2025-08-05,ORD,CHS,0.008,0.584,0.053,0.026,0.20,Easy
2440,2025-08-05,ORD,LAS,0.015,0.503,0.064,0.071,0.20,Easy
1832,2025-08-11,ORD,CMH,0.006,0.501,0.053,0.120,0.20,Easy
2364,2025-08-01,ORD,CMH,0.009,0.564,0.021,0.100,0.20,Easy
2232,2025-08-07,ORD,MSP,0.003,0.545,0.064,0.057,0.20,Easy
758,2025-08-08,ORD,EWR,0.013,0.515,0.074,0.040,0.20,Easy
563,2025-08-01,ORD,EWR,0.002,0.586,0.021,0.031,0.20,Easy
3700,2025-08-07,ORD,BNA,0.010,0.455,0.128,0.063,0.20,Easy
3610,2025-08-04,ORD,YQB,0.010,0.620,0.000,0.063,0.20,Easy
2487,2025-08-03,ORD,PHL,0.011,0.545,0.064,0.034,0.20,Easy
5376,2025-08-14,ORD,LEX,0.007,0.497,0.085,0.134,0.20,Easy
1252,2025-08-09,ORD,DCA,0.001,0.417,0.181,0.074,0.20,Easy
2090,2025-08-03,ORD,MIA,0.012,0.578,0.043,0.011,0.20,Easy
4426,2025-08-14,ORD,BUF,0.010,0.545,0.043,0.071,0.20,Easy
4458,2025-08-12,ORD,LIT,0.012,0.436,0.138,0.054,0.20,Easy
5382,2025-08-07,ORD,FWA,0.012,0.632,0.000,0.043,0.20,Easy
5729,2025-08-08,ORD,FNT,0.005,0.501,0.085,0.060,0.20,Easy
4558,2025-08-05,ORD,XNA,0.004,0.599,0.011,0.029,0.20,Easy
4554,2025-08-04,ORD,GRB,0.003,0.610,0.043,0.049,0.20,Easy
4559,2025-08-09,ORD,SDF,0.007,0.534,0.043,0.100,0.20,Easy
5821,2025-08-10,ORD,MKE,0.001,0.512,0.128,0.074,0.20,Easy
5536,2025-08-07,ORD,SAT,0.032,0.548,0.000,0.060,0.20,Easy
3655,2025-08-08,ORD,PIT,0.009,0.570,0.021,0.074,0.20,Easy
5628,2025-08-06,ORD,IND,0.014,0.534,0.032,0.091,0.20,Easy
2138,2025-08-12,ORD,LGA,0.013,0.522,0.106,0.034,0.20,Easy
4507,2025-08-07,ORD,CHA,0.006,0.556,0.064,0.069,0.20,Easy
2251,2025-08-11,ORD,PIT,0.010,0.525,0.064,0.071,0.20,Easy
4185,2025-08-11,ORD,STL,0.005,0.512,0.011,0.171,0.20,Easy
4468,2025-08-12,ORD,LEX,0.007,0.523,0.053,0.069,0.20,Easy
3577,2025-08-03,ORD,BWI,0.012,0.548,0.064,0.031,0.20,Easy
5122,2025-08-09,ORD,EAU,0.003,0.501,0.149,0.049,0.20,Easy
1815,2025-08-04,ORD,MSY,0.006,0.549,0.021,0.103,0.20,Easy
3409,2025-08-14,ORD,YOW,0.010,0.512,0.085,0.086,0.20,Easy
3421,2025-08-11,ORD,ROC,0.012,0.512,0.085,0.103,0.20,Easy
5038,2025-08-03,ORD,PLN,0.004,0.589,0.000,0.074,0.20,Easy
2430,2025-08-04,ORD,BNA,0.011,0.545,0.064,0.086,0.20,Easy
5229,2025-08-10,ORD,ILM,0.012,0.555,0.043,0.046,0.20,Easy
4588,2025-08-03,ORD,MDT,0.008,0.512,0.053,0.074,0.20,Easy
5362,2025-08-15,ORD,MKE,0.005,0.480,0.085,0.083,0.20,Easy
2138,2025-08-10,ORD,LGA,0.013,0.516,0.074,0.037,0.20,Easy
708,2025-08-01,ORD,MCI,0.010,0.534,0.011,0.097,0.20,Easy
2067,2025-08-13,ORD,BOS,0.009,0.571,0.000,0.129,0.20,Easy
4533,2025-08-09,ORD,MSN,0.007,0.501,0.074,0.060,0.20,Easy
2691,2025-08-15,ORD,EWR,0.013,0.540,0.021,0.057,0.20,Easy
1491,2025-08-06,ORD,DFW,0.010,0.560,0.043,0.103,0.20,Easy
5819,2025-08-02,ORD,DLH,0.007,0.556,0.021,0.063,0.20,Easy
5564,2025-08-02,ORD,SBN,0.007,0.589,0.000,0.083,0.20,Easy
5289,2025-08-12,ORD,CRW,0.008,0.578,0.000,0.077,0.20,Easy
4585,2025-08-13,ORD,DAY,0.007,0.501,0.032,0.200,0.20,Easy
2200,2025-08-05,ORD,SEA,0.013,0.548,0.011,0.131,0.20,Easy
5427,2025-08-10,ORD,PIA,0.008,0.534,0.000,0.131,0.20,Easy
5094,2025-08-02,ORD,RHI,0.005,0.523,0.064,0.051,0.20,Easy
4809,2025-08-11,ORD,ICT,0.008,0.512,0.064,0.120,0.20,Easy
2195,2025-08-05,ORD,BDL,0.009,0.552,0.053,0.100,0.20,Easy
5215,2025-08-05,ORD,LNK,0.005,0.480,0.138,0.077,0.20,Easy
2099,2025-08-04,ORD,IAH,0.013,0.570,0.000,0.074,0.20,Easy
2370,2025-08-08,ORD,BOS,0.012,0.491,0.064,0.074,0.20,Easy
1448,2025-08-04,ORD,BUF,0.012,0.521,0.021,0.091,0.20,Easy
3696,2025-08-04,ORD,CVG,0.012,0.527,0.000,0.140,0.20,Easy
5447,2025-08-13,ORD,PVD,0.008,0.520,0.074,0.037,0.20,Easy
3655,2025-08-14,ORD,PIT,0.012,0.570,0.043,0.060,0.20,Easy
5289,2025-08-15,ORD,CRW,0.007,0.512,0.106,0.066,0.20,Easy
3718,2025-08-08,ORD,MSN,0.010,0.562,0.021,0.114,0.20,Easy
791,2025-08-14,ORD,DEN,0.002,0.534,0.096,0.037,0.20,Easy
416,2025-08-05,ORD,MXP,0.012,0.382,0.053,0.263,0.20,Easy
2666,2025-08-09,ORD,DEN,0.003,0.548,0.043,0.063,0.20,Easy
3,2025-08-10,ORD,ZRH,0.009,0.444,0.064,0.231,0.20,Easy
4387,2025-08-02,ORD,CID,0.005,0.578,0.011,0.097,0.20,Easy
1823,2025-08-15,ORD,IAH,0.002,0.499,0.138,0.040,0.20,Easy
1531,2025-08-03,ORD,DSM,0.012,0.490,0.043,0.160,0.20,Easy
3536,2025-08-09,ORD,YUL,0.014,0.584,0.000,0.071,0.20,Easy
1594,2025-08-12,ORD,ABQ,0.007,0.473,0.096,0.143,0.20,Easy
4482,2025-08-04,ORD,TUL,0.012,0.578,0.000,0.051,0.20,Easy
1778,2025-08-11,ORD,OMA,0.012,0.522,0.021,0.151,0.20,Easy
1041,2025-08-13,ORD,GRR,0.023,0.381,0.106,0.137,0.20,Easy
2226,2025-08-08,ORD,CLE,0.004,0.451,0.106,0.197,0.20,Easy
3520,2025-08-10,ORD,CVG,0.012,0.577,0.000,0.100,0.20,Easy
5717,2025-08-12,ORD,DTW,0.001,0.567,0.021,0.100,0.20,Easy
2361,2025-08-01,ORD,LAX,0.002,0.636,0.021,0.017,0.20,Easy
4542,2025-08-12,ORD,LIT,0.002,0.490,0.128,0.031,0.20,Easy
758,2025-08-04,ORD,EWR,0.013,0.549,0.074,0.034,0.20,Easy
1297,2025-08-05,ORD,DFW,0.012,0.530,0.074,0.040,0.20,Easy
5038,2025-08-15,ORD,PLN,0.005,0.578,0.053,0.054,0.20,Easy
1082,2025-08-01,ORD,PIT,0.013,0.512,0.021,0.117,0.20,Easy
4574,2025-08-04,ORD,YOW,0.009,0.534,0.032,0.111,0.20,Easy
5289,2025-08-03,ORD,CRW,0.007,0.599,0.000,0.054,0.20,Easy
1899,2025-08-08,ORD,YYC,0.008,0.616,0.011,0.077,0.20,Easy
2361,2025-08-04,ORD,LAX,0.002,0.603,0.053,0.017,0.20,Easy
4574,2025-08-15,ORD,YOW,0.009,0.556,0.021,0.071,0.20,Easy
5930,2025-08-12,ORD,FAR,0.013,0.562,0.043,0.083,0.20,Easy
4748,2025-08-07,ORD,ATW,0.004,0.436,0.149,0.063,0.20,Easy
2430,2025-08-03,ORD,BNA,0.009,0.568,0.000,0.131,0.20,Easy
490,2025-08-02,ORD,SAT,0.009,0.573,0.053,0.063,0.20,Easy
5125,2025-08-01,ORD,CMX,0.002,0.567,0.043,0.091,0.20,Easy
2369,2025-08-04,ORD,AUS,0.013,0.576,0.000,0.054,0.20,Easy
2657,2025-08-03,ORD,IAH,0.010,0.607,0.000,0.034,0.20,Easy
5337,2025-08-04,ORD,ROA,0.012,0.562,0.043,0.051,0.20,Easy
4184,2025-08-03,ORD,DAY,0.010,0.512,0.064,0.046,0.20,Easy
5729,2025-08-10,ORD,FNT,0.002,0.458,0.170,0.071,0.20,Easy
5841,2025-08-10,ORD,MEM,0.017,0.520,0.064,0.051,0.20,Easy
1878,2025-08-11,ORD,SFO,0.013,0.553,0.064,0.051,0.20,Easy
3523,2025-08-07,ORD,RIC,0.012,0.605,0.000,0.043,0.20,Easy
767,2025-08-10,ORD,DEN,0.014,0.572,0.000,0.117,0.20,Easy
708,2025-08-04,ORD,MCI,0.010,0.556,0.000,0.086,0.20,Easy
276,2025-08-03,ORD,IAD,0.014,0.548,0.000,0.089,0.20,Easy
5532,2025-08-14,ORD,MCI,0.001,0.484,0.074,0.123,0.20,Easy
2329,2025-08-04,ORD,DTW,0.008,0.504,0.043,0.106,0.20,Easy
5977,2025-08-05,ORD,ICT,0.012,0.476,0.128,0.040,0.20,Easy
2665,2025-08-04,ORD,IAH,0.002,0.570,0.032,0.080,0.20,Easy
4431,2025-08-05,ORD,MSN,0.009,0.512,0.117,0.037,0.20,Easy
1100,2025-08-04,ORD,PDX,0.002,0.610,0.074,0.014,0.20,Easy
1209,2025-08-10,ORD,EWR,0.015,0.555,0.043,0.069,0.20,Easy
4780,2025-08-09,ORD,CAK,0.007,0.545,0.106,0.043,0.20,Easy
1314,2025-08-11,ORD,IAH,0.014,0.518,0.043,0.100,0.20,Easy
3535,2025-08-10,ORD,DSM,0.007,0.541,0.064,0.083,0.20,Easy
3493,2025-08-03,ORD,DTW,0.009,0.484,0.021,0.186,0.20,Easy
5337,2025-08-10,ORD,ROA,0.012,0.519,0.064,0.063,0.20,Easy
3409,2025-08-01,ORD,YOW,0.014,0.548,0.021,0.109,0.20,Easy
2138,2025-08-15,ORD,LGA,0.013,0.489,0.117,0.066,0.20,Easy
4574,2025-08-02,ORD,YOW,0.009,0.556,0.021,0.057,0.20,Easy
1643,2025-08-13,ORD,SEA,0.002,0.540,0.128,0.040,0.20,Easy
2347,2025-08-07,ORD,CLE,0.013,0.519,0.021,0.180,0.20,Easy
3498,2025-08-15,ORD,CVG,0.011,0.562,0.043,0.069,0.20,Easy
2106,2025-08-11,ORD,SFO,0.013,0.567,0.000,0.140,0.20,Easy
4585,2025-08-03,ORD,DAY,0.007,0.621,0.000,0.066,0.20,Easy
1643,2025-08-12,ORD,SEA,0.002,0.570,0.106,0.000,0.20,Easy
4613,2025-08-06,ORD,STL,0.000,0.621,0.000,0.040,0.20,Easy
1594,2025-08-05,ORD,ABQ,0.007,0.538,0.021,0.097,0.20,Easy
1448,2025-08-10,ORD,BUF,0.011,0.465,0.096,0.091,0.20,Easy
467,2025-08-08,ORD,CMH,0.010,0.495,0.064,0.149,0.20,Easy
1491,2025-08-05,ORD,DFW,0.011,0.534,0.074,0.091,0.20,Easy
5601,2025-08-08,ORD,FNT,0.004,0.512,0.085,0.071,0.20,Easy
2092,2025-08-10,ORD,LGA,0.002,0.617,0.000,0.043,0.20,Easy
758,2025-08-15,ORD,EWR,0.002,0.552,0.043,0.083,0.20,Easy
1975,2025-08-08,ORD,ATL,0.011,0.521,0.085,0.040,0.20,Easy
5819,2025-08-14,ORD,DLH,0.008,0.589,0.043,0.049,0.20,Easy
1946,2025-08-07,ORD,LGA,0.007,0.558,0.032,0.037,0.20,Easy
5819,2025-08-10,ORD,DLH,0.008,0.610,0.000,0.083,0.20,Easy
2862,2025-08-05,ORD,IAD,0.011,0.515,0.043,0.131,0.20,Easy
4533,2025-08-13,ORD,MSN,0.007,0.534,0.000,0.123,0.20,Easy
3708,2025-08-11,ORD,BNA,0.014,0.584,0.043,0.040,0.20,Easy
3569,2025-08-12,ORD,DTW,0.010,0.512,0.064,0.054,0.20,Easy
2104,2025-08-01,ORD,BOS,0.003,0.604,0.043,0.009,0.20,Easy
2369,2025-08-07,ORD,AUS,0.002,0.546,0.043,0.071,0.20,Easy
4452,2025-08-03,ORD,RIC,0.008,0.545,0.032,0.060,0.20,Easy
2683,2025-08-03,ORD,SAN,0.016,0.607,0.011,0.054,0.20,Easy
4504,2025-08-03,ORD,CHA,0.012,0.567,0.043,0.051,0.20,Easy
5536,2025-08-11,ORD,SAT,0.011,0.505,0.117,0.049,0.20,Easy
467,2025-08-12,ORD,CMH,0.013,0.427,0.053,0.237,0.20,Easy
1077,2025-08-11,ORD,DCA,0.002,0.542,0.021,0.131,0.20,Easy
286,2025-08-12,ORD,CLE,0.001,0.500,0.043,0.171,0.20,Easy
2691,2025-08-05,ORD,EWR,0.002,0.579,0.064,0.023,0.20,Easy
5988,2025-08-04,ORD,BWI,0.012,0.527,0.032,0.089,0.20,Easy
5375,2025-08-10,ORD,GRB,0.006,0.599,0.000,0.114,0.20,Easy
5358,2025-08-13,ORD,CAK,0.006,0.501,0.085,0.100,0.20,Easy
4780,2025-08-01,ORD,CAK,0.007,0.523,0.064,0.051,0.20,Easy
482,2025-08-01,ORD,CHS,0.013,0.555,0.021,0.057,0.20,Easy
1492,2025-08-02,ORD,CMH,0.010,0.460,0.064,0.194,0.20,Easy
1842,2025-08-14,ORD,SAN,0.012,0.452,0.074,0.114,0.20,Easy
5874,2025-08-03,ORD,PIA,0.008,0.534,0.043,0.071,0.20,Easy
5859,2025-08-03,ORD,BZN,0.001,0.692,0.000,0.006,0.20,Easy
5608,2025-08-09,ORD,GRB,0.005,0.534,0.043,0.106,0.20,Easy
4173,2025-08-10,ORD,AVL,0.019,0.621,0.000,0.029,0.20,Easy
1941,2025-08-11,ORD,CVG,0.010,0.543,0.043,0.131,0.20,Easy
3638,2025-08-11,ORD,CHS,0.007,0.577,0.021,0.026,0.20,Easy
5565,2025-08-13,ORD,CHO,0.011,0.578,0.000,0.051,0.20,Easy
1316,2025-08-15,ORD,SRQ,0.007,0.573,0.021,0.109,0.20,Easy
5836,2025-08-07,ORD,TYS,0.010,0.643,0.000,0.034,0.20,Easy
3603,2025-08-01,ORD,CMH,0.010,0.491,0.117,0.097,0.20,Easy
5843,2025-08-05,ORD,ECP,0.010,0.548,0.085,0.049,0.20,Easy
5668,2025-08-02,ORD,MKE,0.012,0.567,0.032,0.091,0.20,Easy
4568,2025-08-07,ORD,SCE,0.010,0.501,0.096,0.057,0.20,Easy
2418,2025-08-15,ORD,PHL,0.002,0.556,0.021,0.137,0.20,Easy
3568,2025-08-02,ORD,YYZ,0.010,0.570,0.000,0.089,0.20,Easy
1301,2025-08-11,ORD,ICT,0.011,0.521,0.000,0.191,0.20,Easy
1899,2025-08-07,ORD,YYC,0.011,0.525,0.064,0.114,0.20,Easy
5344,2025-08-01,ORD,MBS,0.000,0.599,0.043,0.069,0.20,Easy
5429,2025-08-13,ORD,TYS,0.009,0.562,0.021,0.097,0.20,Easy
5819,2025-08-07,ORD,DLH,0.006,0.578,0.074,0.040,0.20,Easy
4436,2025-08-01,ORD,SGF,0.007,0.556,0.064,0.029,0.20,Easy
5427,2025-08-08,ORD,PIA,0.005,0.545,0.064,0.106,0.20,Easy
5125,2025-08-02,ORD,CMX,0.000,0.512,0.128,0.051,0.20,Easy
1842,2025-08-04,ORD,SAN,0.012,0.572,0.021,0.080,0.20,Easy
2144,2025-08-06,ORD,YYZ,0.011,0.590,0.043,0.054,0.20,Easy
5646,2025-08-05,ORD,ATW,0.008,0.545,0.043,0.071,0.20,Easy
5490,2025-08-03,ORD,YYZ,0.001,0.512,0.106,0.054,0.20,Easy
1584,2025-08-04,ORD,LAX,0.001,0.537,0.106,0.034,0.20,Easy
4780,2025-08-07,ORD,CAK,0.007,0.556,0.053,0.060,0.20,Easy
5234,2025-08-02,ORD,MKE,0.010,0.490,0.096,0.031,0.20,Easy
5731,2025-08-05,ORD,STL,0.006,0.562,0.032,0.094,0.20,Easy
1146,2025-08-10,ORD,MBJ,0.018,0.420,0.096,0.111,0.20,Easy
5557,2025-08-03,ORD,OKC,0.006,0.582,0.021,0.091,0.20,Easy
5795,2025-08-05,ORD,TUL,0.010,0.505,0.043,0.094,0.20,Easy
5289,2025-08-13,ORD,CRW,0.002,0.501,0.043,0.160,0.20,Easy
4542,2025-08-11,ORD,LIT,0.007,0.578,0.021,0.086,0.20,Easy
5383,2025-08-12,ORD,TVC,0.012,0.490,0.064,0.089,0.20,Easy
2430,2025-08-11,ORD,BNA,0.011,0.519,0.064,0.129,0.20,Easy
5446,2025-08-01,ORD,CLE,0.010,0.548,0.053,0.071,0.20,Easy
1756,2025-08-14,ORD,YYZ,0.014,0.539,0.043,0.086,0.20,Easy
4739,2025-08-06,ORD,GRB,0.007,0.447,0.149,0.080,0.20,Easy
5375,2025-08-12,ORD,GRB,0.004,0.545,0.043,0.066,0.20,Easy
3468,2025-08-08,ORD,BGR,0.012,0.598,0.000,0.066,0.20,Easy
5309,2025-08-10,ORD,FWA,0.006,0.578,0.021,0.123,0.20,Easy
467,2025-08-07,ORD,CMH,0.011,0.400,0.096,0.169,0.20,Easy
3569,2025-08-08,ORD,DTW,0.011,0.577,0.021,0.074,0.20,Easy
5646,2025-08-02,ORD,ATW,0.004,0.589,0.043,0.069,0.20,Easy
5557,2025-08-14,ORD,OKC,0.008,0.591,0.000,0.057,0.20,Easy
3610,2025-08-15,ORD,YQB,0.012,0.534,0.064,0.054,0.20,Easy
5122,2025-08-04,ORD,EAU,0.009,0.578,0.043,0.040,0.20,Easy
3694,2025-08-13,ORD,ROC,0.007,0.548,0.043,0.071,0.20,Easy
5810,2025-08-02,ORD,PIA,0.012,0.556,0.021,0.094,0.20,Easy
5603,2025-08-13,ORD,FNT,0.005,0.480,0.138,0.089,0.20,Easy
5274,2025-08-02,ORD,SBN,0.003,0.501,0.085,0.097,0.20,Easy
2177,2025-08-02,ORD,MSN,0.014,0.512,0.021,0.137,0.20,Easy
2225,2025-08-14,ORD,PHX,0.010,0.521,0.064,0.129,0.20,Easy
5337,2025-08-05,ORD,ROA,0.011,0.519,0.085,0.094,0.20,Easy
359,2025-08-04,ORD,MEX,0.001,0.549,0.074,0.051,0.20,Easy
4406,2025-08-14,ORD,TVC,0.005,0.610,0.000,0.097,0.20,Easy
4474,2025-08-08,ORD,AVL,0.010,0.589,0.043,0.017,0.20,Easy
2177,2025-08-08,ORD,MSN,0.016,0.443,0.064,0.126,0.20,Easy
1803,2025-08-10,ORD,DEN,0.012,0.599,0.000,0.077,0.20,Easy
4445,2025-08-02,ORD,BHM,0.007,0.589,0.053,0.049,0.20,Easy
4391,2025-08-15,ORD,SGF,0.007,0.436,0.128,0.114,0.20,Easy
4387,2025-08-01,ORD,CID,0.006,0.610,0.000,0.091,0.20,Easy
5262,2025-08-06,ORD,LNK,0.008,0.545,0.043,0.109,0.20,Easy
5420,2025-08-06,ORD,MLI,0.006,0.556,0.043,0.060,0.20,Easy
5593,2025-08-12,ORD,MEM,0.001,0.505,0.074,0.094,0.20,Easy
3654,2025-08-10,ORD,STL,0.008,0.584,0.000,0.137,0.20,Easy
2657,2025-08-05,ORD,IAH,0.001,0.561,0.064,0.083,0.20,Easy
5836,2025-08-06,ORD,TYS,0.008,0.556,0.032,0.040,0.20,Easy
5988,2025-08-01,ORD,BWI,0.012,0.598,0.000,0.060,0.20,Easy
1677,2025-08-13,ORD,BOS,0.012,0.558,0.032,0.080,0.20,Easy
5309,2025-08-03,ORD,FWA,0.005,0.490,0.085,0.077,0.20,Easy
1564,2025-08-12,ORD,MSP,0.010,0.345,0.149,0.243,0.20,Easy
5836,2025-08-13,ORD,TYS,0.008,0.480,0.160,0.046,0.20,Easy
490,2025-08-13,ORD,SAT,0.001,0.504,0.064,0.109,0.20,Easy
3468,2025-08-01,ORD,BGR,0.012,0.548,0.000,0.094,0.20,Easy
5988,2025-08-08,ORD,BWI,0.012,0.620,0.011,0.051,0.20,Easy
1657,2025-08-05,ORD,LGA,0.001,0.575,0.053,0.049,0.20,Easy
3641,2025-08-02,ORD,GRR,0.007,0.562,0.043,0.077,0.20,Easy
5437,2025-08-02,ORD,DLH,0.010,0.556,0.032,0.037,0.20,Easy
1448,2025-08-01,ORD,BUF,0.011,0.551,0.021,0.140,0.20,Easy
5999,2025-08-04,ORD,OKC,0.008,0.559,0.000,0.100,0.20,Easy
4426,2025-08-01,ORD,BUF,0.011,0.599,0.000,0.037,0.20,Easy
1491,2025-08-01,ORD,DFW,0.013,0.521,0.064,0.069,0.20,Easy
2628,2025-08-04,ORD,BNA,0.006,0.430,0.096,0.163,0.20,Easy
611,2025-08-08,ORD,SFO,0.002,0.608,0.021,0.023,0.20,Easy
5103,2025-08-09,ORD,JLN,0.005,0.490,0.106,0.074,0.20,Easy
5262,2025-08-10,ORD,LNK,0.012,0.469,0.117,0.043,0.20,Easy
2133,2025-08-05,ORD,EWR,0.013,0.599,0.000,0.040,0.20,Easy
2189,2025-08-15,ORD,LGA,0.010,0.552,0.021,0.063,0.20,Easy
411,2025-08-05,ORD,DTW,0.008,0.504,0.053,0.126,0.20,Easy
2378,2025-08-04,ORD,LAX,0.013,0.559,0.000,0.109,0.20,Easy
3718,2025-08-07,ORD,MSN,0.006,0.476,0.106,0.100,0.20,Easy
4554,2025-08-05,ORD,GRB,0.007,0.501,0.096,0.049,0.20,Easy
2628,2025-08-10,ORD,BNA,0.009,0.538,0.074,0.060,0.20,Easy
5841,2025-08-09,ORD,MEM,0.013,0.427,0.149,0.103,0.20,Easy
3520,2025-08-11,ORD,CVG,0.003,0.491,0.096,0.117,0.20,Easy
1209,2025-08-08,ORD,EWR,0.010,0.540,0.043,0.120,0.20,Easy
5215,2025-08-08,ORD,LNK,0.006,0.490,0.096,0.069,0.20,Easy
5437,2025-08-06,ORD,DLH,0.009,0.578,0.021,0.037,0.20,Easy
1316,2025-08-11,ORD,SRQ,0.007,0.495,0.085,0.057,0.20,Easy
5383,2025-08-06,ORD,TVC,0.012,0.610,0.000,0.057,0.20,Easy
2862,2025-08-04,ORD,IAD,0.011,0.527,0.096,0.051,0.20,Easy
1617,2025-08-04,ORD,PHL,0.013,0.539,0.043,0.054,0.20,Easy
4458,2025-08-04,ORD,LIT,0.007,0.567,0.043,0.043,0.20,Easy
3601,2025-08-12,ORD,YYZ,0.012,0.555,0.043,0.011,0.20,Easy
2483,2025-08-10,ORD,IAH,0.013,0.579,0.032,0.077,0.20,Easy
5405,2025-08-01,ORD,SCE,0.007,0.501,0.096,0.034,0.20,Easy
1297,2025-08-04,ORD,DFW,0.010,0.512,0.064,0.074,0.20,Easy
2090,2025-08-08,ORD,MIA,0.002,0.631,0.021,0.054,0.20,Easy
4610,2025-08-05,ORD,XNA,0.012,0.589,0.000,0.029,0.20,Easy
5376,2025-08-07,ORD,LEX,0.007,0.528,0.021,0.123,0.20,Easy
2691,2025-08-08,ORD,EWR,0.014,0.552,0.064,0.031,0.20,Easy
1209,2025-08-03,ORD,EWR,0.005,0.509,0.117,0.037,0.20,Easy
5118,2025-08-04,ORD,PLN,0.009,0.436,0.181,0.051,0.20,Easy
1421,2025-08-14,ORD,FLL,0.001,0.531,0.074,0.071,0.20,Easy
5437,2025-08-08,ORD,DLH,0.010,0.567,0.053,0.054,0.20,Easy
2226,2025-08-10,ORD,CLE,0.008,0.530,0.053,0.080,0.20,Easy
5094,2025-08-06,ORD,RHI,0.006,0.632,0.000,0.057,0.20,Easy
2488,2025-08-03,ORD,LGA,0.013,0.555,0.021,0.011,0.19,Easy
4504,2025-08-01,ORD,CHA,0.009,0.545,0.000,0.014,0.19,Easy
4507,2025-08-08,ORD,CHA,0.005,0.512,0.021,0.049,0.19,Easy
5269,2025-08-12,ORD,PIA,0.004,0.501,0.000,0.097,0.19,Easy
4460,2025-08-09,ORD,ROC,0.009,0.490,0.000,0.080,0.19,Easy
4574,2025-08-06,ORD,YOW,0.006,0.458,0.096,0.066,0.19,Easy
5963,2025-08-11,ORD,BDL,0.009,0.528,0.032,0.057,0.19,Easy
1933,2025-08-13,ORD,LAS,0.012,0.445,0.043,0.086,0.19,Easy
4645,2025-08-15,ORD,FWA,0.005,0.458,0.064,0.060,0.19,Easy
3700,2025-08-09,ORD,BNA,0.008,0.562,0.000,0.069,0.19,Easy
3694,2025-08-07,ORD,ROC,0.008,0.541,0.000,0.091,0.19,Easy
5568,2025-08-06,ORD,MLI,0.006,0.469,0.074,0.074,0.19,Easy
4390,2025-08-11,ORD,CHA,0.009,0.512,0.000,0.060,0.19,Easy
5607,2025-08-14,ORD,TUS,0.005,0.481,0.085,0.066,0.19,Easy
4778,2025-08-03,ORD,FAR,0.012,0.512,0.043,0.040,0.19,Easy
5437,2025-08-12,ORD,DLH,0.009,0.490,0.064,0.034,0.19,Easy
4482,2025-08-03,ORD,TUL,0.012,0.512,0.021,0.086,0.19,Easy
3520,2025-08-04,ORD,CVG,0.003,0.498,0.000,0.149,0.19,Easy
4568,2025-08-14,ORD,SCE,0.010,0.469,0.106,0.037,0.19,Easy
1779,2025-08-04,ORD,BOS,0.013,0.464,0.053,0.046,0.19,Easy
3409,2025-08-05,ORD,YOW,0.014,0.448,0.043,0.083,0.19,Easy
3694,2025-08-05,ORD,ROC,0.008,0.505,0.043,0.063,0.19,Easy
4552,2025-08-01,ORD,DAY,0.006,0.501,0.000,0.086,0.19,Easy
3708,2025-08-04,ORD,BNA,0.014,0.534,0.000,0.060,0.19,Easy
1941,2025-08-14,ORD,CVG,0.010,0.434,0.032,0.146,0.19,Easy
4600,2025-08-10,ORD,XNA,0.006,0.534,0.000,0.069,0.19,Easy
2414,2025-08-14,ORD,BNA,0.014,0.454,0.096,0.049,0.19,Easy
4554,2025-08-06,ORD,GRB,0.004,0.512,0.000,0.089,0.19,Easy
5229,2025-08-08,ORD,ILM,0.012,0.570,0.000,0.034,0.19,Easy
2092,2025-08-05,ORD,LGA,0.007,0.529,0.043,0.026,0.19,Easy
3464,2025-08-15,ORD,PIT,0.005,0.555,0.000,0.097,0.19,Easy
1209,2025-08-01,ORD,EWR,0.010,0.515,0.021,0.040,0.19,Easy
4481,2025-08-06,ORD,GRR,0.001,0.458,0.106,0.071,0.19,Easy
4530,2025-08-11,ORD,SGF,0.008,0.545,0.000,0.097,0.19,Easy
3568,2025-08-01,ORD,YYZ,0.009,0.548,0.000,0.077,0.19,Easy
5948,2025-08-11,ORD,BNA,0.010,0.534,0.000,0.083,0.19,Easy
4425,2025-08-06,ORD,GRR,0.009,0.501,0.043,0.063,0.19,Easy
5469,2025-08-05,ORD,SDF,0.010,0.523,0.000,0.051,0.19,Easy
5230,2025-08-05,ORD,CRW,0.010,0.534,0.032,0.031,0.19,Easy
1082,2025-08-13,ORD,PIT,0.013,0.541,0.000,0.080,0.19,Easy
4757,2025-08-09,ORD,CLE,0.009,0.520,0.043,0.066,0.19,Easy
4456,2025-08-09,ORD,CMH,0.012,0.567,0.000,0.043,0.19,Easy
4585,2025-08-09,ORD,DAY,0.008,0.403,0.096,0.074,0.19,Easy
3535,2025-08-12,ORD,MSN,0.014,0.498,0.011,0.054,0.19,Easy
5821,2025-08-07,ORD,MKE,0.008,0.534,0.000,0.103,0.19,Easy
1793,2025-08-05,ORD,MSP,0.009,0.465,0.074,0.057,0.19,Easy
3535,2025-08-06,ORD,MSN,0.014,0.455,0.064,0.069,0.19,Easy
1576,2025-08-09,ORD,LGA,0.012,0.499,0.011,0.040,0.19,Easy
4739,2025-08-07,ORD,GRB,0.008,0.512,0.021,0.083,0.19,Easy
3655,2025-08-06,ORD,PIT,0.012,0.562,0.000,0.026,0.19,Easy
5292,2025-08-09,ORD,MTY,0.001,0.498,0.064,0.014,0.19,Easy
2640,2025-08-10,ORD,DCA,0.006,0.547,0.000,0.060,0.19,Easy
791,2025-08-05,ORD,DEN,0.010,0.586,0.000,0.003,0.19,Easy
5395,2025-08-04,ORD,GSO,0.008,0.520,0.000,0.040,0.19,Easy
5748,2025-08-07,ORD,YWG,0.014,0.504,0.043,0.071,0.19,Easy
5262,2025-08-02,ORD,LNK,0.008,0.545,0.011,0.071,0.19,Easy
4558,2025-08-08,ORD,XNA,0.008,0.458,0.074,0.043,0.19,Easy
5963,2025-08-10,ORD,BDL,0.009,0.536,0.011,0.086,0.19,Easy
3601,2025-08-06,ORD,YYZ,0.013,0.534,0.032,0.029,0.19,Easy
5712,2025-08-06,ORD,GSP,0.011,0.491,0.085,0.034,0.19,Easy
5292,2025-08-10,ORD,MTY,0.014,0.548,0.021,0.034,0.19,Easy
2666,2025-08-04,ORD,DEN,0.002,0.537,0.043,0.060,0.19,Easy
5963,2025-08-03,ORD,BDL,0.001,0.575,0.000,0.074,0.19,Easy
5140,2025-08-04,ORD,CMX,0.010,0.381,0.138,0.037,0.19,Easy
4584,2025-08-11,ORD,TUL,0.005,0.480,0.043,0.083,0.19,Easy
5140,2025-08-08,ORD,CMX,0.008,0.578,0.000,0.029,0.19,Easy
5021,2025-08-05,ORD,SUX,0.004,0.534,0.011,0.054,0.19,Easy
5269,2025-08-13,ORD,PIA,0.009,0.501,0.043,0.074,0.19,Easy
4597,2025-08-15,ORD,ROA,0.001,0.523,0.064,0.020,0.19,Easy
970,2025-08-07,ORD,FCO,0.016,0.392,0.138,0.089,0.19,Easy
5819,2025-08-08,ORD,DLH,0.006,0.469,0.106,0.060,0.19,Easy
5395,2025-08-09,ORD,GSO,0.009,0.497,0.032,0.071,0.19,Easy
4529,2025-08-01,ORD,SGF,0.008,0.490,0.021,0.077,0.19,Easy
5593,2025-08-04,ORD,MEM,0.008,0.512,0.043,0.057,0.19,Easy
3718,2025-08-04,ORD,MSN,0.010,0.455,0.043,0.117,0.19,Easy
5905,2025-08-13,ORD,MTJ,0.001,0.541,0.021,0.037,0.19,Easy
1872,2025-08-04,ORD,MSP,0.013,0.436,0.085,0.077,0.19,Easy
5094,2025-08-14,ORD,RHI,0.000,0.545,0.000,0.046,0.19,Easy
3601,2025-08-05,ORD,YYZ,0.012,0.527,0.000,0.014,0.19,Easy
5446,2025-08-14,ORD,CLE,0.005,0.534,0.021,0.051,0.19,Easy
5874,2025-08-11,ORD,PIA,0.008,0.447,0.064,0.054,0.19,Easy
1273,2025-08-01,ORD,SFO,0.001,0.598,0.021,0.014,0.19,Easy
1491,2025-08-04,ORD,DFW,0.015,0.541,0.000,0.037,0.19,Easy
2092,2025-08-03,ORD,LGA,0.002,0.588,0.000,0.017,0.19,Easy
2609,2025-08-11,ORD,SNA,0.012,0.538,0.000,0.046,0.19,Easy
1209,2025-08-05,ORD,EWR,0.010,0.485,0.043,0.086,0.19,Easy
5272,2025-08-04,ORD,MSN,0.011,0.501,0.043,0.023,0.19,Easy
4791,2025-08-12,ORD,SBN,0.010,0.447,0.106,0.054,0.19,Easy
5731,2025-08-12,ORD,STL,0.006,0.541,0.000,0.091,0.19,Easy
5999,2025-08-08,ORD,OKC,0.003,0.512,0.021,0.111,0.19,Easy
1617,2025-08-10,ORD,PHL,0.010,0.560,0.000,0.063,0.19,Easy
5125,2025-08-15,ORD,CMX,0.011,0.469,0.053,0.057,0.19,Easy
4173,2025-08-08,ORD,AVL,0.004,0.556,0.000,0.046,0.19,Easy
1113,2025-08-15,ORD,ALB,0.001,0.470,0.021,0.146,0.19,Easy
1224,2025-08-04,ORD,LAX,0.002,0.576,0.011,0.043,0.19,Easy
4790,2025-08-01,ORD,GRR,0.008,0.512,0.000,0.117,0.19,Easy
5668,2025-08-11,ORD,MKE,0.012,0.545,0.011,0.060,0.19,Easy
4789,2025-08-03,ORD,FAR,0.008,0.497,0.000,0.097,0.19,Easy
4186,2025-08-02,ORD,MLI,0.001,0.512,0.021,0.103,0.19,Easy
4502,2025-08-04,ORD,LEX,0.008,0.534,0.000,0.109,0.19,Easy
5810,2025-08-07,ORD,PIA,0.005,0.458,0.085,0.106,0.19,Easy
4563,2025-08-10,ORD,FSD,0.012,0.512,0.000,0.057,0.19,Easy
4529,2025-08-02,ORD,SGF,0.009,0.534,0.000,0.046,0.19,Easy
2640,2025-08-03,ORD,DCA,0.002,0.556,0.021,0.077,0.19,Easy
4391,2025-08-10,ORD,SGF,0.007,0.578,0.000,0.046,0.19,Easy
3451,2025-08-11,ORD,PWM,0.008,0.543,0.000,0.034,0.19,Easy
1657,2025-08-04,ORD,LGA,0.013,0.502,0.043,0.043,0.19,Easy
3520,2025-08-07,ORD,CVG,0.011,0.527,0.000,0.094,0.19,Easy
4549,2025-08-05,ORD,MLI,0.004,0.490,0.043,0.060,0.19,Easy
5564,2025-08-04,ORD,SBN,0.007,0.480,0.064,0.091,0.19,Easy
4445,2025-08-05,ORD,BHM,0.008,0.523,0.000,0.040,0.19,Easy
791,2025-08-07,ORD,DEN,0.002,0.542,0.043,0.026,0.19,Easy
5260,2025-08-12,ORD,FSD,0.007,0.512,0.043,0.051,0.19,Easy
1068,2025-08-04,ORD,IAD,0.001,0.580,0.000,0.066,0.19,Easy
1815,2025-08-07,ORD,MSY,0.000,0.545,0.000,0.089,0.19,Easy
5608,2025-08-04,ORD,GRB,0.006,0.545,0.043,0.031,0.19,Easy
5344,2025-08-10,ORD,MBS,0.007,0.403,0.117,0.071,0.19,Easy
5437,2025-08-04,ORD,DLH,0.010,0.480,0.043,0.051,0.19,Easy
1041,2025-08-11,ORD,GRR,0.014,0.424,0.032,0.143,0.19,Easy
247,2025-08-05,ORD,OMA,0.011,0.414,0.085,0.154,0.19,Easy
5021,2025-08-10,ORD,SUX,0.019,0.392,0.085,0.069,0.19,Easy
708,2025-08-05,ORD,MCI,0.013,0.534,0.000,0.077,0.19,Easy
2683,2025-08-15,ORD,SAN,0.013,0.522,0.021,0.054,0.19,Easy
5353,2025-08-15,ORD,GRR,0.005,0.469,0.064,0.051,0.19,Easy
2657,2025-08-10,ORD,IAH,0.010,0.537,0.032,0.054,0.19,Easy
1848,2025-08-12,ORD,ATL,0.010,0.469,0.043,0.046,0.19,Easy
4554,2025-08-10,ORD,GRB,0.007,0.501,0.043,0.074,0.19,Easy
5643,2025-08-15,ORD,CAK,0.010,0.469,0.043,0.071,0.19,Easy
4431,2025-08-01,ORD,MSN,0.009,0.512,0.043,0.069,0.19,Easy
660,2025-08-13,ORD,SAN,0.011,0.520,0.011,0.043,0.19,Easy
2133,2025-08-15,ORD,EWR,0.021,0.463,0.053,0.063,0.19,Easy
5358,2025-08-03,ORD,CAK,0.006,0.512,0.000,0.071,0.19,Easy
556,2025-08-11,ORD,CLT,0.002,0.567,0.032,0.020,0.19,Easy
1778,2025-08-08,ORD,OMA,0.010,0.495,0.032,0.109,0.19,Easy
2440,2025-08-04,ORD,LAS,0.004,0.540,0.011,0.086,0.19,Easy
611,2025-08-13,ORD,SFO,0.012,0.461,0.085,0.026,0.19,Easy
4588,2025-08-07,ORD,MDT,0.008,0.534,0.021,0.054,0.19,Easy
5420,2025-08-08,ORD,MLI,0.007,0.512,0.000,0.057,0.19,Easy
4610,2025-08-07,ORD,XNA,0.013,0.578,0.000,0.020,0.19,Easy
5668,2025-08-04,ORD,MKE,0.012,0.534,0.000,0.066,0.19,Easy
4194,2025-08-11,ORD,DAY,0.003,0.501,0.000,0.097,0.19,Easy
2666,2025-08-14,ORD,DEN,0.002,0.520,0.032,0.077,0.19,Easy
4425,2025-08-12,ORD,GRR,0.004,0.458,0.064,0.109,0.19,Easy
2672,2025-08-15,ORD,PNS,0.012,0.491,0.064,0.034,0.19,Easy
708,2025-08-11,ORD,MCI,0.009,0.521,0.000,0.089,0.19,Easy
286,2025-08-04,ORD,CLE,0.003,0.518,0.011,0.106,0.19,Easy
1815,2025-08-01,ORD,MSY,0.006,0.460,0.043,0.080,0.19,Easy
1297,2025-08-12,ORD,DFW,0.011,0.538,0.000,0.049,0.19,Easy
3421,2025-08-04,ORD,ROC,0.001,0.562,0.000,0.074,0.19,Easy
1273,2025-08-04,ORD,SFO,0.003,0.533,0.053,0.023,0.19,Easy
5977,2025-08-03,ORD,ICT,0.012,0.519,0.021,0.066,0.19,Easy
3690,2025-08-04,ORD,IND,0.010,0.527,0.000,0.074,0.19,Easy
356,2025-08-11,ORD,ATL,0.007,0.543,0.000,0.069,0.19,Easy
5448,2025-08-04,ORD,FWA,0.004,0.534,0.000,0.077,0.19,Easy
3520,2025-08-03,ORD,CVG,0.012,0.497,0.000,0.077,0.19,Easy
4426,2025-08-11,ORD,BUF,0.010,0.545,0.011,0.023,0.19,Easy
2414,2025-08-06,ORD,BNA,0.003,0.496,0.000,0.094,0.19,Easy
3520,2025-08-08,ORD,CVG,0.012,0.498,0.000,0.097,0.19,Easy
1857,2025-08-05,ORD,MIA,0.002,0.500,0.053,0.066,0.19,Easy
4389,2025-08-05,ORD,CID,0.006,0.512,0.064,0.046,0.19,Easy
769,2025-08-11,ORD,BCN,0.005,0.355,0.106,0.209,0.19,Easy
4558,2025-08-14,ORD,XNA,0.008,0.436,0.128,0.034,0.19,Easy
3568,2025-08-11,ORD,YYZ,0.010,0.555,0.000,0.071,0.19,Easy
5427,2025-08-12,ORD,PIA,0.008,0.469,0.096,0.054,0.19,Easy
1316,2025-08-06,ORD,SRQ,0.006,0.543,0.021,0.063,0.19,Easy
2200,2025-08-04,ORD,SEA,0.013,0.522,0.021,0.054,0.19,Easy
5593,2025-08-11,ORD,MEM,0.010,0.534,0.021,0.023,0.19,Easy
4387,2025-08-15,ORD,CID,0.005,0.523,0.021,0.097,0.19,Easy
5215,2025-08-04,ORD,LNK,0.005,0.545,0.000,0.043,0.19,Easy
5737,2025-08-10,ORD,OMA,0.009,0.548,0.000,0.057,0.19,Easy
5565,2025-08-14,ORD,CHO,0.011,0.469,0.096,0.029,0.19,Easy
3635,2025-08-11,ORD,MSN,0.010,0.489,0.021,0.077,0.19,Easy
5260,2025-08-14,ORD,FSD,0.007,0.534,0.000,0.080,0.19,Easy
4501,2025-08-05,ORD,AVP,0.004,0.490,0.043,0.037,0.19,Easy
4585,2025-08-02,ORD,DAY,0.007,0.458,0.043,0.097,0.19,Easy
4552,2025-08-08,ORD,DAY,0.006,0.545,0.000,0.066,0.19,Easy
2414,2025-08-11,ORD,BNA,0.012,0.483,0.053,0.071,0.19,Easy
1273,2025-08-14,ORD,SFO,0.003,0.324,0.255,0.026,0.19,Easy
5099,2025-08-09,ORD,CIU,0.010,0.501,0.043,0.063,0.19,Easy
5414,2025-08-01,ORD,MEM,0.010,0.512,0.000,0.049,0.19,Easy
4184,2025-08-14,ORD,DAY,0.008,0.512,0.043,0.046,0.19,Easy
1693,2025-08-10,ORD,DCA,0.010,0.547,0.021,0.057,0.19,Easy
3440,2025-08-11,ORD,YYZ,0.001,0.541,0.021,0.026,0.19,Easy
3536,2025-08-05,ORD,YUL,0.001,0.505,0.053,0.057,0.19,Easy
5448,2025-08-05,ORD,FWA,0.004,0.523,0.021,0.066,0.19,Easy
5272,2025-08-15,ORD,MSN,0.003,0.545,0.043,0.043,0.19,Easy
2138,2025-08-03,ORD,LGA,0.013,0.535,0.011,0.049,0.19,Easy
5447,2025-08-05,ORD,PVD,0.008,0.528,0.021,0.083,0.19,Easy
1946,2025-08-11,ORD,LGA,0.012,0.555,0.000,0.029,0.19,Easy
3696,2025-08-15,ORD,CVG,0.008,0.555,0.000,0.049,0.19,Easy
5532,2025-08-07,ORD,MCI,0.001,0.497,0.074,0.031,0.19,Easy
563,2025-08-03,ORD,EWR,0.008,0.510,0.064,0.057,0.19,Easy
2113,2025-08-10,ORD,FSD,0.007,0.417,0.064,0.157,0.19,Easy
5988,2025-08-03,ORD,BWI,0.012,0.491,0.021,0.083,0.19,Easy
5219,2025-08-04,ORD,TYS,0.006,0.520,0.000,0.083,0.19,Easy
4445,2025-08-14,ORD,BHM,0.008,0.480,0.021,0.091,0.19,Easy
2640,2025-08-04,ORD,DCA,0.032,0.495,0.000,0.003,0.19,Easy
4584,2025-08-05,ORD,TUL,0.005,0.512,0.021,0.077,0.19,Easy
1113,2025-08-10,ORD,ALB,0.009,0.508,0.021,0.114,0.19,Easy
5819,2025-08-06,ORD,DLH,0.006,0.447,0.064,0.074,0.19,Easy
5737,2025-08-03,ORD,OMA,0.009,0.548,0.000,0.091,0.19,Easy
1803,2025-08-15,ORD,DEN,0.003,0.428,0.138,0.071,0.19,Easy
5103,2025-08-10,ORD,JLN,0.002,0.458,0.053,0.080,0.19,Easy
4425,2025-08-14,ORD,GRR,0.004,0.512,0.000,0.083,0.19,Easy
2455,2025-08-08,ORD,SAV,0.002,0.558,0.053,0.017,0.19,Easy
1381,2025-08-04,ORD,DCA,0.012,0.530,0.043,0.043,0.19,Easy
5337,2025-08-13,ORD,ROA,0.007,0.548,0.000,0.060,0.19,Easy
2182,2025-08-15,ORD,PHL,0.003,0.534,0.000,0.069,0.19,Easy
3655,2025-08-01,ORD,PIT,0.011,0.498,0.000,0.077,0.19,Easy
1209,2025-08-04,ORD,EWR,0.015,0.485,0.043,0.060,0.19,Easy
3610,2025-08-02,ORD,YQB,0.010,0.534,0.043,0.046,0.19,Easy
4502,2025-08-10,ORD,LEX,0.008,0.490,0.000,0.123,0.19,Easy
5262,2025-08-11,ORD,LNK,0.012,0.534,0.000,0.037,0.19,Easy
4185,2025-08-13,ORD,STL,0.001,0.501,0.043,0.120,0.19,Easy
5946,2025-08-03,ORD,RAP,0.007,0.527,0.000,0.069,0.19,Easy
1120,2025-08-03,ORD,LIR,0.002,0.585,0.011,0.031,0.19,Easy
4588,2025-08-12,ORD,MDT,0.008,0.501,0.043,0.026,0.19,Easy
5444,2025-08-10,ORD,CID,0.010,0.490,0.000,0.120,0.19,Easy
912,2025-08-12,ORD,KEF,0.005,0.314,0.085,0.323,0.19,Easy
4426,2025-08-15,ORD,BUF,0.011,0.480,0.043,0.026,0.19,Easy
5395,2025-08-15,ORD,GSO,0.016,0.497,0.032,0.031,0.19,Easy
4791,2025-08-08,ORD,SBN,0.011,0.469,0.043,0.054,0.19,Easy
5360,2025-08-03,ORD,MBS,0.008,0.512,0.032,0.063,0.19,Easy
3520,2025-08-14,ORD,CVG,0.003,0.498,0.043,0.106,0.19,Easy
5447,2025-08-14,ORD,PVD,0.008,0.575,0.000,0.043,0.19,Easy
5414,2025-08-06,ORD,MEM,0.012,0.512,0.000,0.077,0.19,Easy
1068,2025-08-12,ORD,IAD,0.001,0.503,0.021,0.137,0.19,Easy
4445,2025-08-03,ORD,BHM,0.008,0.512,0.043,0.051,0.19,Easy
1358,2025-08-14,ORD,RDU,0.001,0.530,0.000,0.063,0.19,Easy
2189,2025-08-12,ORD,LGA,0.014,0.486,0.085,0.029,0.19,Easy
2302,2025-08-01,ORD,BWI,0.001,0.574,0.011,0.069,0.19,Easy
5469,2025-08-13,ORD,SDF,0.006,0.501,0.074,0.051,0.19,Easy
5841,2025-08-15,ORD,MEM,0.010,0.442,0.117,0.060,0.19,Easy
4391,2025-08-08,ORD,SGF,0.005,0.534,0.021,0.080,0.19,Easy
5260,2025-08-03,ORD,FSD,0.006,0.490,0.032,0.074,0.19,Easy
2104,2025-08-10,ORD,BOS,0.013,0.543,0.000,0.014,0.19,Easy
5380,2025-08-07,ORD,MSY,0.000,0.534,0.053,0.060,0.19,Easy
1297,2025-08-14,ORD,DFW,0.009,0.568,0.000,0.034,0.19,Easy
4588,2025-08-01,ORD,MDT,0.004,0.512,0.021,0.051,0.19,Easy
5726,2025-08-08,ORD,TYS,0.006,0.534,0.000,0.034,0.19,Easy
5946,2025-08-05,ORD,RAP,0.005,0.512,0.064,0.049,0.19,Easy
4387,2025-08-05,ORD,CID,0.005,0.545,0.000,0.074,0.19,Easy
4552,2025-08-11,ORD,DAY,0.006,0.490,0.000,0.091,0.19,Easy
4757,2025-08-02,ORD,CLE,0.009,0.458,0.085,0.060,0.19,Easy
1848,2025-08-09,ORD,ATL,0.013,0.476,0.064,0.046,0.19,Easy
1946,2025-08-10,ORD,LGA,0.008,0.555,0.000,0.003,0.19,Easy
4185,2025-08-10,ORD,STL,0.005,0.501,0.021,0.089,0.19,Easy
1909,2025-08-09,ORD,TVC,0.012,0.450,0.021,0.117,0.19,Easy
4558,2025-08-03,ORD,XNA,0.009,0.545,0.000,0.089,0.19,Easy
5262,2025-08-15,ORD,LNK,0.012,0.501,0.043,0.077,0.19,Easy
3708,2025-08-08,ORD,BNA,0.014,0.491,0.043,0.017,0.19,Easy
4645,2025-08-08,ORD,FWA,0.007,0.490,0.064,0.083,0.19,Easy
4530,2025-08-01,ORD,SGF,0.008,0.501,0.053,0.083,0.19,Easy
5810,2025-08-06,ORD,PIA,0.004,0.458,0.096,0.089,0.19,Easy
5427,2025-08-13,ORD,PIA,0.008,0.414,0.096,0.114,0.19,Easy
5375,2025-08-02,ORD,GRB,0.010,0.512,0.000,0.094,0.19,Easy
4184,2025-08-04,ORD,DAY,0.010,0.523,0.000,0.049,0.19,Easy
4613,2025-08-02,ORD,STL,0.008,0.512,0.011,0.091,0.19,Easy
5603,2025-08-11,ORD,FNT,0.005,0.480,0.085,0.074,0.19,Easy
5593,2025-08-09,ORD,MEM,0.011,0.383,0.106,0.086,0.19,Easy
3421,2025-08-05,ORD,ROC,0.012,0.498,0.011,0.069,0.19,Easy
2661,2025-08-05,ORD,LGA,0.013,0.542,0.043,0.000,0.19,Easy
708,2025-08-13,ORD,MCI,0.010,0.512,0.011,0.089,0.19,Easy
1658,2025-08-11,ORD,EWR,0.002,0.549,0.000,0.066,0.19,Easy
5026,2025-08-11,ORD,JST,0.012,0.469,0.085,0.017,0.19,Easy
5274,2025-08-15,ORD,SBN,0.007,0.458,0.043,0.077,0.19,Easy
4476,2025-08-02,ORD,CAE,0.004,0.567,0.021,0.037,0.19,Easy
5726,2025-08-07,ORD,TYS,0.010,0.534,0.000,0.023,0.19,Easy
4517,2025-08-11,ORD,SCE,0.004,0.512,0.011,0.054,0.19,Easy
5493,2025-08-10,ORD,ATW,0.004,0.469,0.043,0.114,0.19,Easy
2661,2025-08-06,ORD,LGA,0.013,0.483,0.074,0.006,0.19,Easy
5118,2025-08-15,ORD,PLN,0.012,0.469,0.085,0.023,0.19,Easy
4389,2025-08-15,ORD,CID,0.013,0.512,0.011,0.094,0.19,Easy
3464,2025-08-05,ORD,PIT,0.002,0.528,0.021,0.043,0.19,Easy
4429,2025-08-06,ORD,FSD,0.006,0.545,0.000,0.037,0.19,Easy
1413,2025-08-15,ORD,LGA,0.011,0.542,0.011,0.037,0.19,Easy
466,2025-08-11,ORD,DCA,0.006,0.547,0.000,0.014,0.19,Easy
2629,2025-08-04,ORD,CLE,0.014,0.509,0.000,0.097,0.19,Easy
5383,2025-08-11,ORD,TVC,0.012,0.490,0.053,0.034,0.19,Easy
3610,2025-08-11,ORD,YQB,0.010,0.469,0.074,0.094,0.19,Easy
1941,2025-08-10,ORD,CVG,0.010,0.418,0.000,0.183,0.19,Easy
4458,2025-08-07,ORD,LIT,0.007,0.501,0.043,0.051,0.19,Easy
4504,2025-08-08,ORD,CHA,0.009,0.469,0.106,0.017,0.19,Easy
2104,2025-08-03,ORD,BOS,0.001,0.564,0.000,0.029,0.19,Easy
5795,2025-08-07,ORD,TUL,0.009,0.390,0.160,0.054,0.19,Easy
5977,2025-08-11,ORD,ICT,0.012,0.512,0.000,0.071,0.19,Easy
5444,2025-08-04,ORD,LIT,0.006,0.534,0.000,0.034,0.19,Easy
4542,2025-08-06,ORD,LIT,0.005,0.512,0.000,0.094,0.19,Easy
3535,2025-08-03,ORD,DSM,0.007,0.527,0.011,0.080,0.19,Easy
4584,2025-08-15,ORD,TUL,0.005,0.512,0.064,0.060,0.19,Easy
5275,2025-08-03,ORD,DLH,0.004,0.556,0.021,0.069,0.19,Easy
1306,2025-08-07,ORD,TPA,0.011,0.552,0.021,0.040,0.19,Easy
4390,2025-08-13,ORD,CHA,0.009,0.512,0.011,0.051,0.19,Easy
3601,2025-08-10,ORD,YYZ,0.013,0.562,0.011,0.026,0.19,Easy
1920,2025-08-08,ORD,LAS,0.013,0.488,0.000,0.100,0.19,Easy
1209,2025-08-09,ORD,EWR,0.015,0.415,0.053,0.100,0.19,Easy
5505,2025-08-08,ORD,SBN,0.006,0.458,0.064,0.049,0.19,Easy
3668,2025-08-11,ORD,IND,0.013,0.512,0.021,0.029,0.19,Easy
5626,2025-08-10,ORD,DSM,0.001,0.545,0.000,0.103,0.19,Easy
5668,2025-08-13,ORD,MKE,0.012,0.469,0.053,0.083,0.19,Easy
4533,2025-08-02,ORD,MSN,0.008,0.447,0.000,0.160,0.19,Easy
769,2025-08-09,ORD,BCN,0.011,0.407,0.043,0.200,0.19,Easy
1097,2025-08-12,ORD,DCA,0.008,0.437,0.106,0.080,0.19,Easy
4610,2025-08-06,ORD,XNA,0.008,0.545,0.021,0.026,0.19,Easy
5427,2025-08-11,ORD,PIA,0.008,0.469,0.043,0.086,0.19,Easy
4809,2025-08-06,ORD,ICT,0.008,0.433,0.096,0.097,0.19,Easy
1448,2025-08-15,ORD,BUF,0.011,0.508,0.021,0.080,0.19,Easy
5643,2025-08-03,ORD,CAK,0.010,0.545,0.000,0.060,0.19,Easy
4501,2025-08-03,ORD,AVP,0.003,0.490,0.074,0.037,0.19,Easy
482,2025-08-08,ORD,CHS,0.015,0.512,0.021,0.063,0.19,Easy
669,2025-08-04,ORD,AUS,0.012,0.529,0.000,0.049,0.19,Easy
5230,2025-08-10,ORD,CRW,0.010,0.545,0.021,0.051,0.19,Easy
5999,2025-08-01,ORD,OKC,0.006,0.512,0.021,0.083,0.19,Easy
1793,2025-08-11,ORD,MSP,0.009,0.512,0.021,0.023,0.19,Easy
5821,2025-08-01,ORD,MKE,0.008,0.480,0.021,0.080,0.19,Easy
1980,2025-08-08,ORD,LGA,0.002,0.552,0.000,0.031,0.19,Easy
3635,2025-08-13,ORD,MSN,0.003,0.489,0.043,0.091,0.19,Easy
4529,2025-08-12,ORD,SGF,0.009,0.458,0.064,0.080,0.19,Easy
5292,2025-08-06,ORD,MTY,0.001,0.541,0.085,0.000,0.19,Easy
5565,2025-08-03,ORD,CHO,0.004,0.556,0.021,0.046,0.19,Easy
5841,2025-08-04,ORD,MEM,0.010,0.528,0.053,0.037,0.19,Easy
5836,2025-08-08,ORD,TYS,0.008,0.556,0.000,0.026,0.19,Easy
4476,2025-08-11,ORD,CAE,0.005,0.512,0.021,0.054,0.19,Easy
5337,2025-08-12,ORD,ROA,0.010,0.512,0.000,0.077,0.19,Easy
4563,2025-08-08,ORD,FSD,0.006,0.512,0.043,0.037,0.19,Easy
4474,2025-08-15,ORD,AVL,0.010,0.480,0.096,0.034,0.19,Easy
4426,2025-08-13,ORD,BUF,0.010,0.545,0.000,0.040,0.19,Easy
5099,2025-08-04,ORD,CIU,0.007,0.480,0.085,0.054,0.19,Easy
4474,2025-08-04,ORD,AVL,0.010,0.469,0.085,0.066,0.19,Easy
1297,2025-08-09,ORD,DFW,0.011,0.505,0.032,0.057,0.19,Easy
5930,2025-08-15,ORD,FAR,0.005,0.534,0.021,0.057,0.19,Easy
4559,2025-08-12,ORD,SDF,0.007,0.545,0.000,0.054,0.19,Easy
2389,2025-08-12,ORD,RSW,0.007,0.375,0.181,0.066,0.19,Easy
4739,2025-08-09,ORD,GRB,0.008,0.512,0.043,0.054,0.19,Easy
1933,2025-08-06,ORD,LAS,0.015,0.424,0.021,0.123,0.19,Easy
4613,2025-08-08,ORD,STL,0.003,0.545,0.000,0.074,0.19,Easy
604,2025-08-03,ORD,BNA,0.001,0.465,0.085,0.060,0.19,Easy
3668,2025-08-04,ORD,IND,0.013,0.505,0.021,0.086,0.19,Easy
4645,2025-08-10,ORD,FWA,0.002,0.523,0.000,0.103,0.19,Easy
3690,2025-08-07,ORD,IND,0.010,0.534,0.021,0.074,0.19,Easy
5470,2025-08-04,ORD,GEG,0.014,0.548,0.000,0.040,0.19,Easy
5215,2025-08-06,ORD,LNK,0.000,0.501,0.064,0.100,0.19,Easy
5382,2025-08-08,ORD,FWA,0.012,0.490,0.053,0.046,0.19,Easy
5843,2025-08-12,ORD,ECP,0.003,0.441,0.085,0.074,0.19,Easy
2090,2025-08-11,ORD,MIA,0.001,0.543,0.043,0.011,0.19,Easy
1823,2025-08-04,ORD,IAH,0.010,0.548,0.000,0.029,0.19,Easy
1658,2025-08-15,ORD,EWR,0.002,0.482,0.064,0.031,0.19,Easy
4406,2025-08-06,ORD,TVC,0.005,0.523,0.021,0.077,0.19,Easy
4778,2025-08-10,ORD,FAR,0.007,0.578,0.000,0.043,0.19,Easy
4476,2025-08-14,ORD,CAE,0.003,0.556,0.000,0.026,0.19,Easy
4468,2025-08-13,ORD,LEX,0.008,0.512,0.000,0.071,0.19,Easy
4791,2025-08-10,ORD,SBN,0.008,0.501,0.043,0.097,0.19,Easy
4809,2025-08-05,ORD,ICT,0.008,0.505,0.043,0.089,0.19,Easy
5564,2025-08-11,ORD,SBN,0.007,0.512,0.000,0.074,0.19,Easy
5380,2025-08-15,ORD,MSY,0.010,0.489,0.043,0.060,0.19,Easy
5819,2025-08-12,ORD,DLH,0.006,0.469,0.106,0.043,0.19,Easy
5230,2025-08-09,ORD,CRW,0.004,0.512,0.043,0.054,0.19,Easy
4488,2025-08-02,ORD,DSM,0.007,0.545,0.000,0.063,0.19,Easy
4452,2025-08-15,ORD,RIC,0.003,0.556,0.000,0.054,0.19,Easy
5608,2025-08-06,ORD,GRB,0.005,0.480,0.021,0.080,0.19,Easy
5229,2025-08-06,ORD,ILM,0.012,0.426,0.128,0.040,0.19,Easy
2635,2025-08-13,ORD,CLT,0.009,0.560,0.021,0.040,0.19,Easy
1980,2025-08-07,ORD,LGA,0.010,0.470,0.043,0.086,0.19,Easy
5262,2025-08-03,ORD,LNK,0.012,0.567,0.000,0.017,0.19,Easy
4389,2025-08-07,ORD,CID,0.010,0.534,0.000,0.060,0.19,Easy
4588,2025-08-13,ORD,MDT,0.004,0.512,0.064,0.043,0.19,Easy
476,2025-08-08,ORD,CVG,0.008,0.525,0.000,0.083,0.19,Easy
4184,2025-08-11,ORD,DAY,0.009,0.545,0.000,0.083,0.19,Easy
2104,2025-08-04,ORD,BOS,0.002,0.546,0.011,0.014,0.19,Easy
4380,2025-08-02,ORD,SYR,0.001,0.545,0.000,0.074,0.19,Easy
4504,2025-08-11,ORD,CHA,0.009,0.545,0.021,0.026,0.19,Easy
4425,2025-08-10,ORD,GRR,0.010,0.512,0.000,0.071,0.19,Easy
970,2025-08-11,ORD,FCO,0.012,0.274,0.170,0.200,0.19,Easy
5219,2025-08-05,ORD,GRB,0.000,0.403,0.138,0.091,0.19,Easy
4588,2025-08-05,ORD,MDT,0.008,0.523,0.021,0.066,0.19,Easy
3409,2025-08-03,ORD,YOW,0.014,0.505,0.021,0.057,0.19,Easy
5646,2025-08-12,ORD,ATW,0.000,0.523,0.000,0.066,0.19,Easy
4585,2025-08-14,ORD,DAY,0.005,0.447,0.043,0.106,0.19,Easy
5712,2025-08-11,ORD,GSP,0.007,0.562,0.000,0.046,0.19,Easy
4789,2025-08-05,ORD,FAR,0.008,0.426,0.106,0.114,0.19,Easy
5859,2025-08-09,ORD,BZN,0.001,0.627,0.000,0.000,0.19,Easy
600,2025-08-07,ORD,LAS,0.001,0.506,0.032,0.106,0.19,Easy
5810,2025-08-08,ORD,PIA,0.004,0.512,0.000,0.117,0.19,Easy
5380,2025-08-04,ORD,MSY,0.001,0.555,0.011,0.043,0.19,Easy
4380,2025-08-14,ORD,SYR,0.000,0.534,0.000,0.094,0.19,Easy
1975,2025-08-05,ORD,ATL,0.001,0.491,0.064,0.091,0.19,Easy
2430,2025-08-06,ORD,BNA,0.002,0.470,0.074,0.069,0.19,Easy
2628,2025-08-01,ORD,BNA,0.014,0.464,0.000,0.120,0.19,Easy
5124,2025-08-14,ORD,EAU,0.008,0.490,0.074,0.037,0.19,Easy
563,2025-08-06,ORD,EWR,0.002,0.575,0.021,0.046,0.19,Easy
1677,2025-08-05,ORD,BOS,0.007,0.548,0.032,0.034,0.19,Easy
1793,2025-08-06,ORD,MSP,0.010,0.508,0.043,0.040,0.19,Easy
4780,2025-08-06,ORD,CAK,0.007,0.501,0.000,0.091,0.19,Easy
2225,2025-08-09,ORD,PHX,0.004,0.522,0.011,0.106,0.19,Easy
4391,2025-08-11,ORD,SGF,0.005,0.512,0.053,0.074,0.19,Easy
752,2025-08-12,ORD,DCA,0.011,0.456,0.074,0.086,0.19,Easy
5565,2025-08-05,ORD,CHO,0.004,0.523,0.011,0.063,0.19,Easy
4571,2025-08-13,ORD,XNA,0.006,0.458,0.053,0.069,0.19,Easy
5234,2025-08-04,ORD,MKE,0.010,0.556,0.000,0.040,0.19,Easy
5469,2025-08-04,ORD,SDF,0.001,0.545,0.000,0.031,0.19,Easy
5668,2025-08-06,ORD,MKE,0.012,0.490,0.000,0.086,0.19,Easy
5874,2025-08-12,ORD,PIA,0.007,0.469,0.096,0.051,0.19,Easy
2138,2025-08-04,ORD,LGA,0.013,0.522,0.021,0.031,0.19,Easy
2657,2025-08-11,ORD,IAH,0.010,0.524,0.021,0.054,0.19,Easy
5382,2025-08-10,ORD,FWA,0.012,0.501,0.043,0.083,0.19,Easy
5380,2025-08-01,ORD,MSY,0.001,0.484,0.117,0.031,0.19,Easy
2347,2025-08-06,ORD,CLE,0.004,0.466,0.074,0.097,0.19,Easy
4517,2025-08-05,ORD,SCE,0.008,0.480,0.043,0.046,0.19,Easy
5585,2025-08-06,ORD,ATW,0.009,0.512,0.000,0.080,0.19,Easy
4184,2025-08-01,ORD,DAY,0.010,0.534,0.000,0.040,0.19,Easy
611,2025-08-06,ORD,SFO,0.012,0.601,0.000,0.000,0.19,Easy
5564,2025-08-05,ORD,SBN,0.007,0.534,0.011,0.089,0.19,Easy
3498,2025-08-05,ORD,CVG,0.011,0.548,0.021,0.046,0.19,Easy
2092,2025-08-11,ORD,LGA,0.009,0.562,0.021,0.037,0.19,Easy
5946,2025-08-01,ORD,RAP,0.007,0.504,0.000,0.069,0.19,Easy
5444,2025-08-07,ORD,LIT,0.012,0.490,0.021,0.077,0.19,Easy
3569,2025-08-04,ORD,DTW,0.010,0.498,0.064,0.043,0.19,Easy
4479,2025-08-09,ORD,STL,0.012,0.512,0.000,0.091,0.19,Easy
5360,2025-08-14,ORD,MBS,0.004,0.501,0.064,0.077,0.19,Easy
5427,2025-08-01,ORD,PIA,0.008,0.501,0.000,0.074,0.19,Easy
4588,2025-08-11,ORD,MDT,0.008,0.512,0.074,0.017,0.19,Easy
4389,2025-08-11,ORD,CID,0.007,0.501,0.021,0.049,0.19,Easy
5427,2025-08-15,ORD,PIA,0.008,0.501,0.043,0.066,0.19,Easy
5564,2025-08-07,ORD,SBN,0.007,0.490,0.021,0.069,0.19,Easy
1851,2025-08-06,ORD,ALB,0.011,0.351,0.128,0.106,0.19,Easy
1097,2025-08-15,ORD,DCA,0.000,0.495,0.053,0.069,0.19,Easy
3641,2025-08-07,ORD,GRR,0.008,0.498,0.021,0.046,0.19,Easy
1848,2025-08-11,ORD,ATL,0.011,0.525,0.053,0.037,0.19,Easy
4476,2025-08-10,ORD,CAE,0.010,0.534,0.032,0.040,0.19,Easy
1909,2025-08-11,ORD,TVC,0.013,0.467,0.011,0.146,0.19,Easy
5437,2025-08-07,ORD,DLH,0.010,0.512,0.000,0.063,0.19,Easy
5420,2025-08-10,ORD,MLI,0.007,0.523,0.000,0.051,0.19,Easy
1980,2025-08-10,ORD,LGA,0.001,0.552,0.053,0.026,0.19,Easy
4501,2025-08-04,ORD,AVP,0.004,0.512,0.053,0.034,0.19,Easy
5668,2025-08-08,ORD,MKE,0.012,0.480,0.043,0.057,0.19,Easy
2092,2025-08-15,ORD,LGA,0.007,0.496,0.043,0.046,0.19,Easy
5353,2025-08-07,ORD,GRR,0.005,0.490,0.043,0.046,0.19,Easy
5414,2025-08-13,ORD,MEM,0.010,0.480,0.043,0.089,0.19,Easy
3571,2025-08-14,ORD,IND,0.009,0.491,0.000,0.100,0.19,Easy
3635,2025-08-07,ORD,MSN,0.010,0.534,0.011,0.066,0.19,Easy
2378,2025-08-12,ORD,LAX,0.006,0.373,0.021,0.283,0.19,Easy
5215,2025-08-03,ORD,LNK,0.005,0.523,0.000,0.071,0.19,Easy
4611,2025-08-15,ORD,MDT,0.010,0.480,0.064,0.066,0.19,Easy
5420,2025-08-03,ORD,MLI,0.002,0.490,0.021,0.074,0.19,Easy
4501,2025-08-14,ORD,AVP,0.004,0.490,0.064,0.083,0.19,Easy
4558,2025-08-15,ORD,XNA,0.013,0.523,0.000,0.040,0.19,Easy
5435,2025-08-04,ORD,BDL,0.012,0.476,0.000,0.100,0.19,Easy
5448,2025-08-02,ORD,FWA,0.008,0.534,0.021,0.074,0.19,Easy
1756,2025-08-10,ORD,YYZ,0.016,0.496,0.000,0.094,0.19,Easy
4558,2025-08-07,ORD,XNA,0.010,0.578,0.000,0.029,0.19,Easy
4549,2025-08-07,ORD,MLI,0.009,0.567,0.000,0.054,0.19,Easy
3409,2025-08-15,ORD,YOW,0.014,0.498,0.032,0.049,0.19,Easy
4431,2025-08-08,ORD,MSN,0.009,0.534,0.000,0.029,0.19,Easy
1677,2025-08-04,ORD,BOS,0.004,0.561,0.000,0.029,0.19,Easy
4517,2025-08-14,ORD,SCE,0.004,0.501,0.032,0.086,0.19,Easy
5375,2025-08-11,ORD,GRB,0.006,0.512,0.000,0.071,0.19,Easy
4780,2025-08-11,ORD,CAK,0.007,0.490,0.000,0.091,0.19,Easy
4558,2025-08-13,ORD,XNA,0.010,0.501,0.021,0.046,0.19,Easy
4507,2025-08-05,ORD,CHA,0.006,0.512,0.000,0.063,0.19,Easy
416,2025-08-06,ORD,MXP,0.012,0.362,0.021,0.234,0.19,Easy
4568,2025-08-03,ORD,SCE,0.010,0.523,0.032,0.029,0.19,Easy
5272,2025-08-07,ORD,MSN,0.007,0.512,0.074,0.037,0.19,Easy
2092,2025-08-06,ORD,LGA,0.007,0.565,0.021,0.031,0.19,Easy
1617,2025-08-11,ORD,PHL,0.013,0.522,0.021,0.069,0.19,Easy
1100,2025-08-09,ORD,PDX,0.007,0.457,0.128,0.026,0.19,Easy
2280,2025-08-12,ORD,MCO,0.002,0.463,0.064,0.063,0.19,Easy
1946,2025-08-06,ORD,LGA,0.012,0.466,0.032,0.066,0.19,Easy
4185,2025-08-05,ORD,STL,0.005,0.534,0.000,0.071,0.19,Easy
1920,2025-08-15,ORD,LAS,0.013,0.467,0.043,0.120,0.19,Easy
2414,2025-08-04,ORD,BNA,0.012,0.509,0.000,0.060,0.19,Easy
4173,2025-08-07,ORD,AVL,0.012,0.556,0.000,0.031,0.19,Easy
4613,2025-08-13,ORD,STL,0.006,0.512,0.000,0.109,0.19,Easy
5726,2025-08-05,ORD,TYS,0.006,0.589,0.000,0.043,0.19,Easy
4559,2025-08-14,ORD,SDF,0.007,0.512,0.000,0.063,0.19,Easy
5946,2025-08-08,ORD,RAP,0.007,0.473,0.021,0.086,0.19,Easy
758,2025-08-03,ORD,EWR,0.000,0.573,0.011,0.060,0.19,Easy
3409,2025-08-08,ORD,YOW,0.014,0.476,0.021,0.100,0.19,Easy
293,2025-08-10,ORD,LGA,0.011,0.571,0.000,0.037,0.19,Easy
3641,2025-08-14,ORD,GRR,0.008,0.512,0.043,0.049,0.19,Easy
752,2025-08-04,ORD,DCA,0.011,0.556,0.000,0.049,0.19,Easy
1525,2025-08-13,ORD,AUS,0.012,0.547,0.000,0.069,0.19,Easy
2138,2025-08-08,ORD,LGA,0.013,0.516,0.021,0.057,0.19,Easy
4610,2025-08-15,ORD,XNA,0.008,0.534,0.000,0.049,0.19,Easy
3520,2025-08-05,ORD,CVG,0.003,0.476,0.064,0.034,0.19,Easy
1576,2025-08-10,ORD,LGA,0.010,0.525,0.043,0.037,0.19,Easy
5292,2025-08-02,ORD,MTY,0.001,0.591,0.021,0.023,0.19,Easy
5493,2025-08-05,ORD,ATW,0.004,0.545,0.000,0.077,0.19,Easy
3464,2025-08-13,ORD,PIT,0.004,0.512,0.000,0.074,0.19,Easy
5447,2025-08-10,ORD,PVD,0.008,0.489,0.000,0.089,0.19,Easy
4552,2025-08-03,ORD,DAY,0.006,0.447,0.096,0.091,0.19,Easy
5836,2025-08-10,ORD,TYS,0.010,0.545,0.000,0.046,0.19,Easy
5493,2025-08-06,ORD,ATW,0.004,0.556,0.000,0.089,0.19,Easy
3536,2025-08-11,ORD,YUL,0.001,0.448,0.085,0.091,0.19,Easy
2195,2025-08-08,ORD,BDL,0.013,0.479,0.000,0.091,0.19,Easy
5577,2025-08-11,ORD,JAX,0.001,0.541,0.032,0.074,0.19,Easy
4425,2025-08-11,ORD,GRR,0.003,0.534,0.000,0.040,0.19,Easy
5275,2025-08-01,ORD,DLH,0.005,0.534,0.000,0.083,0.19,Easy
3520,2025-08-13,ORD,BDL,0.001,0.548,0.000,0.060,0.19,Easy
4789,2025-08-09,ORD,FAR,0.002,0.469,0.043,0.109,0.19,Easy
4645,2025-08-13,ORD,FWA,0.005,0.490,0.043,0.097,0.19,Easy
1658,2025-08-02,ORD,EWR,0.002,0.579,0.011,0.054,0.19,Easy
5448,2025-08-03,ORD,FWA,0.004,0.501,0.000,0.094,0.19,Easy
5568,2025-08-11,ORD,MLI,0.008,0.458,0.032,0.089,0.19,Easy
4571,2025-08-05,ORD,XNA,0.006,0.512,0.032,0.063,0.19,Easy
1316,2025-08-13,ORD,SRQ,0.006,0.473,0.074,0.086,0.19,Easy
5230,2025-08-01,ORD,CRW,0.010,0.534,0.000,0.069,0.19,Easy
482,2025-08-15,ORD,CHS,0.015,0.502,0.043,0.040,0.19,Easy
4718,2025-08-15,ORD,DAY,0.006,0.501,0.021,0.086,0.19,Easy
1129,2025-08-03,ORD,BOS,0.014,0.562,0.000,0.037,0.19,Easy
4445,2025-08-01,ORD,BHM,0.006,0.501,0.043,0.069,0.19,Easy
5309,2025-08-08,ORD,FWA,0.006,0.523,0.000,0.114,0.19,Easy
1041,2025-08-07,ORD,GRR,0.012,0.439,0.064,0.106,0.19,Easy
5309,2025-08-09,ORD,FWA,0.003,0.545,0.000,0.111,0.19,Easy
4780,2025-08-15,ORD,CAK,0.007,0.480,0.064,0.074,0.19,Easy
4778,2025-08-02,ORD,FAR,0.007,0.480,0.043,0.046,0.19,Easy
5375,2025-08-13,ORD,GRB,0.006,0.490,0.021,0.077,0.19,Easy
2389,2025-08-15,ORD,RSW,0.011,0.412,0.096,0.120,0.19,Easy
4739,2025-08-14,ORD,GRB,0.008,0.469,0.085,0.049,0.19,Easy
5260,2025-08-02,ORD,FSD,0.010,0.512,0.000,0.060,0.19,Easy
5274,2025-08-08,ORD,SBN,0.007,0.534,0.000,0.069,0.19,Easy
1909,2025-08-04,ORD,TVC,0.013,0.415,0.074,0.151,0.19,Easy
4530,2025-08-08,ORD,SGF,0.006,0.501,0.043,0.051,0.19,Easy
2629,2025-08-12,ORD,CLE,0.013,0.348,0.128,0.111,0.19,Easy
4748,2025-08-11,ORD,ATW,0.004,0.556,0.000,0.094,0.19,Easy
4718,2025-08-07,ORD,DAY,0.001,0.545,0.043,0.054,0.19,Easy
5099,2025-08-13,ORD,CIU,0.007,0.480,0.043,0.071,0.19,Easy
4559,2025-08-13,ORD,SDF,0.008,0.512,0.064,0.051,0.19,Easy
5215,2025-08-01,ORD,LNK,0.005,0.534,0.000,0.066,0.19,Easy
5420,2025-08-09,ORD,MLI,0.007,0.458,0.043,0.080,0.19,Easy
4452,2025-08-01,ORD,RIC,0.008,0.458,0.074,0.043,0.19,Easy
1492,2025-08-11,ORD,CMH,0.005,0.397,0.074,0.143,0.19,Easy
1641,2025-08-10,ORD,IND,0.009,0.357,0.160,0.109,0.19,Easy
2071,2025-08-07,ORD,SAN,0.001,0.604,0.021,0.003,0.19,Easy
5344,2025-08-07,ORD,MBS,0.007,0.490,0.032,0.074,0.19,Easy
1492,2025-08-12,ORD,CMH,0.012,0.230,0.266,0.091,0.19,Easy
3641,2025-08-04,ORD,GRR,0.009,0.455,0.064,0.037,0.19,Easy
5737,2025-08-07,ORD,OMA,0.010,0.527,0.021,0.077,0.19,Easy
5448,2025-08-10,ORD,FWA,0.004,0.534,0.000,0.094,0.19,Easy
293,2025-08-15,ORD,LGA,0.014,0.509,0.021,0.043,0.19,Easy
4436,2025-08-11,ORD,SGF,0.012,0.512,0.000,0.049,0.19,Easy
5819,2025-08-04,ORD,DLH,0.008,0.447,0.074,0.034,0.19,Easy
4429,2025-08-14,ORD,FSD,0.008,0.512,0.032,0.051,0.19,Easy
4451,2025-08-02,ORD,DTW,0.005,0.501,0.000,0.123,0.19,Easy
5534,2025-08-08,ORD,ICT,0.011,0.473,0.011,0.117,0.19,Easy
4436,2025-08-08,ORD,SGF,0.007,0.512,0.000,0.083,0.19,Easy
4610,2025-08-08,ORD,XNA,0.012,0.523,0.000,0.037,0.19,Easy
611,2025-08-04,ORD,SFO,0.012,0.561,0.000,0.020,0.19,Easy
1815,2025-08-10,ORD,MSY,0.014,0.411,0.096,0.091,0.19,Easy
4809,2025-08-12,ORD,ICT,0.008,0.491,0.053,0.071,0.19,Easy
1576,2025-08-07,ORD,LGA,0.015,0.519,0.000,0.040,0.19,Easy
399,2025-08-11,ORD,BOS,0.012,0.502,0.043,0.043,0.19,Easy
1100,2025-08-03,ORD,PDX,0.010,0.447,0.138,0.014,0.19,Easy
4530,2025-08-04,ORD,SGF,0.006,0.567,0.000,0.069,0.19,Easy
4501,2025-08-06,ORD,AVP,0.008,0.447,0.128,0.043,0.19,Easy
4502,2025-08-02,ORD,LEX,0.008,0.490,0.021,0.091,0.19,Easy
4185,2025-08-07,ORD,STL,0.005,0.512,0.000,0.094,0.19,Easy
1097,2025-08-10,ORD,DCA,0.001,0.517,0.053,0.054,0.19,Easy
5810,2025-08-11,ORD,PIA,0.005,0.512,0.000,0.100,0.19,Easy
4186,2025-08-03,ORD,MLI,0.005,0.501,0.043,0.074,0.19,Easy
5215,2025-08-14,ORD,LNK,0.006,0.534,0.000,0.029,0.19,Easy
4645,2025-08-06,ORD,FWA,0.000,0.447,0.085,0.083,0.19,Easy
5821,2025-08-03,ORD,MKE,0.008,0.490,0.000,0.109,0.19,Easy
3694,2025-08-14,ORD,ROC,0.008,0.541,0.000,0.083,0.19,Easy
3464,2025-08-11,ORD,PIT,0.003,0.527,0.000,0.077,0.19,Easy
5748,2025-08-03,ORD,YWG,0.006,0.534,0.032,0.071,0.19,Easy
5536,2025-08-01,ORD,SAT,0.000,0.519,0.043,0.080,0.19,Easy
5215,2025-08-15,ORD,LNK,0.006,0.545,0.000,0.083,0.19,Easy
2138,2025-08-07,ORD,LGA,0.013,0.548,0.011,0.023,0.19,Easy
4429,2025-08-05,ORD,FSD,0.008,0.567,0.000,0.046,0.19,Easy
1920,2025-08-06,ORD,LAS,0.000,0.439,0.085,0.137,0.19,Easy
4588,2025-08-10,ORD,MDT,0.008,0.501,0.000,0.077,0.19,Easy
4530,2025-08-07,ORD,SGF,0.000,0.512,0.085,0.046,0.19,Easy
5375,2025-08-04,ORD,GRB,0.010,0.512,0.000,0.074,0.19,Easy
5398,2025-08-05,ORD,IND,0.007,0.505,0.011,0.129,0.19,Easy
5534,2025-08-01,ORD,ICT,0.004,0.523,0.021,0.043,0.19,Easy
5505,2025-08-11,ORD,SBN,0.007,0.480,0.096,0.049,0.19,Easy
5836,2025-08-12,ORD,TYS,0.007,0.534,0.011,0.023,0.19,Easy
721,2025-08-04,ORD,BOS,0.011,0.555,0.021,0.020,0.19,Easy
2343,2025-08-01,ORD,IND,0.010,0.369,0.043,0.226,0.19,Easy
4613,2025-08-01,ORD,STL,0.007,0.534,0.021,0.083,0.19,Easy
5534,2025-08-07,ORD,ICT,0.008,0.545,0.000,0.069,0.19,Easy
5729,2025-08-12,ORD,FNT,0.004,0.523,0.043,0.074,0.19,Easy
5118,2025-08-05,ORD,PLN,0.008,0.436,0.106,0.049,0.19,Easy
5038,2025-08-08,ORD,PLN,0.005,0.523,0.032,0.034,0.19,Easy
5362,2025-08-02,ORD,MKE,0.001,0.490,0.000,0.131,0.19,Easy
2104,2025-08-02,ORD,BOS,0.001,0.552,0.064,0.017,0.19,Easy
4600,2025-08-04,ORD,XNA,0.010,0.556,0.000,0.034,0.19,Easy
2665,2025-08-12,ORD,IAH,0.013,0.482,0.000,0.166,0.19,Easy
5841,2025-08-13,ORD,MEM,0.018,0.403,0.138,0.031,0.19,Easy
1658,2025-08-13,ORD,EWR,0.002,0.372,0.117,0.177,0.19,Easy
5948,2025-08-04,ORD,BNA,0.010,0.527,0.000,0.054,0.19,Easy
2609,2025-08-04,ORD,SNA,0.008,0.547,0.000,0.029,0.19,Easy
4600,2025-08-15,ORD,XNA,0.009,0.371,0.160,0.040,0.19,Easy
5568,2025-08-07,ORD,MLI,0.005,0.490,0.011,0.086,0.19,Easy
5262,2025-08-13,ORD,LNK,0.012,0.545,0.000,0.060,0.19,Easy
5668,2025-08-07,ORD,MKE,0.012,0.458,0.096,0.066,0.19,Easy
4456,2025-08-03,ORD,CMH,0.009,0.534,0.000,0.086,0.19,Easy
5272,2025-08-08,ORD,MSN,0.003,0.523,0.043,0.034,0.19,Easy
5795,2025-08-11,ORD,TUL,0.010,0.484,0.011,0.106,0.19,Easy
5999,2025-08-15,ORD,OKC,0.007,0.504,0.000,0.111,0.19,Easy
3523,2025-08-11,ORD,RIC,0.012,0.481,0.043,0.063,0.19,Easy
3654,2025-08-01,ORD,STL,0.006,0.498,0.011,0.097,0.19,Easy
5280,2025-08-04,ORD,DSM,0.009,0.398,0.128,0.097,0.19,Easy
4390,2025-08-02,ORD,CHA,0.009,0.501,0.043,0.060,0.19,Easy
5021,2025-08-05,ORD,SUX,0.004,0.534,0.011,0.054,0.19,Easy
466,2025-08-03,ORD,DCA,0.005,0.538,0.021,0.029,0.19,Easy
4588,2025-08-06,ORD,MDT,0.004,0.578,0.000,0.023,0.19,Easy
1113,2025-08-12,ORD,ALB,0.013,0.404,0.128,0.097,0.19,Easy
3641,2025-08-10,ORD,GRR,0.003,0.476,0.064,0.083,0.19,Easy
4778,2025-08-15,ORD,FAR,0.006,0.567,0.000,0.054,0.19,Easy
4451,2025-08-03,ORD,DTW,0.001,0.556,0.000,0.091,0.19,Easy
3603,2025-08-11,ORD,CMH,0.007,0.527,0.000,0.094,0.19,Easy
1377,2025-08-10,ORD,MYR,0.010,0.502,0.000,0.091,0.19,Easy
4390,2025-08-06,ORD,CHA,0.009,0.512,0.000,0.054,0.19,Easy
3451,2025-08-01,ORD,PWM,0.005,0.534,0.021,0.066,0.19,Easy
2343,2025-08-13,ORD,IND,0.012,0.339,0.096,0.180,0.19,Easy
5260,2025-08-15,ORD,FSD,0.006,0.490,0.064,0.083,0.19,Easy
5948,2025-08-08,ORD,BNA,0.011,0.519,0.000,0.066,0.19,Easy
5362,2025-08-03,ORD,MKE,0.003,0.501,0.021,0.100,0.19,Easy
5726,2025-08-13,ORD,TYS,0.000,0.501,0.032,0.083,0.19,Easy
2201,2025-08-12,ORD,MCO,0.013,0.436,0.064,0.114,0.19,Easy
3493,2025-08-15,ORD,DTW,0.009,0.476,0.074,0.066,0.19,Easy
5534,2025-08-04,ORD,ICT,0.008,0.490,0.021,0.057,0.19,Easy
4552,2025-08-07,ORD,DAY,0.006,0.545,0.000,0.094,0.19,Easy
5360,2025-08-15,ORD,MBS,0.012,0.447,0.106,0.034,0.19,Easy
587,2025-08-05,ORD,YUL,0.017,0.430,0.064,0.103,0.19,Easy
4482,2025-08-13,ORD,TUL,0.012,0.512,0.021,0.069,0.19,Easy
1920,2025-08-09,ORD,LAS,0.001,0.439,0.043,0.217,0.19,Easy
2092,2025-08-04,ORD,LGA,0.002,0.535,0.074,0.011,0.19,Easy
970,2025-08-04,ORD,FCO,0.009,0.353,0.128,0.097,0.19,Easy
3577,2025-08-10,ORD,BWI,0.012,0.541,0.000,0.054,0.19,Easy
5269,2025-08-01,ORD,PIA,0.004,0.512,0.043,0.080,0.19,Easy
2177,2025-08-11,ORD,MSN,0.009,0.403,0.106,0.091,0.19,Easy
729,2025-08-03,ORD,DFW,0.003,0.476,0.074,0.026,0.19,Easy
4568,2025-08-11,ORD,SCE,0.011,0.545,0.000,0.043,0.19,Easy
5819,2025-08-09,ORD,DLH,0.000,0.545,0.032,0.049,0.19,Easy
1377,2025-08-12,ORD,MYR,0.007,0.534,0.011,0.071,0.19,Easy
3694,2025-08-12,ORD,ROC,0.009,0.469,0.074,0.083,0.19,Easy
3536,2025-08-15,ORD,YUL,0.001,0.476,0.085,0.051,0.19,Easy
5795,2025-08-04,ORD,TUL,0.010,0.527,0.000,0.083,0.19,Easy
3700,2025-08-08,ORD,BNA,0.010,0.512,0.074,0.014,0.19,Easy
5608,2025-08-13,ORD,GRB,0.002,0.545,0.000,0.074,0.19,Easy
3696,2025-08-08,ORD,CVG,0.011,0.497,0.000,0.063,0.19,Easy
5099,2025-08-06,ORD,CIU,0.007,0.414,0.160,0.060,0.19,Easy
5859,2025-08-07,ORD,BZN,0.001,0.541,0.000,0.046,0.19,Easy
5038,2025-08-11,ORD,PLN,0.005,0.469,0.053,0.054,0.19,Easy
5984,2025-08-04,ORD,BIL,0.001,0.548,0.000,0.051,0.19,Easy
4436,2025-08-03,ORD,SGF,0.007,0.512,0.064,0.049,0.19,Easy
5607,2025-08-12,ORD,TUS,0.007,0.442,0.085,0.063,0.19,Easy
3696,2025-08-06,ORD,CVG,0.008,0.527,0.043,0.054,0.19,Easy
3535,2025-08-07,ORD,MSN,0.012,0.512,0.000,0.071,0.19,Easy
4517,2025-08-09,ORD,SCE,0.008,0.469,0.043,0.091,0.19,Easy
4748,2025-08-04,ORD,ATW,0.004,0.469,0.043,0.077,0.19,Easy
5493,2025-08-03,ORD,ATW,0.004,0.512,0.000,0.100,0.19,Easy
5124,2025-08-08,ORD,EAU,0.008,0.501,0.011,0.054,0.19,Easy
5358,2025-08-04,ORD,CAK,0.006,0.501,0.032,0.069,0.19,Easy
3641,2025-08-11,ORD,GRR,0.008,0.527,0.000,0.046,0.19,Easy
4481,2025-08-11,ORD,GRR,0.001,0.512,0.085,0.049,0.19,Easy
4645,2025-08-05,ORD,FWA,0.002,0.480,0.074,0.066,0.19,Easy
5852,2025-08-01,ORD,HSV,0.001,0.555,0.032,0.040,0.19,Easy
2672,2025-08-14,ORD,PNS,0.001,0.520,0.074,0.029,0.19,Easy
4502,2025-08-11,ORD,LEX,0.008,0.480,0.021,0.083,0.19,Easy
5099,2025-08-07,ORD,CIU,0.010,0.501,0.074,0.037,0.19,Easy
4791,2025-08-13,ORD,SBN,0.010,0.436,0.021,0.137,0.19,Easy
4502,2025-08-12,ORD,LEX,0.008,0.567,0.000,0.043,0.19,Easy
2182,2025-08-04,ORD,PHL,0.008,0.498,0.032,0.057,0.19,Easy
5448,2025-08-14,ORD,FWA,0.004,0.512,0.043,0.034,0.19,Easy
2090,2025-08-15,ORD,MIA,0.002,0.489,0.106,0.014,0.19,Easy
4791,2025-08-11,ORD,SBN,0.008,0.501,0.000,0.069,0.19,Easy
4739,2025-08-04,ORD,GRB,0.000,0.545,0.021,0.060,0.19,Easy
1576,2025-08-03,ORD,LGA,0.015,0.506,0.032,0.020,0.19,Easy
5836,2025-08-05,ORD,TYS,0.008,0.447,0.117,0.014,0.19,Easy
5521,2025-08-11,ORD,ATW,0.006,0.512,0.000,0.069,0.19,Easy
4554,2025-08-13,ORD,GRB,0.000,0.501,0.064,0.074,0.19,Easy
5444,2025-08-11,ORD,LIT,0.012,0.534,0.021,0.026,0.19,Easy
4426,2025-08-05,ORD,BUF,0.011,0.523,0.064,0.023,0.19,Easy
2177,2025-08-10,ORD,MSN,0.003,0.447,0.074,0.143,0.19,Easy
5021,2025-08-15,ORD,SUX,0.004,0.490,0.043,0.074,0.19,Easy
5963,2025-08-04,ORD,BDL,0.006,0.497,0.074,0.063,0.19,Easy
4588,2025-08-14,ORD,MDT,0.008,0.534,0.000,0.043,0.19,Easy
4558,2025-08-01,ORD,XNA,0.004,0.512,0.000,0.091,0.19,Easy
4186,2025-08-15,ORD,MLI,0.005,0.490,0.064,0.091,0.19,Easy
1848,2025-08-06,ORD,ATL,0.010,0.534,0.021,0.046,0.19,Easy
4458,2025-08-01,ORD,LIT,0.012,0.556,0.021,0.037,0.19,Easy
4476,2025-08-03,ORD,CAE,0.010,0.512,0.021,0.023,0.19,Easy
3610,2025-08-01,ORD,YQB,0.012,0.476,0.043,0.063,0.19,Easy
4778,2025-08-08,ORD,FAR,0.009,0.523,0.000,0.060,0.19,Easy
669,2025-08-10,ORD,AUS,0.013,0.456,0.074,0.046,0.19,Easy
3641,2025-08-01,ORD,GRR,0.001,0.462,0.064,0.063,0.19,Easy
4552,2025-08-12,ORD,DAY,0.001,0.436,0.117,0.071,0.19,Easy
2618,2025-08-11,ORD,STL,0.011,0.447,0.011,0.203,0.19,Easy
1677,2025-08-12,ORD,BOS,0.012,0.522,0.021,0.043,0.19,Easy
1832,2025-08-12,ORD,CMH,0.001,0.525,0.000,0.091,0.19,Easy
3493,2025-08-06,ORD,DTW,0.009,0.433,0.117,0.054,0.19,Easy
1756,2025-08-11,ORD,YYZ,0.014,0.473,0.021,0.131,0.19,Easy
5448,2025-08-11,ORD,FWA,0.004,0.512,0.011,0.054,0.19,Easy
1576,2025-08-14,ORD,LGA,0.009,0.558,0.032,0.020,0.19,Easy
4613,2025-08-04,ORD,STL,0.006,0.556,0.000,0.043,0.19,Easy
970,2025-08-03,ORD,FCO,0.011,0.476,0.064,0.069,0.19,Easy
1273,2025-08-12,ORD,SFO,0.002,0.547,0.021,0.017,0.19,Easy
3603,2025-08-06,ORD,CMH,0.010,0.534,0.021,0.077,0.19,Easy
1097,2025-08-03,ORD,DCA,0.006,0.547,0.032,0.046,0.19,Easy
5493,2025-08-14,ORD,ATW,0.004,0.512,0.053,0.074,0.19,Easy
3571,2025-08-11,ORD,IND,0.009,0.484,0.032,0.066,0.19,Easy
3696,2025-08-11,ORD,CVG,0.011,0.555,0.000,0.063,0.19,Easy
5435,2025-08-07,ORD,BDL,0.012,0.484,0.043,0.054,0.19,Easy
752,2025-08-05,ORD,DCA,0.011,0.495,0.032,0.069,0.19,Easy
5292,2025-08-01,ORD,MTY,0.017,0.491,0.085,0.017,0.19,Easy
4585,2025-08-04,ORD,DAY,0.007,0.469,0.074,0.051,0.19,Easy
4789,2025-08-02,ORD,FAR,0.008,0.519,0.000,0.129,0.19,Easy
4789,2025-08-06,ORD,FAR,0.006,0.458,0.074,0.111,0.19,Easy
3493,2025-08-10,ORD,DTW,0.004,0.469,0.043,0.157,0.19,Easy
4481,2025-08-08,ORD,GRR,0.001,0.512,0.043,0.086,0.19,Easy
5215,2025-08-07,ORD,LNK,0.006,0.523,0.000,0.057,0.19,Easy
5292,2025-08-05,ORD,MTY,0.001,0.528,0.032,0.014,0.19,Easy
1538,2025-08-01,ORD,SAV,0.009,0.482,0.064,0.094,0.19,Easy
1297,2025-08-13,ORD,DFW,0.012,0.534,0.043,0.020,0.19,Easy
356,2025-08-13,ORD,ATL,0.009,0.508,0.032,0.074,0.19,Easy
5444,2025-08-03,ORD,CID,0.010,0.545,0.000,0.057,0.19,Easy
476,2025-08-11,ORD,CVG,0.012,0.534,0.000,0.069,0.19,Easy
276,2025-08-14,ORD,IAD,0.014,0.395,0.128,0.094,0.19,Easy
5382,2025-08-06,ORD,FWA,0.008,0.545,0.043,0.034,0.19,Easy
5094,2025-08-10,ORD,RHI,0.006,0.381,0.149,0.094,0.19,Easy
2232,2025-08-01,ORD,MSP,0.013,0.445,0.053,0.149,0.19,Easy
4173,2025-08-11,ORD,AVL,0.010,0.534,0.021,0.040,0.19,Easy
4529,2025-08-09,ORD,SGF,0.008,0.523,0.000,0.063,0.19,Easy
4479,2025-08-03,ORD,STL,0.012,0.512,0.000,0.109,0.19,Easy
3568,2025-08-04,ORD,YYZ,0.010,0.541,0.011,0.060,0.19,Easy
1946,2025-08-04,ORD,LGA,0.012,0.545,0.000,0.014,0.19,Easy
4645,2025-08-11,ORD,FWA,0.004,0.480,0.043,0.054,0.19,Easy
5505,2025-08-09,ORD,SBN,0.000,0.512,0.074,0.026,0.19,Easy
4461,2025-08-05,ORD,ABE,0.004,0.501,0.064,0.037,0.19,Easy
4426,2025-08-12,ORD,BUF,0.010,0.490,0.064,0.054,0.19,Easy
5521,2025-08-14,ORD,ATW,0.006,0.534,0.000,0.037,0.19,Easy
4549,2025-08-12,ORD,MLI,0.010,0.490,0.053,0.086,0.19,Easy
4476,2025-08-01,ORD,CAE,0.012,0.501,0.043,0.034,0.19,Easy
4552,2025-08-14,ORD,DAY,0.007,0.501,0.011,0.054,0.19,Easy
5398,2025-08-13,ORD,IND,0.007,0.484,0.064,0.077,0.19,Easy
4431,2025-08-06,ORD,MSN,0.003,0.534,0.000,0.063,0.19,Easy
5712,2025-08-14,ORD,GSP,0.011,0.555,0.021,0.031,0.19,Easy
4452,2025-08-07,ORD,RIC,0.008,0.523,0.021,0.034,0.19,Easy
1612,2025-08-09,ORD,MEM,0.017,0.217,0.234,0.126,0.19,Easy
4778,2025-08-05,ORD,FAR,0.009,0.545,0.043,0.031,0.19,Easy
4549,2025-08-15,ORD,MLI,0.007,0.469,0.043,0.066,0.19,Easy
2487,2025-08-09,ORD,PHL,0.006,0.358,0.149,0.143,0.19,Easy
4474,2025-08-09,ORD,AVL,0.001,0.589,0.000,0.049,0.19,Easy
5447,2025-08-12,ORD,PVD,0.008,0.481,0.011,0.094,0.19,Easy
4436,2025-08-10,ORD,SGF,0.007,0.534,0.000,0.026,0.19,Easy
3603,2025-08-05,ORD,CMH,0.010,0.476,0.053,0.103,0.19,Easy
4748,2025-08-12,ORD,ATW,0.001,0.403,0.106,0.131,0.19,Easy
4452,2025-08-06,ORD,RIC,0.008,0.578,0.000,0.046,0.19,Easy
4517,2025-08-04,ORD,SCE,0.004,0.556,0.000,0.057,0.19,Easy
5821,2025-08-02,ORD,MKE,0.000,0.469,0.053,0.154,0.19,Easy
5821,2025-08-04,ORD,MKE,0.008,0.534,0.000,0.066,0.19,Easy
5219,2025-08-14,ORD,GRB,0.004,0.490,0.074,0.057,0.19,Easy
1693,2025-08-04,ORD,DCA,0.012,0.504,0.021,0.031,0.19,Easy
5103,2025-08-04,ORD,JLN,0.005,0.512,0.011,0.063,0.19,Easy
3440,2025-08-07,ORD,YYZ,0.001,0.613,0.000,0.023,0.19,Easy
4173,2025-08-01,ORD,AVL,0.005,0.578,0.000,0.031,0.19,Easy
3708,2025-08-03,ORD,BNA,0.014,0.541,0.000,0.037,0.19,Easy
4584,2025-08-08,ORD,TUL,0.006,0.458,0.043,0.094,0.19,Easy
4445,2025-08-06,ORD,BHM,0.008,0.534,0.032,0.046,0.19,Easy
2343,2025-08-11,ORD,IND,0.014,0.470,0.021,0.149,0.19,Easy
5568,2025-08-08,ORD,MLI,0.000,0.480,0.074,0.100,0.19,Easy
3601,2025-08-04,ORD,YYZ,0.013,0.541,0.000,0.040,0.19,Easy
5470,2025-08-08,ORD,GEG,0.013,0.484,0.085,0.031,0.19,Easy
356,2025-08-14,ORD,ATL,0.011,0.436,0.085,0.060,0.19,Easy
3641,2025-08-03,ORD,GRR,0.008,0.527,0.021,0.094,0.19,Easy
5795,2025-08-08,ORD,TUL,0.010,0.462,0.043,0.083,0.19,Easy
5568,2025-08-15,ORD,MLI,0.000,0.556,0.000,0.086,0.19,Easy
293,2025-08-12,ORD,LGA,0.011,0.463,0.085,0.057,0.19,Easy
4559,2025-08-04,ORD,SDF,0.007,0.480,0.000,0.111,0.19,Easy
5874,2025-08-13,ORD,PIA,0.008,0.480,0.043,0.069,0.19,Easy
5668,2025-08-05,ORD,MKE,0.012,0.501,0.000,0.089,0.19,Easy
5712,2025-08-15,ORD,GSP,0.007,0.498,0.053,0.034,0.19,Easy
5821,2025-08-08,ORD,MKE,0.001,0.512,0.021,0.080,0.19,Easy
5643,2025-08-13,ORD,CAK,0.010,0.512,0.000,0.043,0.19,Easy
1594,2025-08-15,ORD,ABQ,0.005,0.458,0.011,0.146,0.19,Easy
356,2025-08-09,ORD,ATL,0.018,0.421,0.043,0.137,0.19,Easy
2628,2025-08-02,ORD,BNA,0.009,0.420,0.000,0.269,0.19,Easy
5984,2025-08-12,ORD,BIL,0.007,0.534,0.000,0.080,0.19,Easy
729,2025-08-04,ORD,DFW,0.001,0.567,0.032,0.000,0.19,Easy
4517,2025-08-03,ORD,SCE,0.003,0.501,0.074,0.057,0.19,Easy
4461,2025-08-02,ORD,ABE,0.004,0.523,0.021,0.080,0.19,Easy
5472,2025-08-02,ORD,MDT,0.006,0.490,0.085,0.046,0.19,Easy
4613,2025-08-14,ORD,STL,0.007,0.512,0.000,0.089,0.19,Easy
5470,2025-08-11,ORD,GEG,0.013,0.505,0.000,0.046,0.19,Easy
4390,2025-08-09,ORD,CHA,0.004,0.512,0.053,0.051,0.19,Easy
3568,2025-08-14,ORD,YYZ,0.010,0.505,0.043,0.034,0.19,Easy
5729,2025-08-01,ORD,FNT,0.005,0.512,0.000,0.091,0.19,Easy
2691,2025-08-12,ORD,EWR,0.002,0.558,0.021,0.023,0.19,Easy
5269,2025-08-08,ORD,PIA,0.003,0.578,0.000,0.069,0.19,Easy
2232,2025-08-13,ORD,MSP,0.015,0.499,0.011,0.083,0.19,Easy
2011,2025-08-13,ORD,YVR,0.001,0.527,0.021,0.117,0.19,Easy
4458,2025-08-11,ORD,LIT,0.012,0.545,0.021,0.040,0.19,Easy
4391,2025-08-14,ORD,SGF,0.007,0.556,0.000,0.071,0.19,Easy
5275,2025-08-11,ORD,DLH,0.005,0.490,0.043,0.077,0.19,Easy
4778,2025-08-06,ORD,FAR,0.007,0.567,0.000,0.043,0.19,Easy
2251,2025-08-04,ORD,PIT,0.010,0.547,0.011,0.049,0.19,Easy
4517,2025-08-06,ORD,SCE,0.006,0.403,0.096,0.086,0.19,Easy
2144,2025-08-11,ORD,YYZ,0.011,0.508,0.021,0.063,0.19,Easy
4552,2025-08-04,ORD,DAY,0.006,0.480,0.000,0.114,0.19,Easy
5493,2025-08-11,ORD,ATW,0.005,0.556,0.000,0.094,0.19,Easy
5534,2025-08-11,ORD,ICT,0.002,0.501,0.000,0.091,0.19,Easy
4481,2025-08-13,ORD,GRR,0.000,0.534,0.000,0.049,0.19,Easy
5124,2025-08-01,ORD,EAU,0.008,0.534,0.000,0.037,0.19,Easy
1495,2025-08-08,ORD,TVC,0.011,0.391,0.085,0.114,0.19,Easy
729,2025-08-12,ORD,DFW,0.014,0.527,0.043,0.034,0.19,Easy
3694,2025-08-03,ORD,ROC,0.006,0.555,0.000,0.057,0.19,Easy
5358,2025-08-11,ORD,CAK,0.006,0.534,0.000,0.069,0.19,Easy
3440,2025-08-04,ORD,YYZ,0.001,0.505,0.085,0.046,0.19,Easy
276,2025-08-15,ORD,IAD,0.014,0.384,0.043,0.249,0.19,Easy
5122,2025-08-01,ORD,EAU,0.002,0.480,0.106,0.051,0.19,Easy
5337,2025-08-01,ORD,ROA,0.012,0.527,0.021,0.049,0.19,Easy
4780,2025-08-03,ORD,CAK,0.006,0.501,0.000,0.074,0.19,Easy
5292,2025-08-08,ORD,MTY,0.001,0.498,0.053,0.023,0.19,Easy
2629,2025-08-06,ORD,CLE,0.011,0.409,0.074,0.117,0.19,Easy
2189,2025-08-03,ORD,LGA,0.012,0.519,0.043,0.006,0.19,Easy
3571,2025-08-06,ORD,DSM,0.007,0.548,0.000,0.071,0.19,Easy
1933,2025-08-08,ORD,LAS,0.012,0.537,0.011,0.057,0.19,Easy
5821,2025-08-09,ORD,MKE,0.000,0.523,0.000,0.109,0.19,Easy
4529,2025-08-14,ORD,SGF,0.009,0.447,0.074,0.069,0.19,Easy
4389,2025-08-04,ORD,CID,0.013,0.534,0.000,0.077,0.19,Easy
5521,2025-08-02,ORD,ATW,0.006,0.523,0.043,0.051,0.19,Easy
1252,2025-08-01,ORD,DCA,0.001,0.512,0.000,0.083,0.19,Easy
5292,2025-08-11,ORD,MTY,0.017,0.512,0.011,0.034,0.19,Easy
5274,2025-08-14,ORD,SBN,0.003,0.556,0.000,0.083,0.19,Easy
2430,2025-08-14,ORD,BNA,0.013,0.489,0.011,0.103,0.19,Easy
3493,2025-08-04,ORD,DTW,0.009,0.534,0.000,0.091,0.19,Easy
5289,2025-08-10,ORD,CRW,0.007,0.534,0.000,0.066,0.19,Easy
5444,2025-08-09,ORD,CID,0.010,0.480,0.043,0.046,0.19,Easy
1525,2025-08-05,ORD,AUS,0.009,0.495,0.021,0.080,0.19,Easy
2440,2025-08-14,ORD,LAS,0.015,0.503,0.000,0.129,0.19,Easy
5447,2025-08-01,ORD,PVD,0.003,0.575,0.000,0.046,0.19,Easy
5852,2025-08-05,ORD,HSV,0.006,0.455,0.064,0.069,0.19,Easy
5585,2025-08-12,ORD,ATW,0.009,0.556,0.000,0.046,0.19,Easy
4476,2025-08-08,ORD,CAE,0.010,0.523,0.011,0.034,0.19,Easy
4186,2025-08-14,ORD,MLI,0.005,0.469,0.043,0.089,0.19,Easy
5874,2025-08-10,ORD,PIA,0.007,0.447,0.043,0.146,0.19,Easy
669,2025-08-07,ORD,AUS,0.002,0.305,0.245,0.046,0.19,Easy
5219,2025-08-13,ORD,GRB,0.004,0.534,0.000,0.117,0.19,Easy
1658,2025-08-08,ORD,EWR,0.002,0.527,0.011,0.043,0.19,Easy
4584,2025-08-10,ORD,TUL,0.006,0.501,0.032,0.066,0.19,Easy
2364,2025-08-12,ORD,CMH,0.014,0.351,0.106,0.154,0.19,Easy
5646,2025-08-15,ORD,ATW,0.004,0.534,0.011,0.029,0.19,Easy
4476,2025-08-04,ORD,CAE,0.007,0.545,0.000,0.043,0.19,Easy
4600,2025-08-01,ORD,XNA,0.009,0.501,0.064,0.057,0.19,Easy
1301,2025-08-07,ORD,ICT,0.011,0.478,0.000,0.189,0.19,Easy
3571,2025-08-01,ORD,IND,0.010,0.405,0.085,0.120,0.19,Easy
5125,2025-08-04,ORD,CMX,0.011,0.458,0.074,0.043,0.19,Easy
4445,2025-08-13,ORD,BHM,0.007,0.501,0.064,0.069,0.19,Easy
4791,2025-08-06,ORD,SBN,0.010,0.425,0.085,0.094,0.19,Easy
1135,2025-08-10,ORD,SJO,0.010,0.453,0.085,0.057,0.19,Easy
4739,2025-08-01,ORD,GRB,0.007,0.480,0.043,0.077,0.19,Easy
4406,2025-08-04,ORD,TVC,0.000,0.545,0.000,0.060,0.19,Easy
5712,2025-08-01,ORD,GSP,0.011,0.527,0.021,0.060,0.19,Easy
4504,2025-08-14,ORD,CHA,0.012,0.501,0.043,0.034,0.19,Easy
2201,2025-08-08,ORD,MCO,0.012,0.457,0.064,0.111,0.19,Easy
5646,2025-08-11,ORD,ATW,0.008,0.556,0.000,0.049,0.19,Easy
5353,2025-08-13,ORD,GRR,0.006,0.447,0.053,0.077,0.19,Easy
5382,2025-08-14,ORD,FWA,0.012,0.490,0.021,0.049,0.19,Easy
4390,2025-08-01,ORD,CHA,0.006,0.545,0.021,0.029,0.19,Easy
3464,2025-08-04,ORD,PIT,0.011,0.476,0.064,0.049,0.19,Easy
4529,2025-08-11,ORD,SGF,0.009,0.512,0.053,0.060,0.19,Easy
5963,2025-08-08,ORD,BDL,0.009,0.528,0.000,0.026,0.19,Easy
2430,2025-08-05,ORD,BNA,0.010,0.486,0.000,0.106,0.19,Easy
4431,2025-08-11,ORD,MSN,0.008,0.512,0.053,0.057,0.19,Easy
4507,2025-08-04,ORD,CHA,0.006,0.501,0.043,0.054,0.19,Easy
3667,2025-08-09,ORD,GSP,0.011,0.484,0.064,0.029,0.19,Easy
5557,2025-08-05,ORD,OKC,0.008,0.505,0.032,0.071,0.19,Easy
3690,2025-08-11,ORD,IND,0.010,0.491,0.000,0.086,0.19,Easy
4559,2025-08-11,ORD,SDF,0.007,0.534,0.032,0.071,0.19,Easy
3638,2025-08-03,ORD,CHS,0.003,0.613,0.000,0.014,0.19,Easy
5712,2025-08-08,ORD,GSP,0.014,0.527,0.011,0.040,0.19,Easy
5852,2025-08-15,ORD,HSV,0.003,0.512,0.000,0.083,0.19,Easy
3681,2025-08-09,ORD,JAX,0.001,0.541,0.000,0.063,0.19,Easy
1677,2025-08-10,ORD,BOS,0.013,0.525,0.011,0.043,0.19,Easy
5859,2025-08-15,ORD,BZN,0.001,0.577,0.000,0.014,0.19,Easy
1793,2025-08-14,ORD,MSP,0.010,0.543,0.021,0.057,0.19,Easy
5737,2025-08-06,ORD,OMA,0.012,0.455,0.085,0.060,0.19,Easy
3440,2025-08-12,ORD,YYZ,0.001,0.541,0.043,0.020,0.19,Easy
4585,2025-08-06,ORD,DAY,0.007,0.523,0.000,0.069,0.19,Easy
5564,2025-08-08,ORD,SBN,0.007,0.469,0.064,0.080,0.19,Easy
5521,2025-08-10,ORD,ATW,0.006,0.469,0.043,0.060,0.19,Easy
5125,2025-08-10,ORD,CMX,0.011,0.480,0.011,0.080,0.19,Easy
3690,2025-08-03,ORD,IND,0.008,0.455,0.000,0.143,0.19,Easy
5731,2025-08-01,ORD,STL,0.008,0.548,0.000,0.074,0.19,Easy
1413,2025-08-08,ORD,LGA,0.001,0.565,0.032,0.023,0.19,Easy
4530,2025-08-14,ORD,SGF,0.008,0.545,0.000,0.051,0.19,Easy
5425,2025-08-13,ORD,STL,0.007,0.512,0.000,0.063,0.19,Easy
4611,2025-08-12,ORD,MDT,0.010,0.490,0.032,0.043,0.19,Easy
2385,2025-08-15,ORD,MSO,0.016,0.479,0.011,0.114,0.19,Easy
1564,2025-08-10,ORD,MSP,0.013,0.417,0.053,0.143,0.19,Easy
4559,2025-08-07,ORD,SDF,0.008,0.534,0.000,0.074,0.19,Easy
4552,2025-08-10,ORD,DAY,0.006,0.501,0.000,0.089,0.19,Easy
2133,2025-08-14,ORD,EWR,0.013,0.531,0.011,0.066,0.19,Easy
1068,2025-08-09,ORD,IAD,0.001,0.463,0.032,0.140,0.19,Easy
5821,2025-08-15,ORD,MKE,0.006,0.469,0.053,0.049,0.19,Easy
2488,2025-08-05,ORD,LGA,0.012,0.552,0.000,0.031,0.19,Easy
2414,2025-08-03,ORD,BNA,0.012,0.512,0.000,0.123,0.19,Easy
3638,2025-08-15,ORD,CHS,0.007,0.527,0.032,0.029,0.19,Easy
5344,2025-08-03,ORD,MBS,0.005,0.512,0.021,0.049,0.19,Easy
4389,2025-08-08,ORD,CID,0.010,0.523,0.000,0.029,0.19,Easy
1156,2025-08-15,ORD,MSY,0.011,0.363,0.149,0.100,0.19,Easy
4185,2025-08-14,ORD,STL,0.003,0.545,0.000,0.086,0.19,Easy
769,2025-08-14,ORD,BCN,0.003,0.384,0.074,0.249,0.19,Easy
1129,2025-08-10,ORD,BOS,0.010,0.539,0.011,0.057,0.19,Easy
5607,2025-08-11,ORD,TUS,0.001,0.512,0.032,0.069,0.19,Easy
3601,2025-08-07,ORD,YYZ,0.013,0.519,0.053,0.011,0.19,Easy
5447,2025-08-07,ORD,PVD,0.008,0.489,0.053,0.023,0.19,Easy
4549,2025-08-14,ORD,MLI,0.010,0.480,0.085,0.060,0.19,Easy
4387,2025-08-12,ORD,CID,0.005,0.469,0.074,0.094,0.19,Easy
4563,2025-08-15,ORD,FSD,0.006,0.545,0.000,0.066,0.19,Easy
5841,2025-08-07,ORD,MEM,0.010,0.450,0.085,0.066,0.19,Easy
5038,2025-08-04,ORD,PLN,0.002,0.523,0.032,0.106,0.19,Easy
5564,2025-08-06,ORD,SBN,0.007,0.512,0.000,0.117,0.19,Easy
3451,2025-08-07,ORD,PWM,0.008,0.484,0.074,0.026,0.19,Easy
2618,2025-08-15,ORD,STL,0.011,0.396,0.043,0.174,0.19,Easy
2370,2025-08-12,ORD,BOS,0.011,0.433,0.064,0.100,0.19,Easy
5118,2025-08-03,ORD,PLN,0.008,0.490,0.053,0.043,0.19,Easy
5230,2025-08-03,ORD,CRW,0.004,0.512,0.064,0.063,0.19,Easy
5564,2025-08-15,ORD,SBN,0.007,0.458,0.021,0.129,0.19,Easy
1205,2025-08-06,ORD,EWR,0.001,0.503,0.043,0.040,0.19,Easy
4445,2025-08-08,ORD,BHM,0.007,0.512,0.021,0.063,0.19,Easy
5505,2025-08-02,ORD,SBN,0.002,0.512,0.021,0.060,0.19,Easy
5124,2025-08-13,ORD,EAU,0.008,0.501,0.000,0.097,0.19,Easy
4613,2025-08-05,ORD,STL,0.008,0.534,0.000,0.060,0.19,Easy
5234,2025-08-07,ORD,MKE,0.002,0.480,0.117,0.040,0.19,Easy
561,2025-08-10,ORD,MCI,0.011,0.542,0.000,0.074,0.19,Easy
3451,2025-08-08,ORD,PWM,0.005,0.534,0.043,0.040,0.19,Easy
5125,2025-08-06,ORD,CMX,0.011,0.490,0.064,0.054,0.19,Easy
2104,2025-08-08,ORD,BOS,0.003,0.515,0.064,0.034,0.19,Easy
4461,2025-08-01,ORD,ABE,0.004,0.512,0.064,0.011,0.19,Easy
2666,2025-08-06,ORD,DEN,0.002,0.526,0.053,0.029,0.19,Easy
4481,2025-08-05,ORD,GRR,0.001,0.578,0.000,0.080,0.19,Easy
1980,2025-08-05,ORD,LGA,0.004,0.532,0.011,0.020,0.19,Easy
5557,2025-08-08,ORD,OKC,0.007,0.491,0.000,0.103,0.19,Easy
602,2025-08-06,ORD,PHX,0.011,0.430,0.021,0.137,0.19,Easy
2302,2025-08-05,ORD,BWI,0.001,0.487,0.043,0.089,0.19,Easy
3569,2025-08-15,ORD,DTW,0.010,0.519,0.000,0.083,0.19,Easy
5585,2025-08-08,ORD,ATW,0.009,0.501,0.000,0.063,0.19,Easy
5819,2025-08-15,ORD,DLH,0.006,0.523,0.011,0.077,0.19,Easy
5269,2025-08-11,ORD,PIA,0.004,0.534,0.000,0.060,0.19,Easy
5353,2025-08-01,ORD,GRR,0.006,0.490,0.000,0.097,0.19,Easy
2378,2025-08-15,ORD,LAX,0.013,0.308,0.053,0.160,0.18,Easy
3536,2025-08-06,ORD,YUL,0.015,0.491,0.000,0.023,0.18,Easy
5260,2025-08-08,ORD,FSD,0.005,0.523,0.000,0.037,0.18,Easy
5874,2025-08-08,ORD,PIA,0.008,0.392,0.085,0.034,0.18,Easy
1920,2025-08-11,ORD,LAS,0.013,0.366,0.053,0.083,0.18,Easy
4502,2025-08-07,ORD,LEX,0.008,0.436,0.064,0.023,0.18,Easy
5843,2025-08-14,ORD,ECP,0.010,0.498,0.000,0.020,0.18,Easy
5643,2025-08-07,ORD,CAK,0.010,0.436,0.053,0.049,0.18,Easy
2343,2025-08-08,ORD,IND,0.014,0.390,0.021,0.134,0.18,Easy
4461,2025-08-06,ORD,ABE,0.004,0.490,0.043,0.006,0.18,Easy
2343,2025-08-10,ORD,IND,0.013,0.378,0.011,0.180,0.18,Easy
2092,2025-08-13,ORD,LGA,0.007,0.470,0.032,0.054,0.18,Easy
3493,2025-08-01,ORD,DTW,0.009,0.448,0.000,0.094,0.18,Easy
5289,2025-08-11,ORD,CRW,0.007,0.512,0.000,0.031,0.18,Easy
4504,2025-08-07,ORD,CHA,0.009,0.480,0.000,0.029,0.18,Easy
3641,2025-08-15,ORD,GRR,0.003,0.527,0.000,0.034,0.18,Easy
5821,2025-08-06,ORD,MKE,0.008,0.469,0.000,0.083,0.18,Easy
5395,2025-08-06,ORD,GSO,0.009,0.442,0.032,0.043,0.18,Easy
3535,2025-08-11,ORD,MSN,0.012,0.462,0.000,0.043,0.18,Easy
5874,2025-08-07,ORD,PIA,0.007,0.490,0.000,0.071,0.18,Easy
4502,2025-08-01,ORD,LEX,0.008,0.490,0.000,0.071,0.18,Easy
5435,2025-08-05,ORD,BDL,0.009,0.484,0.000,0.063,0.18,Easy
2387,2025-08-08,ORD,MCO,0.002,0.494,0.000,0.086,0.18,Easy
5414,2025-08-10,ORD,MEM,0.010,0.490,0.000,0.071,0.18,Easy
445,2025-08-10,ORD,ANC,0.013,0.345,0.064,0.140,0.18,Easy
5593,2025-08-05,ORD,MEM,0.011,0.441,0.021,0.049,0.18,Easy
4425,2025-08-13,ORD,GRR,0.004,0.490,0.000,0.069,0.18,Easy
556,2025-08-04,ORD,CLT,0.002,0.470,0.064,0.040,0.18,Easy
4588,2025-08-04,ORD,MDT,0.008,0.480,0.000,0.046,0.18,Easy
5380,2025-08-08,ORD,MSY,0.001,0.484,0.021,0.083,0.18,Easy
5234,2025-08-05,ORD,MKE,0.010,0.447,0.043,0.017,0.18,Easy
4791,2025-08-07,ORD,SBN,0.010,0.480,0.000,0.043,0.18,Easy
5099,2025-08-15,ORD,CIU,0.010,0.458,0.000,0.037,0.18,Easy
5021,2025-08-08,ORD,SUX,0.004,0.403,0.064,0.074,0.18,Easy
5405,2025-08-14,ORD,SCE,0.010,0.436,0.000,0.091,0.18,Easy
5557,2025-08-06,ORD,OKC,0.008,0.441,0.021,0.037,0.18,Easy
4390,2025-08-05,ORD,CHA,0.009,0.425,0.021,0.069,0.18,Easy
3690,2025-08-08,ORD,IND,0.009,0.469,0.043,0.043,0.18,Easy
4476,2025-08-05,ORD,CAE,0.010,0.501,0.011,0.014,0.18,Easy
2104,2025-08-11,ORD,BOS,0.003,0.494,0.000,0.003,0.18,Easy
2347,2025-08-01,ORD,CLE,0.006,0.371,0.064,0.114,0.18,Easy
5358,2025-08-07,ORD,CAK,0.006,0.480,0.000,0.054,0.18,Easy
5234,2025-08-11,ORD,MKE,0.010,0.469,0.000,0.014,0.18,Easy
3690,2025-08-14,ORD,IND,0.010,0.412,0.043,0.114,0.18,Easy
286,2025-08-10,ORD,CLE,0.001,0.440,0.021,0.154,0.18,Easy
3571,2025-08-07,ORD,IND,0.009,0.476,0.021,0.066,0.18,Easy
4739,2025-08-11,ORD,GRB,0.006,0.512,0.000,0.057,0.18,Easy
5852,2025-08-09,ORD,HSV,0.008,0.462,0.011,0.043,0.18,Easy
2487,2025-08-04,ORD,PHL,0.001,0.476,0.021,0.037,0.18,Easy
4431,2025-08-15,ORD,MSN,0.006,0.512,0.000,0.014,0.18,Easy
5234,2025-08-12,ORD,MKE,0.010,0.469,0.000,0.029,0.18,Easy
1975,2025-08-11,ORD,ATL,0.001,0.512,0.021,0.037,0.18,Easy
1980,2025-08-11,ORD,LGA,0.000,0.476,0.021,0.017,0.18,Easy
1100,2025-08-11,ORD,PDX,0.010,0.428,0.021,0.037,0.18,Easy
4789,2025-08-14,ORD,FAR,0.008,0.433,0.000,0.146,0.18,Easy
5405,2025-08-15,ORD,SCE,0.010,0.458,0.000,0.091,0.18,Easy
5275,2025-08-07,ORD,DLH,0.005,0.458,0.000,0.066,0.18,Easy
3426,2025-08-02,ORD,IND,0.006,0.476,0.000,0.097,0.18,Easy
4542,2025-08-15,ORD,LIT,0.005,0.360,0.106,0.054,0.18,Easy
4445,2025-08-11,ORD,BHM,0.007,0.501,0.000,0.051,0.18,Easy
708,2025-08-14,ORD,MCI,0.013,0.443,0.000,0.080,0.18,Easy
3685,2025-08-04,ORD,DTW,0.011,0.481,0.000,0.031,0.18,Easy
3464,2025-08-08,ORD,PIT,0.004,0.476,0.000,0.089,0.18,Easy
5532,2025-08-04,ORD,MCI,0.001,0.512,0.000,0.066,0.18,Easy
3568,2025-08-09,ORD,YYZ,0.001,0.448,0.032,0.057,0.18,Easy
1975,2025-08-09,ORD,ATL,0.009,0.348,0.074,0.083,0.18,Easy
5230,2025-08-07,ORD,CRW,0.010,0.381,0.106,0.051,0.18,Easy
5841,2025-08-14,ORD,MEM,0.010,0.362,0.085,0.083,0.18,Easy
5122,2025-08-10,ORD,EAU,0.008,0.403,0.053,0.049,0.18,Easy
5490,2025-08-10,ORD,YYZ,0.001,0.498,0.000,0.046,0.18,Easy
4426,2025-08-04,ORD,BUF,0.003,0.490,0.000,0.026,0.18,Easy
3708,2025-08-14,ORD,BNA,0.009,0.481,0.000,0.040,0.18,Easy
5405,2025-08-10,ORD,SCE,0.010,0.436,0.021,0.074,0.18,Easy
5118,2025-08-09,ORD,PLN,0.008,0.414,0.085,0.040,0.18,Easy
5795,2025-08-12,ORD,TUL,0.010,0.419,0.000,0.086,0.18,Easy
1975,2025-08-06,ORD,ATL,0.001,0.465,0.053,0.063,0.18,Easy
4558,2025-08-06,ORD,XNA,0.008,0.490,0.000,0.026,0.18,Easy
5376,2025-08-08,ORD,LEX,0.007,0.411,0.043,0.071,0.18,Easy
3498,2025-08-06,ORD,CVG,0.011,0.469,0.011,0.029,0.18,Easy
3635,2025-08-14,ORD,MSN,0.010,0.484,0.000,0.071,0.18,Easy
1413,2025-08-04,ORD,LGA,0.009,0.519,0.000,0.003,0.18,Easy
2494,2025-08-12,ORD,MCI,0.015,0.336,0.011,0.226,0.18,Easy
5557,2025-08-04,ORD,OKC,0.006,0.455,0.032,0.091,0.18,Easy
4501,2025-08-07,ORD,AVP,0.004,0.469,0.032,0.034,0.18,Easy
3635,2025-08-05,ORD,MSN,0.004,0.484,0.043,0.029,0.18,Easy
5437,2025-08-14,ORD,DLH,0.010,0.458,0.000,0.037,0.18,Easy
5353,2025-08-14,ORD,GRR,0.005,0.480,0.000,0.083,0.18,Easy
476,2025-08-14,ORD,CVG,0.009,0.439,0.032,0.097,0.18,Easy
3571,2025-08-09,ORD,IND,0.007,0.433,0.021,0.117,0.18,Easy
4380,2025-08-15,ORD,SYR,0.001,0.480,0.000,0.086,0.18,Easy
729,2025-08-02,ORD,DFW,0.007,0.389,0.074,0.083,0.18,Easy
5646,2025-08-14,ORD,ATW,0.008,0.490,0.000,0.046,0.18,Easy
4568,2025-08-09,ORD,SCE,0.009,0.490,0.021,0.034,0.18,Easy
3498,2025-08-12,ORD,CVG,0.011,0.527,0.000,0.014,0.18,Easy
563,2025-08-04,ORD,EWR,0.002,0.510,0.021,0.014,0.18,Easy
3536,2025-08-07,ORD,YUL,0.014,0.448,0.000,0.037,0.18,Easy
5819,2025-08-05,ORD,DLH,0.006,0.480,0.021,0.029,0.18,Easy
5414,2025-08-07,ORD,MEM,0.013,0.426,0.064,0.063,0.18,Easy
556,2025-08-13,ORD,CLT,0.007,0.394,0.064,0.120,0.18,Easy
5323,2025-08-03,ORD,CID,0.004,0.455,0.000,0.071,0.18,Easy
5603,2025-08-06,ORD,FNT,0.006,0.371,0.085,0.080,0.18,Easy
4718,2025-08-14,ORD,DAY,0.006,0.501,0.000,0.071,0.18,Easy
4445,2025-08-12,ORD,BHM,0.008,0.512,0.000,0.029,0.18,Easy
970,2025-08-09,ORD,FCO,0.016,0.360,0.021,0.149,0.18,Easy
4461,2025-08-11,ORD,ABE,0.004,0.469,0.053,0.034,0.18,Easy
356,2025-08-05,ORD,ATL,0.007,0.460,0.011,0.051,0.18,Easy
3610,2025-08-05,ORD,YQB,0.008,0.462,0.053,0.037,0.18,Easy
3603,2025-08-15,ORD,CMH,0.010,0.442,0.000,0.063,0.18,Easy
5444,2025-08-06,ORD,LIT,0.012,0.458,0.000,0.034,0.18,Easy
3690,2025-08-06,ORD,IND,0.012,0.491,0.000,0.057,0.18,Easy
4502,2025-08-15,ORD,LEX,0.003,0.490,0.011,0.060,0.18,Easy
5360,2025-08-07,ORD,MBS,0.004,0.425,0.043,0.040,0.18,Easy
5358,2025-08-14,ORD,CAK,0.006,0.512,0.000,0.029,0.18,Easy
4481,2025-08-10,ORD,GRR,0.013,0.371,0.064,0.080,0.18,Easy
1612,2025-08-11,ORD,MEM,0.010,0.391,0.032,0.169,0.18,Easy
5362,2025-08-10,ORD,MKE,0.005,0.469,0.021,0.071,0.18,Easy
1358,2025-08-11,ORD,RDU,0.001,0.495,0.000,0.080,0.18,Easy
3610,2025-08-07,ORD,YQB,0.008,0.505,0.000,0.051,0.18,Easy
5565,2025-08-15,ORD,CHO,0.010,0.469,0.032,0.043,0.18,Easy
4461,2025-08-14,ORD,ABE,0.004,0.512,0.000,0.034,0.18,Easy
4173,2025-08-15,ORD,AVL,0.004,0.447,0.021,0.034,0.18,Easy
4585,2025-08-11,ORD,DAY,0.008,0.490,0.000,0.054,0.18,Easy
5124,2025-08-15,ORD,EAU,0.008,0.403,0.043,0.057,0.18,Easy
5795,2025-08-15,ORD,TUL,0.008,0.383,0.064,0.131,0.18,Easy
4468,2025-08-05,ORD,LEX,0.008,0.447,0.011,0.063,0.18,Easy
3690,2025-08-15,ORD,IND,0.010,0.412,0.032,0.106,0.18,Easy
5470,2025-08-07,ORD,GEG,0.011,0.491,0.000,0.066,0.18,Easy
307,2025-08-14,ORD,COS,0.010,0.415,0.043,0.069,0.18,Easy
3690,2025-08-13,ORD,IND,0.010,0.455,0.000,0.097,0.18,Easy
4791,2025-08-04,ORD,SBN,0.008,0.458,0.000,0.037,0.18,Easy
3440,2025-08-15,ORD,YYZ,0.001,0.484,0.021,0.051,0.18,Easy
5930,2025-08-10,ORD,FAR,0.004,0.501,0.000,0.046,0.18,Easy
4173,2025-08-06,ORD,AVL,0.004,0.447,0.064,0.043,0.18,Easy
5946,2025-08-14,ORD,RAP,0.005,0.466,0.000,0.114,0.18,Easy
4482,2025-08-07,ORD,TUL,0.010,0.436,0.043,0.046,0.18,Easy
1933,2025-08-12,ORD,LAS,0.002,0.390,0.074,0.057,0.18,Easy
4390,2025-08-08,ORD,CHA,0.009,0.512,0.000,0.031,0.18,Easy
5444,2025-08-15,ORD,LIT,0.012,0.414,0.043,0.040,0.18,Easy
5344,2025-08-11,ORD,MBS,0.004,0.480,0.021,0.060,0.18,Easy
4380,2025-08-13,ORD,SYR,0.013,0.458,0.043,0.037,0.18,Easy
3635,2025-08-04,ORD,MSN,0.003,0.466,0.000,0.049,0.18,Easy
4568,2025-08-04,ORD,SCE,0.010,0.501,0.000,0.006,0.18,Easy
5447,2025-08-04,ORD,PVD,0.006,0.497,0.000,0.054,0.18,Easy
1252,2025-08-03,ORD,DCA,0.001,0.460,0.021,0.097,0.18,Easy
5795,2025-08-01,ORD,TUL,0.001,0.498,0.000,0.071,0.18,Easy
1477,2025-08-10,ORD,PHX,0.014,0.375,0.074,0.029,0.18,Easy
4610,2025-08-11,ORD,XNA,0.008,0.425,0.043,0.029,0.18,Easy
3700,2025-08-01,ORD,BNA,0.010,0.512,0.000,0.034,0.18,Easy
4610,2025-08-04,ORD,XNA,0.013,0.480,0.011,0.020,0.18,Easy
4406,2025-08-11,ORD,TVC,0.001,0.534,0.000,0.034,0.18,Easy
476,2025-08-12,ORD,CVG,0.009,0.439,0.000,0.080,0.18,Easy
5094,2025-08-08,ORD,RHI,0.003,0.469,0.000,0.051,0.18,Easy
3440,2025-08-05,ORD,YYZ,0.001,0.527,0.000,0.034,0.18,Easy
1941,2025-08-13,ORD,CVG,0.010,0.387,0.064,0.126,0.18,Easy
5427,2025-08-05,ORD,PIA,0.003,0.480,0.000,0.074,0.18,Easy
4451,2025-08-10,ORD,DTW,0.000,0.469,0.000,0.046,0.18,Easy
2361,2025-08-08,ORD,LAX,0.001,0.487,0.000,0.026,0.18,Easy
1975,2025-08-12,ORD,ATL,0.001,0.499,0.043,0.031,0.18,Easy
5521,2025-08-08,ORD,ATW,0.006,0.469,0.000,0.057,0.18,Easy
2414,2025-08-05,ORD,BNA,0.012,0.450,0.043,0.046,0.18,Easy
2225,2025-08-13,ORD,PHX,0.010,0.330,0.106,0.074,0.18,Easy
2251,2025-08-05,ORD,PIT,0.012,0.478,0.000,0.040,0.18,Easy
5763,2025-08-06,ORD,TUL,0.014,0.419,0.043,0.054,0.18,Easy
5852,2025-08-11,ORD,HSV,0.008,0.398,0.053,0.083,0.18,Easy
476,2025-08-01,ORD,CVG,0.011,0.417,0.021,0.074,0.18,Easy
2691,2025-08-04,ORD,EWR,0.002,0.537,0.011,0.014,0.18,Easy
4460,2025-08-10,ORD,ROC,0.001,0.490,0.043,0.043,0.18,Easy
1413,2025-08-05,ORD,LGA,0.011,0.473,0.053,0.006,0.18,Easy
1612,2025-08-07,ORD,MEM,0.007,0.400,0.000,0.123,0.18,Easy
3464,2025-08-07,ORD,PIT,0.003,0.476,0.000,0.083,0.18,Easy
5821,2025-08-05,ORD,MKE,0.006,0.501,0.000,0.054,0.18,Easy
4542,2025-08-04,ORD,LIT,0.005,0.458,0.000,0.057,0.18,Easy
2232,2025-08-12,ORD,MSP,0.009,0.440,0.053,0.054,0.18,Easy
1381,2025-08-03,ORD,DCA,0.001,0.439,0.053,0.046,0.18,Easy
5382,2025-08-05,ORD,FWA,0.007,0.436,0.021,0.066,0.18,Easy
4468,2025-08-07,ORD,LEX,0.008,0.512,0.000,0.037,0.18,Easy
3571,2025-08-15,ORD,IND,0.009,0.419,0.021,0.060,0.18,Easy
5362,2025-08-04,ORD,MKE,0.003,0.458,0.032,0.077,0.18,Easy
5382,2025-08-02,ORD,FWA,0.008,0.480,0.000,0.060,0.18,Easy
4613,2025-08-07,ORD,STL,0.007,0.480,0.000,0.051,0.18,Easy
1010,2025-08-01,ORD,DCA,0.009,0.407,0.032,0.069,0.18,Easy
5836,2025-08-01,ORD,TYS,0.008,0.512,0.011,0.034,0.18,Easy
356,2025-08-07,ORD,ATL,0.009,0.469,0.032,0.054,0.18,Easy
2487,2025-08-11,ORD,PHL,0.012,0.410,0.053,0.063,0.18,Easy
769,2025-08-12,ORD,BCN,0.011,0.319,0.053,0.223,0.18,Easy
5984,2025-08-14,ORD,BIL,0.007,0.505,0.000,0.043,0.18,Easy
5382,2025-08-04,ORD,FWA,0.008,0.480,0.000,0.049,0.18,Easy
4563,2025-08-01,ORD,FSD,0.011,0.512,0.000,0.017,0.18,Easy
4502,2025-08-14,ORD,LEX,0.008,0.447,0.000,0.089,0.18,Easy
1899,2025-08-06,ORD,YYC,0.008,0.465,0.000,0.066,0.18,Easy
3708,2025-08-07,ORD,BNA,0.014,0.455,0.000,0.051,0.18,Easy
5643,2025-08-10,ORD,CAK,0.001,0.360,0.117,0.037,0.18,Easy
5230,2025-08-14,ORD,CRW,0.010,0.490,0.000,0.040,0.18,Easy
4185,2025-08-06,ORD,STL,0.003,0.458,0.000,0.054,0.18,Easy
5272,2025-08-02,ORD,MSN,0.007,0.447,0.000,0.097,0.18,Easy
5219,2025-08-03,ORD,GRB,0.004,0.480,0.000,0.037,0.18,Easy
3614,2025-08-15,ORD,MCI,0.009,0.419,0.021,0.060,0.18,Easy
1082,2025-08-07,ORD,PIT,0.013,0.454,0.021,0.054,0.18,Easy
5140,2025-08-03,ORD,CMX,0.003,0.490,0.000,0.023,0.18,Easy
4186,2025-08-09,ORD,MLI,0.005,0.458,0.021,0.103,0.18,Easy
5262,2025-08-04,ORD,LNK,0.012,0.458,0.043,0.031,0.18,Easy
2040,2025-08-12,ORD,DEN,0.009,0.327,0.096,0.149,0.18,Easy
5447,2025-08-11,ORD,PVD,0.008,0.484,0.032,0.040,0.18,Easy
729,2025-08-09,ORD,DFW,0.007,0.400,0.085,0.069,0.18,Easy
3708,2025-08-01,ORD,BNA,0.014,0.505,0.000,0.023,0.18,Easy
4504,2025-08-13,ORD,CHA,0.000,0.458,0.000,0.106,0.18,Easy
2251,2025-08-06,ORD,PIT,0.001,0.413,0.074,0.040,0.18,Easy
4568,2025-08-06,ORD,SCE,0.011,0.512,0.000,0.017,0.18,Easy
1297,2025-08-06,ORD,DFW,0.011,0.469,0.000,0.023,0.18,Easy
5398,2025-08-15,ORD,IND,0.007,0.448,0.000,0.094,0.18,Easy
4481,2025-08-14,ORD,GRR,0.000,0.425,0.000,0.120,0.18,Easy
5026,2025-08-03,ORD,JST,0.008,0.425,0.074,0.020,0.18,Easy
2640,2025-08-13,ORD,DCA,0.032,0.417,0.011,0.060,0.18,Easy
5447,2025-08-15,ORD,PVD,0.008,0.512,0.011,0.031,0.18,Easy
1491,2025-08-11,ORD,DFW,0.010,0.512,0.000,0.040,0.18,Easy
4778,2025-08-11,ORD,FAR,0.009,0.469,0.000,0.017,0.18,Easy
1198,2025-08-12,ORD,CUN,0.015,0.485,0.000,0.037,0.18,Easy
4588,2025-08-08,ORD,MDT,0.004,0.490,0.021,0.060,0.18,Easy
5272,2025-08-09,ORD,MSN,0.008,0.480,0.000,0.051,0.18,Easy
970,2025-08-13,ORD,FCO,0.002,0.336,0.106,0.146,0.18,Easy
4600,2025-08-11,ORD,XNA,0.010,0.512,0.000,0.029,0.18,Easy
1297,2025-08-15,ORD,DFW,0.012,0.447,0.021,0.020,0.18,Easy
5493,2025-08-01,ORD,ATW,0.004,0.490,0.000,0.083,0.18,Easy
5726,2025-08-10,ORD,TYS,0.010,0.403,0.085,0.043,0.18,Easy
1297,2025-08-11,ORD,DFW,0.009,0.512,0.000,0.020,0.18,Easy
1980,2025-08-06,ORD,LGA,0.001,0.433,0.106,0.026,0.18,Easy
4387,2025-08-07,ORD,CID,0.006,0.425,0.043,0.100,0.18,Easy
1139,2025-08-12,ORD,DSM,0.009,0.417,0.000,0.089,0.18,Easy
380,2025-08-12,ORD,JAX,0.012,0.318,0.170,0.026,0.18,Easy
3700,2025-08-11,ORD,BNA,0.008,0.476,0.000,0.037,0.18,Easy
5360,2025-08-01,ORD,MBS,0.012,0.490,0.000,0.049,0.18,Easy
3700,2025-08-04,ORD,BNA,0.008,0.512,0.000,0.011,0.18,Easy
2251,2025-08-10,ORD,PIT,0.010,0.434,0.053,0.071,0.18,Easy
5585,2025-08-07,ORD,ATW,0.008,0.425,0.053,0.029,0.18,Easy
4597,2025-08-11,ORD,ROA,0.012,0.447,0.000,0.063,0.18,Easy
4610,2025-08-12,ORD,XNA,0.013,0.512,0.000,0.017,0.18,Easy
5380,2025-08-10,ORD,MSY,0.001,0.469,0.032,0.066,0.18,Easy
5748,2025-08-04,ORD,YWG,0.001,0.458,0.021,0.063,0.18,Easy
1156,2025-08-02,ORD,MSY,0.008,0.290,0.128,0.166,0.18,Easy
769,2025-08-02,ORD,BCN,0.008,0.327,0.043,0.260,0.18,Easy
3694,2025-08-06,ORD,ROC,0.008,0.462,0.000,0.069,0.18,Easy
1113,2025-08-06,ORD,ALB,0.013,0.351,0.074,0.097,0.18,Easy
5585,2025-08-11,ORD,ATW,0.009,0.469,0.000,0.049,0.18,Easy
4739,2025-08-05,ORD,GRB,0.008,0.414,0.032,0.051,0.18,Easy
5577,2025-08-06,ORD,JAX,0.000,0.484,0.011,0.043,0.18,Easy
1658,2025-08-04,ORD,EWR,0.002,0.521,0.000,0.023,0.18,Easy
2225,2025-08-12,ORD,PHX,0.009,0.400,0.064,0.054,0.18,Easy
4584,2025-08-03,ORD,TUL,0.006,0.480,0.000,0.097,0.18,Easy
5521,2025-08-07,ORD,ATW,0.002,0.523,0.000,0.051,0.18,Easy
276,2025-08-01,ORD,IAD,0.015,0.392,0.000,0.191,0.18,Easy
5360,2025-08-05,ORD,MBS,0.012,0.458,0.021,0.014,0.18,Easy
3568,2025-08-12,ORD,YYZ,0.008,0.512,0.000,0.043,0.18,Easy
5729,2025-08-15,ORD,FNT,0.003,0.392,0.085,0.057,0.18,Easy
791,2025-08-12,ORD,DEN,0.010,0.501,0.000,0.029,0.18,Easy
5643,2025-08-01,ORD,CAK,0.001,0.490,0.000,0.046,0.18,Easy
752,2025-08-07,ORD,DCA,0.013,0.414,0.021,0.060,0.18,Easy
5603,2025-08-10,ORD,FNT,0.005,0.436,0.064,0.077,0.18,Easy
4380,2025-08-01,ORD,SYR,0.001,0.512,0.000,0.043,0.18,Easy
4585,2025-08-05,ORD,DAY,0.005,0.458,0.043,0.063,0.18,Easy
587,2025-08-10,ORD,YUL,0.011,0.414,0.000,0.151,0.18,Easy
4780,2025-08-08,ORD,CAK,0.007,0.469,0.021,0.037,0.18,Easy
3523,2025-08-04,ORD,RIC,0.012,0.469,0.000,0.080,0.18,Easy
5585,2025-08-05,ORD,ATW,0.008,0.436,0.043,0.046,0.18,Easy
3422,2025-08-10,ORD,DTW,0.007,0.412,0.032,0.097,0.18,Easy
4504,2025-08-12,ORD,CHA,0.009,0.490,0.000,0.014,0.18,Easy
5836,2025-08-04,ORD,TYS,0.003,0.480,0.000,0.023,0.18,Easy
1832,2025-08-06,ORD,CMH,0.001,0.482,0.011,0.046,0.18,Easy
5601,2025-08-09,ORD,FNT,0.009,0.392,0.085,0.077,0.18,Easy
5140,2025-08-13,ORD,CMX,0.008,0.501,0.000,0.066,0.18,Easy
5395,2025-08-02,ORD,GSO,0.008,0.489,0.011,0.049,0.18,Easy
5272,2025-08-06,ORD,MSN,0.001,0.469,0.011,0.074,0.18,Easy
5427,2025-08-06,ORD,PIA,0.008,0.425,0.043,0.051,0.18,Easy
411,2025-08-12,ORD,DTW,0.009,0.391,0.085,0.077,0.18,Easy
1793,2025-08-04,ORD,MSP,0.016,0.478,0.000,0.063,0.18,Easy
1097,2025-08-04,ORD,DCA,0.010,0.499,0.011,0.046,0.18,Easy
2225,2025-08-15,ORD,PHX,0.009,0.400,0.043,0.089,0.18,Easy
5275,2025-08-02,ORD,DLH,0.006,0.480,0.011,0.077,0.18,Easy
4588,2025-08-15,ORD,MDT,0.004,0.512,0.000,0.049,0.18,Easy
2629,2025-08-09,ORD,CLE,0.001,0.384,0.106,0.057,0.18,Easy
1941,2025-08-15,ORD,CVG,0.010,0.387,0.053,0.123,0.18,Easy
4559,2025-08-01,ORD,SDF,0.007,0.512,0.000,0.029,0.18,Easy
5646,2025-08-04,ORD,ATW,0.004,0.501,0.000,0.040,0.18,Easy
5948,2025-08-15,ORD,BNA,0.003,0.462,0.000,0.103,0.18,Easy
3535,2025-08-13,ORD,MSN,0.012,0.455,0.011,0.063,0.18,Easy
4507,2025-08-01,ORD,CHA,0.006,0.469,0.000,0.077,0.18,Easy
4645,2025-08-03,ORD,FWA,0.005,0.501,0.000,0.057,0.18,Easy
4445,2025-08-04,ORD,BHM,0.005,0.501,0.000,0.026,0.18,Easy
4778,2025-08-09,ORD,FAR,0.008,0.480,0.000,0.026,0.18,Easy
490,2025-08-05,ORD,SAT,0.011,0.478,0.011,0.051,0.18,Easy
4517,2025-08-08,ORD,SCE,0.004,0.480,0.000,0.057,0.18,Easy
4504,2025-08-15,ORD,CHA,0.009,0.436,0.043,0.014,0.18,Easy
4563,2025-08-13,ORD,FSD,0.006,0.512,0.000,0.023,0.18,Easy
2329,2025-08-05,ORD,DTW,0.006,0.363,0.106,0.077,0.18,Easy
5593,2025-08-15,ORD,MEM,0.010,0.369,0.096,0.063,0.18,Easy
4504,2025-08-06,ORD,CHA,0.012,0.490,0.000,0.043,0.18,Easy
5841,2025-08-11,ORD,MEM,0.003,0.481,0.000,0.043,0.18,Easy
4504,2025-08-05,ORD,CHA,0.008,0.447,0.043,0.029,0.18,Easy
2177,2025-08-07,ORD,MSN,0.015,0.391,0.043,0.077,0.18,Easy
5269,2025-08-07,ORD,PIA,0.009,0.469,0.000,0.051,0.18,Easy
3464,2025-08-10,ORD,PIT,0.011,0.491,0.000,0.051,0.18,Easy
1301,2025-08-05,ORD,ICT,0.011,0.404,0.021,0.166,0.18,Easy
5874,2025-08-04,ORD,PIA,0.007,0.469,0.011,0.060,0.18,Easy
563,2025-08-12,ORD,EWR,0.010,0.422,0.074,0.049,0.18,Easy
602,2025-08-15,ORD,PHX,0.013,0.333,0.085,0.154,0.18,Easy
467,2025-08-14,ORD,CMH,0.013,0.368,0.043,0.146,0.18,Easy
5726,2025-08-12,ORD,TYS,0.010,0.360,0.096,0.034,0.18,Easy
1612,2025-08-05,ORD,MEM,0.007,0.404,0.000,0.157,0.18,Easy
1740,2025-08-07,ORD,RSW,0.002,0.521,0.032,0.000,0.18,Easy
5219,2025-08-10,ORD,GRB,0.004,0.480,0.032,0.063,0.18,Easy
5020,2025-08-02,ORD,FOD,0.003,0.371,0.106,0.060,0.18,Easy
1657,2025-08-10,ORD,LGA,0.012,0.516,0.000,0.029,0.18,Easy
1097,2025-08-13,ORD,DCA,0.012,0.342,0.106,0.049,0.18,Easy
3493,2025-08-02,ORD,DTW,0.003,0.455,0.000,0.091,0.18,Easy
4468,2025-08-15,ORD,LEX,0.007,0.447,0.000,0.069,0.18,Easy
4452,2025-08-13,ORD,RIC,0.008,0.512,0.000,0.029,0.18,Easy
5122,2025-08-11,ORD,EAU,0.008,0.512,0.000,0.034,0.18,Easy
3440,2025-08-13,ORD,YYZ,0.001,0.498,0.000,0.083,0.18,Easy
3520,2025-08-06,ORD,BDL,0.000,0.469,0.021,0.086,0.18,Easy
4517,2025-08-01,ORD,SCE,0.004,0.501,0.000,0.069,0.18,Easy
2627,2025-08-15,ORD,MSP,0.015,0.412,0.000,0.149,0.18,Easy
5382,2025-08-15,ORD,FWA,0.012,0.458,0.043,0.034,0.18,Easy
3571,2025-08-05,ORD,IND,0.009,0.433,0.000,0.074,0.18,Easy
4554,2025-08-11,ORD,GRB,0.007,0.469,0.000,0.046,0.18,Easy
5836,2025-08-14,ORD,TYS,0.010,0.480,0.000,0.009,0.18,Easy
5821,2025-08-12,ORD,MKE,0.004,0.469,0.000,0.089,0.18,Easy
4611,2025-08-11,ORD,MDT,0.010,0.436,0.032,0.023,0.18,Easy
4739,2025-08-15,ORD,GRB,0.008,0.425,0.085,0.049,0.18,Easy
5309,2025-08-04,ORD,FWA,0.006,0.490,0.011,0.057,0.18,Easy
3700,2025-08-14,ORD,BNA,0.010,0.469,0.021,0.054,0.18,Easy
4445,2025-08-15,ORD,BHM,0.007,0.458,0.021,0.017,0.18,Easy
4554,2025-08-07,ORD,GRB,0.007,0.458,0.043,0.066,0.18,Easy
3536,2025-08-10,ORD,YUL,0.015,0.405,0.043,0.040,0.18,Easy
5269,2025-08-10,ORD,PIA,0.004,0.458,0.021,0.037,0.18,Easy
5608,2025-08-15,ORD,GRB,0.005,0.480,0.000,0.080,0.18,Easy
4791,2025-08-15,ORD,SBN,0.011,0.501,0.000,0.051,0.18,Easy
5274,2025-08-05,ORD,SBN,0.003,0.490,0.021,0.054,0.18,Easy
2488,2025-08-11,ORD,LGA,0.005,0.516,0.000,0.037,0.18,Easy
378,2025-08-15,ORD,LAX,0.015,0.418,0.032,0.089,0.18,Easy
5215,2025-08-09,ORD,LNK,0.006,0.480,0.000,0.043,0.18,Easy
4791,2025-08-05,ORD,SBN,0.011,0.458,0.021,0.054,0.18,Easy
5124,2025-08-06,ORD,EAU,0.008,0.458,0.000,0.051,0.18,Easy
4507,2025-08-14,ORD,CHA,0.001,0.545,0.000,0.020,0.18,Easy
4558,2025-08-11,ORD,XNA,0.008,0.501,0.000,0.037,0.18,Easy
2430,2025-08-07,ORD,BNA,0.011,0.456,0.032,0.054,0.18,Easy
4476,2025-08-15,ORD,CAE,0.010,0.501,0.021,0.023,0.18,Easy
4501,2025-08-09,ORD,AVP,0.004,0.469,0.021,0.046,0.18,Easy
2640,2025-08-14,ORD,DCA,0.116,0.184,0.000,0.037,0.18,Easy
5565,2025-08-04,ORD,CHO,0.004,0.436,0.064,0.029,0.18,Easy
3668,2025-08-10,ORD,BUF,0.011,0.426,0.011,0.080,0.18,Easy
1658,2025-08-05,ORD,EWR,0.002,0.482,0.064,0.020,0.18,Easy
5309,2025-08-13,ORD,FWA,0.005,0.403,0.053,0.054,0.18,Easy
4445,2025-08-07,ORD,BHM,0.008,0.523,0.000,0.029,0.18,Easy
4380,2025-08-12,ORD,SYR,0.001,0.458,0.053,0.057,0.18,Easy
4563,2025-08-06,ORD,FSD,0.006,0.480,0.000,0.086,0.18,Easy
729,2025-08-08,ORD,DFW,0.001,0.487,0.032,0.043,0.18,Easy
5309,2025-08-14,ORD,FWA,0.006,0.360,0.085,0.080,0.18,Easy
4380,2025-08-09,ORD,SYR,0.001,0.534,0.000,0.046,0.18,Easy
1923,2025-08-13,ORD,CID,0.002,0.250,0.117,0.209,0.18,Easy
2232,2025-08-11,ORD,MSP,0.010,0.519,0.000,0.009,0.18,Easy
5360,2025-08-09,ORD,MBS,0.012,0.436,0.021,0.051,0.18,Easy
4452,2025-08-04,ORD,RIC,0.008,0.501,0.000,0.043,0.18,Easy
466,2025-08-01,ORD,DCA,0.007,0.543,0.000,0.009,0.18,Easy
4780,2025-08-12,ORD,CAK,0.007,0.458,0.021,0.063,0.18,Easy
1851,2025-08-05,ORD,ALB,0.005,0.384,0.053,0.163,0.18,Easy
4461,2025-08-04,ORD,ABE,0.005,0.469,0.021,0.029,0.18,Easy
4563,2025-08-12,ORD,FSD,0.007,0.480,0.021,0.023,0.18,Easy
5843,2025-08-08,ORD,ECP,0.007,0.519,0.000,0.037,0.18,Easy
3498,2025-08-14,ORD,CVG,0.011,0.455,0.000,0.094,0.18,Easy
490,2025-08-15,ORD,SAT,0.000,0.447,0.043,0.089,0.18,Easy
5712,2025-08-07,ORD,GSP,0.014,0.462,0.021,0.017,0.18,Easy
4436,2025-08-04,ORD,SGF,0.011,0.469,0.021,0.054,0.18,Easy
5260,2025-08-11,ORD,FSD,0.006,0.480,0.000,0.034,0.18,Easy
5577,2025-08-07,ORD,JAX,0.001,0.469,0.043,0.031,0.18,Easy
5275,2025-08-08,ORD,DLH,0.005,0.490,0.000,0.089,0.18,Easy
5275,2025-08-13,ORD,DLH,0.005,0.447,0.043,0.049,0.18,Easy
4461,2025-08-09,ORD,ABE,0.004,0.447,0.011,0.049,0.18,Easy
3409,2025-08-11,ORD,YOW,0.014,0.419,0.053,0.071,0.18,Easy
5234,2025-08-08,ORD,MKE,0.010,0.501,0.000,0.037,0.18,Easy
4476,2025-08-06,ORD,CAE,0.012,0.414,0.074,0.017,0.18,Easy
5234,2025-08-13,ORD,MKE,0.010,0.501,0.000,0.043,0.18,Easy
1832,2025-08-08,ORD,CMH,0.001,0.400,0.064,0.051,0.18,Easy
1273,2025-08-13,ORD,SFO,0.003,0.328,0.053,0.180,0.18,Easy
4461,2025-08-10,ORD,ABE,0.005,0.490,0.000,0.054,0.18,Easy
5398,2025-08-14,ORD,IND,0.007,0.433,0.043,0.074,0.18,Easy
3614,2025-08-05,ORD,MCI,0.002,0.442,0.021,0.080,0.18,Easy
5353,2025-08-08,ORD,GRR,0.005,0.458,0.000,0.074,0.18,Easy
1077,2025-08-04,ORD,DCA,0.002,0.483,0.000,0.080,0.18,Easy
5234,2025-08-10,ORD,MKE,0.000,0.403,0.096,0.034,0.18,Easy
5444,2025-08-05,ORD,LIT,0.012,0.490,0.000,0.026,0.18,Easy
4748,2025-08-02,ORD,ATW,0.005,0.469,0.000,0.091,0.18,Easy
4554,2025-08-03,ORD,GRB,0.007,0.447,0.000,0.080,0.18,Easy
3464,2025-08-03,ORD,PIT,0.011,0.504,0.000,0.037,0.18,Easy
4425,2025-08-07,ORD,GRR,0.004,0.458,0.043,0.071,0.18,Easy
533,2025-08-15,ORD,OMA,0.009,0.360,0.043,0.186,0.18,Easy
3668,2025-08-05,ORD,IND,0.004,0.469,0.011,0.063,0.18,Easy
5505,2025-08-01,ORD,SBN,0.001,0.458,0.074,0.043,0.18,Easy
3696,2025-08-05,ORD,CVG,0.011,0.466,0.043,0.034,0.18,Easy
4789,2025-08-13,ORD,FAR,0.008,0.405,0.021,0.111,0.18,Easy
1010,2025-08-04,ORD,DCA,0.009,0.483,0.032,0.014,0.18,Easy
729,2025-08-11,ORD,DFW,0.001,0.523,0.000,0.006,0.18,Easy
1270,2025-08-12,ORD,PUJ,0.013,0.418,0.053,0.057,0.18,Easy
1492,2025-08-15,ORD,CMH,0.009,0.361,0.064,0.114,0.18,Easy
4173,2025-08-05,ORD,AVL,0.005,0.469,0.000,0.034,0.18,Easy
5763,2025-08-01,ORD,TUL,0.012,0.455,0.021,0.086,0.18,Easy
5603,2025-08-08,ORD,FNT,0.005,0.490,0.000,0.083,0.18,Easy
5344,2025-08-04,ORD,MBS,0.004,0.469,0.000,0.074,0.18,Easy
4380,2025-08-10,ORD,SYR,0.013,0.458,0.000,0.031,0.18,Easy
1975,2025-08-13,ORD,ATL,0.014,0.458,0.000,0.046,0.18,Easy
5472,2025-08-03,ORD,MDT,0.006,0.425,0.064,0.049,0.18,Easy
1848,2025-08-05,ORD,ATL,0.010,0.443,0.000,0.049,0.18,Easy
1779,2025-08-10,ORD,BOS,0.013,0.476,0.021,0.040,0.18,Easy
1010,2025-08-02,ORD,DCA,0.001,0.392,0.117,0.051,0.18,Easy
4789,2025-08-01,ORD,FAR,0.006,0.372,0.106,0.086,0.18,Easy
2038,2025-08-11,ORD,BUF,0.001,0.417,0.021,0.103,0.18,Easy
3610,2025-08-10,ORD,YQB,0.011,0.469,0.011,0.040,0.18,Easy
5425,2025-08-06,ORD,STL,0.007,0.501,0.000,0.057,0.18,Easy
5380,2025-08-05,ORD,MSY,0.001,0.519,0.000,0.060,0.18,Easy
5565,2025-08-08,ORD,CHO,0.011,0.480,0.000,0.046,0.18,Easy
5219,2025-08-11,ORD,TYS,0.009,0.458,0.000,0.043,0.18,Easy
5353,2025-08-04,ORD,GRR,0.005,0.469,0.000,0.040,0.18,Easy
5490,2025-08-09,ORD,YYZ,0.001,0.442,0.064,0.031,0.18,Easy
5353,2025-08-11,ORD,GRR,0.001,0.458,0.043,0.074,0.18,Easy
5382,2025-08-03,ORD,FWA,0.006,0.458,0.021,0.074,0.18,Easy
2106,2025-08-15,ORD,SFO,0.012,0.398,0.021,0.157,0.18,Easy
5118,2025-08-01,ORD,PLN,0.008,0.458,0.043,0.037,0.18,Easy
5292,2025-08-15,ORD,MTY,0.001,0.469,0.074,0.017,0.18,Easy
2661,2025-08-12,ORD,LGA,0.013,0.443,0.021,0.009,0.18,Easy
3468,2025-08-12,ORD,BGR,0.012,0.455,0.000,0.057,0.18,Easy
2343,2025-08-07,ORD,IND,0.012,0.372,0.043,0.154,0.18,Easy
5344,2025-08-05,ORD,MBS,0.002,0.436,0.064,0.057,0.18,Easy
4476,2025-08-13,ORD,CAE,0.010,0.512,0.000,0.029,0.18,Easy
1693,2025-08-03,ORD,DCA,0.013,0.461,0.021,0.020,0.18,Easy
5470,2025-08-06,ORD,GEG,0.013,0.455,0.043,0.037,0.18,Easy
293,2025-08-06,ORD,LGA,0.012,0.466,0.032,0.046,0.18,Easy
1316,2025-08-08,ORD,SRQ,0.009,0.333,0.117,0.063,0.18,Easy
5568,2025-08-01,ORD,MLI,0.005,0.469,0.000,0.103,0.18,Easy
4748,2025-08-10,ORD,ATW,0.004,0.447,0.000,0.089,0.18,Easy
5099,2025-08-10,ORD,CIU,0.013,0.425,0.000,0.071,0.18,Easy
3690,2025-08-09,ORD,IND,0.006,0.388,0.043,0.083,0.18,Easy
2302,2025-08-12,ORD,BWI,0.001,0.360,0.117,0.086,0.18,Easy
5122,2025-08-03,ORD,EAU,0.009,0.480,0.000,0.023,0.18,Easy
3520,2025-08-01,ORD,CVG,0.012,0.433,0.011,0.094,0.18,Easy
1421,2025-08-13,ORD,FLL,0.001,0.401,0.106,0.034,0.18,Easy
3614,2025-08-04,ORD,MCI,0.009,0.450,0.021,0.069,0.18,Easy
2487,2025-08-08,ORD,PHL,0.013,0.332,0.043,0.140,0.18,Easy
1842,2025-08-15,ORD,SAN,0.012,0.403,0.021,0.163,0.18,Easy
5103,2025-08-11,ORD,JLN,0.004,0.469,0.000,0.103,0.18,Easy
5344,2025-08-08,ORD,MBS,0.002,0.501,0.000,0.066,0.18,Easy
4431,2025-08-03,ORD,MSN,0.002,0.458,0.053,0.069,0.18,Easy
2418,2025-08-04,ORD,PHL,0.005,0.472,0.000,0.026,0.18,Easy
5395,2025-08-07,ORD,GSO,0.008,0.434,0.085,0.017,0.18,Easy
4574,2025-08-10,ORD,YOW,0.009,0.458,0.000,0.049,0.18,Easy
5380,2025-08-11,ORD,MSY,0.001,0.512,0.011,0.040,0.18,Easy
1975,2025-08-15,ORD,ATL,0.011,0.360,0.128,0.071,0.18,Easy
5564,2025-08-13,ORD,SBN,0.007,0.469,0.000,0.074,0.18,Easy
4406,2025-08-05,ORD,TVC,0.001,0.480,0.000,0.086,0.18,Easy
5946,2025-08-04,ORD,RAP,0.003,0.512,0.000,0.060,0.18,Easy
5398,2025-08-12,ORD,IND,0.007,0.390,0.106,0.074,0.18,Easy
5124,2025-08-11,ORD,EAU,0.008,0.414,0.064,0.043,0.18,Easy
1068,2025-08-15,ORD,IAD,0.000,0.361,0.085,0.126,0.18,Easy
5999,2025-08-14,ORD,OKC,0.012,0.419,0.021,0.071,0.18,Easy
476,2025-08-05,ORD,CVG,0.012,0.447,0.000,0.060,0.18,Easy
1980,2025-08-15,ORD,LGA,0.001,0.489,0.021,0.074,0.18,Easy
4549,2025-08-04,ORD,MLI,0.009,0.458,0.000,0.083,0.18,Easy
4558,2025-08-04,ORD,XNA,0.010,0.501,0.000,0.054,0.18,Easy
4597,2025-08-11,ORD,ROA,0.012,0.447,0.000,0.063,0.18,Easy
5577,2025-08-12,ORD,JAX,0.000,0.426,0.085,0.049,0.18,Easy
4645,2025-08-12,ORD,FWA,0.003,0.447,0.011,0.086,0.18,Easy
4429,2025-08-04,ORD,FSD,0.007,0.490,0.011,0.034,0.18,Easy
2665,2025-08-06,ORD,IAH,0.013,0.342,0.032,0.177,0.18,Easy
5262,2025-08-12,ORD,LNK,0.012,0.414,0.085,0.034,0.18,Easy
3409,2025-08-10,ORD,YOW,0.009,0.433,0.000,0.091,0.18,Easy
1779,2025-08-03,ORD,BOS,0.013,0.464,0.000,0.046,0.18,Easy
3520,2025-08-02,ORD,BDL,0.001,0.491,0.000,0.051,0.18,Easy
729,2025-08-10,ORD,DFW,0.001,0.505,0.032,0.020,0.18,Easy
5565,2025-08-10,ORD,CHO,0.010,0.480,0.043,0.023,0.18,Easy
4778,2025-08-12,ORD,FAR,0.007,0.480,0.021,0.051,0.18,Easy
4184,2025-08-15,ORD,DAY,0.007,0.469,0.032,0.046,0.18,Easy
5272,2025-08-03,ORD,MSN,0.000,0.490,0.000,0.046,0.18,Easy
5118,2025-08-12,ORD,PLN,0.012,0.469,0.000,0.046,0.18,Easy
5122,2025-08-15,ORD,EAU,0.008,0.490,0.000,0.077,0.18,Easy
5358,2025-08-10,ORD,CAK,0.000,0.469,0.021,0.057,0.18,Easy
3421,2025-08-15,ORD,ROC,0.011,0.455,0.000,0.083,0.18,Easy
482,2025-08-11,ORD,CHS,0.015,0.424,0.000,0.057,0.18,Easy
4584,2025-08-13,ORD,TUL,0.005,0.458,0.043,0.066,0.18,Easy
5260,2025-08-09,ORD,FSD,0.003,0.480,0.000,0.054,0.18,Easy
4391,2025-08-06,ORD,SGF,0.007,0.403,0.085,0.086,0.18,Easy
4504,2025-08-04,ORD,CHA,0.012,0.480,0.000,0.026,0.18,Easy
3685,2025-08-07,ORD,DTW,0.011,0.434,0.000,0.060,0.18,Easy
5607,2025-08-06,ORD,TUS,0.006,0.442,0.043,0.074,0.18,Easy
4391,2025-08-03,ORD,SGF,0.006,0.447,0.000,0.089,0.18,Easy
4391,2025-08-13,ORD,SGF,0.005,0.469,0.021,0.069,0.18,Easy
4584,2025-08-06,ORD,TUL,0.006,0.436,0.064,0.069,0.18,Easy
4554,2025-08-15,ORD,GRB,0.007,0.458,0.053,0.049,0.18,Easy
4563,2025-08-04,ORD,FSD,0.007,0.512,0.000,0.031,0.18,Easy
490,2025-08-06,ORD,SAT,0.011,0.430,0.053,0.040,0.18,Easy
5344,2025-08-12,ORD,MBS,0.007,0.414,0.053,0.051,0.18,Easy
1358,2025-08-04,ORD,RDU,0.000,0.512,0.000,0.037,0.18,Easy
1358,2025-08-09,ORD,RDU,0.001,0.443,0.053,0.089,0.18,Easy
5269,2025-08-14,ORD,PIA,0.004,0.480,0.000,0.063,0.18,Easy
5731,2025-08-11,ORD,STL,0.006,0.498,0.011,0.057,0.18,Easy
5930,2025-08-07,ORD,FAR,0.000,0.501,0.000,0.066,0.18,Easy
1975,2025-08-04,ORD,ATL,0.001,0.512,0.000,0.009,0.18,Easy
5275,2025-08-14,ORD,DLH,0.005,0.447,0.000,0.069,0.18,Easy
4558,2025-08-12,ORD,XNA,0.013,0.469,0.021,0.040,0.18,Easy
3700,2025-08-12,ORD,BNA,0.010,0.462,0.000,0.046,0.18,Easy
5821,2025-08-14,ORD,MKE,0.006,0.480,0.043,0.031,0.18,Easy
5874,2025-08-15,ORD,PIA,0.008,0.469,0.000,0.043,0.18,Easy
5643,2025-08-14,ORD,CAK,0.010,0.447,0.011,0.040,0.18,Easy
5309,2025-08-01,ORD,FWA,0.006,0.490,0.000,0.071,0.18,Easy
5215,2025-08-13,ORD,LNK,0.005,0.490,0.000,0.069,0.18,Easy
1693,2025-08-05,ORD,DCA,0.001,0.460,0.032,0.051,0.18,Easy
5219,2025-08-12,ORD,GRB,0.002,0.425,0.043,0.094,0.18,Easy
5948,2025-08-14,ORD,BNA,0.010,0.498,0.011,0.040,0.18,Easy
5841,2025-08-06,ORD,MEM,0.011,0.411,0.000,0.063,0.17,Easy
5021,2025-08-09,ORD,SUX,0.012,0.349,0.053,0.034,0.17,Easy
4559,2025-08-15,ORD,SDF,0.008,0.436,0.000,0.040,0.17,Easy
2628,2025-08-07,ORD,BNA,0.010,0.342,0.011,0.137,0.17,Easy
5712,2025-08-12,ORD,GSP,0.013,0.412,0.000,0.040,0.17,Easy
5852,2025-08-12,ORD,HSV,0.006,0.311,0.085,0.037,0.17,Easy
4426,2025-08-06,ORD,BUF,0.010,0.436,0.000,0.029,0.17,Easy
5138,2025-08-14,ORD,MGW,0.009,0.392,0.000,0.063,0.17,Easy
2369,2025-08-13,ORD,AUS,0.001,0.406,0.021,0.054,0.17,Easy
533,2025-08-12,ORD,OMA,0.009,0.305,0.043,0.154,0.17,Easy
4568,2025-08-05,ORD,SCE,0.011,0.392,0.000,0.020,0.17,Easy
4571,2025-08-06,ORD,XNA,0.007,0.436,0.000,0.037,0.17,Easy
5020,2025-08-10,ORD,FOD,0.012,0.349,0.032,0.049,0.17,Easy
4748,2025-08-03,ORD,ATW,0.005,0.392,0.000,0.051,0.17,Easy
5344,2025-08-06,ORD,MBS,0.004,0.371,0.053,0.057,0.17,Easy
2369,2025-08-06,ORD,AUS,0.015,0.366,0.000,0.046,0.17,Easy
4390,2025-08-15,ORD,CHA,0.009,0.414,0.000,0.031,0.17,Easy
3690,2025-08-10,ORD,IND,0.011,0.333,0.074,0.094,0.17,Easy
4194,2025-08-04,ORD,DAY,0.003,0.425,0.000,0.071,0.17,Easy
4585,2025-08-07,ORD,DAY,0.007,0.436,0.000,0.046,0.17,Easy
5362,2025-08-12,ORD,MKE,0.001,0.305,0.085,0.086,0.17,Easy
5021,2025-08-14,ORD,SUX,0.004,0.447,0.000,0.026,0.17,Easy
5472,2025-08-10,ORD,MDT,0.006,0.425,0.011,0.037,0.17,Easy
5977,2025-08-14,ORD,ICT,0.006,0.340,0.085,0.037,0.17,Easy
3603,2025-08-12,ORD,CMH,0.009,0.426,0.000,0.057,0.17,Easy
1077,2025-08-01,ORD,DCA,0.001,0.355,0.043,0.069,0.17,Easy
4468,2025-08-09,ORD,LEX,0.003,0.392,0.000,0.097,0.17,Easy
5140,2025-08-15,ORD,CMX,0.008,0.403,0.000,0.037,0.17,Easy
5289,2025-08-04,ORD,CRW,0.007,0.392,0.011,0.034,0.17,Easy
5469,2025-08-14,ORD,SDF,0.006,0.414,0.000,0.060,0.17,Easy
1941,2025-08-01,ORD,CVG,0.010,0.365,0.000,0.126,0.17,Easy
1658,2025-08-06,ORD,EWR,0.002,0.457,0.021,0.020,0.17,Easy
2343,2025-08-05,ORD,IND,0.013,0.241,0.106,0.149,0.17,Easy
1538,2025-08-14,ORD,SAV,0.001,0.406,0.011,0.094,0.17,Easy
2665,2025-08-13,ORD,IAH,0.013,0.381,0.021,0.071,0.17,Easy
1252,2025-08-04,ORD,DCA,0.001,0.439,0.021,0.046,0.17,Easy
4456,2025-08-02,ORD,CMH,0.010,0.436,0.000,0.037,0.17,Easy
4597,2025-08-14,ORD,ROA,0.001,0.425,0.000,0.049,0.17,Easy
2113,2025-08-12,ORD,FSD,0.002,0.220,0.085,0.274,0.17,Easy
4571,2025-08-14,ORD,XNA,0.007,0.403,0.000,0.046,0.17,Easy
4387,2025-08-08,ORD,CID,0.000,0.403,0.000,0.046,0.17,Easy
3493,2025-08-11,ORD,DTW,0.009,0.383,0.000,0.057,0.17,Easy
5230,2025-08-04,ORD,CRW,0.010,0.414,0.000,0.037,0.17,Easy
5977,2025-08-13,ORD,ICT,0.012,0.362,0.064,0.029,0.17,Easy
4406,2025-08-13,ORD,TVC,0.001,0.392,0.000,0.069,0.17,Easy
5534,2025-08-15,ORD,ICT,0.008,0.381,0.021,0.057,0.17,Easy
4791,2025-08-09,ORD,SBN,0.011,0.392,0.000,0.046,0.17,Easy
4718,2025-08-01,ORD,DAY,0.007,0.383,0.000,0.089,0.17,Easy
556,2025-08-15,ORD,CLT,0.015,0.333,0.021,0.111,0.17,Easy
752,2025-08-06,ORD,DCA,0.011,0.378,0.000,0.057,0.17,Easy
4425,2025-08-05,ORD,GRR,0.003,0.414,0.000,0.054,0.17,Easy
4445,2025-08-09,ORD,BHM,0.007,0.414,0.000,0.057,0.17,Easy
1358,2025-08-01,ORD,RDU,0.001,0.439,0.000,0.057,0.17,Easy
286,2025-08-09,ORD,CLE,0.002,0.363,0.043,0.109,0.17,Easy
3641,2025-08-05,ORD,GRR,0.008,0.383,0.043,0.017,0.17,Easy
4568,2025-08-08,ORD,SCE,0.012,0.403,0.021,0.029,0.17,Easy
5260,2025-08-05,ORD,FSD,0.005,0.458,0.000,0.040,0.17,Easy
1358,2025-08-10,ORD,RDU,0.001,0.452,0.000,0.029,0.17,Easy
600,2025-08-09,ORD,LAS,0.011,0.345,0.011,0.111,0.17,Easy
4452,2025-08-10,ORD,RIC,0.008,0.381,0.021,0.083,0.17,Easy
2232,2025-08-04,ORD,MSP,0.002,0.412,0.032,0.029,0.17,Easy
2302,2025-08-13,ORD,BWI,0.001,0.396,0.000,0.126,0.17,Easy
5420,2025-08-04,ORD,MLI,0.007,0.414,0.000,0.043,0.17,Easy
556,2025-08-14,ORD,CLT,0.002,0.342,0.043,0.120,0.17,Easy
4431,2025-08-07,ORD,MSN,0.009,0.403,0.000,0.051,0.17,Easy
1097,2025-08-06,ORD,DCA,0.037,0.325,0.000,0.049,0.17,Easy
1531,2025-08-10,ORD,DSM,0.006,0.370,0.032,0.097,0.17,Easy
4568,2025-08-10,ORD,SCE,0.009,0.392,0.021,0.063,0.17,Easy
2343,2025-08-14,ORD,IND,0.010,0.317,0.000,0.166,0.17,Easy
5275,2025-08-05,ORD,DLH,0.005,0.371,0.043,0.063,0.17,Easy
4461,2025-08-07,ORD,ABE,0.004,0.436,0.000,0.011,0.17,Easy
5382,2025-08-01,ORD,FWA,0.006,0.425,0.000,0.060,0.17,Easy
5138,2025-08-10,ORD,MGW,0.009,0.436,0.011,0.014,0.17,Easy
1273,2025-08-11,ORD,SFO,0.002,0.382,0.074,0.017,0.17,Easy
4504,2025-08-10,ORD,CHA,0.009,0.436,0.000,0.026,0.17,Easy
5229,2025-08-05,ORD,ILM,0.012,0.355,0.064,0.046,0.17,Easy
5026,2025-08-15,ORD,JST,0.012,0.381,0.021,0.054,0.17,Easy
5118,2025-08-10,ORD,PLN,0.008,0.436,0.000,0.037,0.17,Easy
4549,2025-08-10,ORD,MLI,0.004,0.403,0.000,0.074,0.17,Easy
5874,2025-08-01,ORD,PIA,0.007,0.403,0.021,0.066,0.17,Easy
2177,2025-08-04,ORD,MSN,0.008,0.403,0.000,0.111,0.17,Easy
2251,2025-08-12,ORD,PIT,0.011,0.374,0.032,0.029,0.17,Easy
1612,2025-08-06,ORD,MEM,0.010,0.391,0.011,0.094,0.17,Easy
5593,2025-08-07,ORD,MEM,0.008,0.383,0.000,0.060,0.17,Easy
5140,2025-08-14,ORD,CMX,0.008,0.403,0.000,0.040,0.17,Easy
4474,2025-08-14,ORD,AVL,0.001,0.436,0.000,0.089,0.17,Easy
286,2025-08-02,ORD,CLE,0.001,0.308,0.043,0.134,0.17,Easy
2232,2025-08-05,ORD,MSP,0.002,0.417,0.011,0.026,0.17,Easy
3464,2025-08-06,ORD,PIT,0.003,0.427,0.000,0.094,0.17,Easy
4584,2025-08-14,ORD,TUL,0.006,0.425,0.000,0.069,0.17,Easy
5099,2025-08-08,ORD,CIU,0.013,0.425,0.000,0.040,0.17,Easy
764,2025-08-06,ORD,YYC,0.016,0.369,0.021,0.049,0.17,Easy
2627,2025-08-03,ORD,MSP,0.000,0.336,0.043,0.146,0.17,Easy
1980,2025-08-04,ORD,LGA,0.002,0.470,0.000,0.009,0.17,Easy
3668,2025-08-14,ORD,IND,0.008,0.426,0.011,0.031,0.17,Easy
5946,2025-08-06,ORD,RAP,0.005,0.325,0.064,0.091,0.17,Easy
5414,2025-08-05,ORD,MEM,0.009,0.403,0.000,0.057,0.17,Easy
3536,2025-08-13,ORD,YUL,0.014,0.376,0.000,0.034,0.17,Easy
5565,2025-08-01,ORD,CHO,0.002,0.469,0.000,0.009,0.17,Easy
5353,2025-08-12,ORD,GRR,0.005,0.414,0.021,0.040,0.17,Easy
5138,2025-08-03,ORD,MGW,0.009,0.458,0.000,0.026,0.17,Easy
4380,2025-08-08,ORD,SYR,0.001,0.436,0.000,0.037,0.17,Easy
5726,2025-08-04,ORD,TYS,0.001,0.403,0.021,0.023,0.17,Easy
1909,2025-08-12,ORD,TVC,0.011,0.229,0.170,0.071,0.17,Easy
5272,2025-08-11,ORD,MSN,0.011,0.425,0.000,0.011,0.17,Easy
2369,2025-08-15,ORD,AUS,0.020,0.336,0.064,0.046,0.17,Easy
767,2025-08-12,ORD,DEN,0.014,0.207,0.053,0.271,0.17,Easy
4574,2025-08-07,ORD,YOW,0.006,0.403,0.011,0.051,0.17,Easy
2343,2025-08-09,ORD,IND,0.013,0.260,0.032,0.174,0.17,Easy
1920,2025-08-12,ORD,LAS,0.013,0.336,0.021,0.123,0.17,Easy
4468,2025-08-14,ORD,LEX,0.007,0.425,0.000,0.083,0.17,Easy
5103,2025-08-08,ORD,JLN,0.002,0.425,0.000,0.071,0.17,Easy
611,2025-08-14,ORD,SFO,0.002,0.393,0.096,0.006,0.17,Easy
5505,2025-08-07,ORD,SBN,0.003,0.414,0.043,0.031,0.17,Easy
602,2025-08-09,ORD,PHX,0.013,0.287,0.000,0.186,0.17,Easy
5020,2025-08-04,ORD,FOD,0.012,0.392,0.000,0.026,0.17,Easy
466,2025-08-04,ORD,DCA,0.001,0.495,0.000,0.003,0.17,Easy
3718,2025-08-12,ORD,MSN,0.010,0.355,0.021,0.091,0.17,Easy
5021,2025-08-11,ORD,SUX,0.004,0.414,0.021,0.057,0.17,Easy
2071,2025-08-14,ORD,SAN,0.012,0.327,0.074,0.017,0.17,Easy
4468,2025-08-11,ORD,LEX,0.008,0.371,0.000,0.080,0.17,Easy
5103,2025-08-15,ORD,JLN,0.002,0.425,0.032,0.037,0.17,Easy
5469,2025-08-06,ORD,SDF,0.006,0.436,0.000,0.037,0.17,Easy
4549,2025-08-09,ORD,MLI,0.004,0.414,0.000,0.109,0.17,Easy
5414,2025-08-12,ORD,MEM,0.010,0.436,0.000,0.040,0.17,Easy
5353,2025-08-05,ORD,GRR,0.006,0.469,0.000,0.014,0.17,Easy
5362,2025-08-06,ORD,MKE,0.003,0.360,0.043,0.080,0.17,Easy
5505,2025-08-03,ORD,SBN,0.006,0.447,0.000,0.029,0.17,Easy
476,2025-08-06,ORD,CVG,0.012,0.309,0.074,0.083,0.17,Easy
4186,2025-08-13,ORD,MLI,0.005,0.371,0.000,0.080,0.17,Easy
4431,2025-08-04,ORD,MSN,0.009,0.360,0.043,0.014,0.17,Easy
5505,2025-08-13,ORD,SBN,0.000,0.425,0.043,0.040,0.17,Easy
1612,2025-08-14,ORD,MEM,0.004,0.292,0.096,0.109,0.17,Easy
2414,2025-08-09,ORD,BNA,0.001,0.395,0.043,0.051,0.17,Easy
5444,2025-08-12,ORD,LIT,0.012,0.414,0.000,0.011,0.17,Easy
4574,2025-08-08,ORD,YOW,0.009,0.447,0.000,0.043,0.17,Easy
5021,2025-08-13,ORD,SUX,0.012,0.403,0.000,0.069,0.17,Easy
5099,2025-08-05,ORD,CIU,0.000,0.458,0.000,0.046,0.17,Easy
5376,2025-08-15,ORD,LEX,0.007,0.434,0.000,0.069,0.17,Easy
5380,2025-08-12,ORD,MSY,0.001,0.319,0.106,0.014,0.17,Easy
4482,2025-08-11,ORD,TUL,0.007,0.414,0.000,0.063,0.17,Easy
2092,2025-08-12,ORD,LGA,0.007,0.433,0.000,0.011,0.17,Easy
5585,2025-08-15,ORD,ATW,0.009,0.436,0.000,0.049,0.17,Easy
5215,2025-08-11,ORD,LNK,0.006,0.447,0.000,0.040,0.17,Easy
4474,2025-08-11,ORD,AVL,0.001,0.436,0.021,0.043,0.17,Easy
5094,2025-08-11,ORD,RHI,0.000,0.414,0.021,0.063,0.17,Easy
4563,2025-08-11,ORD,FSD,0.006,0.425,0.000,0.029,0.17,Easy
1477,2025-08-13,ORD,PHX,0.002,0.351,0.043,0.069,0.17,Easy
3693,2025-08-09,ORD,PIT,0.004,0.405,0.000,0.054,0.17,Easy
5737,2025-08-11,ORD,OMA,0.010,0.441,0.000,0.046,0.17,Easy
5930,2025-08-11,ORD,FAR,0.000,0.414,0.000,0.054,0.17,Easy
4610,2025-08-01,ORD,XNA,0.007,0.414,0.000,0.023,0.17,Easy
3641,2025-08-12,ORD,GRR,0.007,0.448,0.000,0.046,0.17,Easy
1301,2025-08-15,ORD,ICT,0.011,0.266,0.064,0.126,0.17,Easy
4502,2025-08-08,ORD,LEX,0.008,0.392,0.000,0.060,0.17,Easy
2414,2025-08-12,ORD,BNA,0.012,0.269,0.096,0.086,0.17,Easy
4468,2025-08-03,ORD,LEX,0.008,0.425,0.000,0.063,0.17,Easy
2364,2025-08-09,ORD,CMH,0.022,0.338,0.032,0.034,0.17,Easy
5038,2025-08-14,ORD,PLN,0.005,0.436,0.000,0.057,0.17,Easy
466,2025-08-14,ORD,DCA,0.007,0.400,0.032,0.000,0.17,Easy
4739,2025-08-13,ORD,GRB,0.007,0.392,0.053,0.037,0.17,Easy
1756,2025-08-07,ORD,YYZ,0.014,0.335,0.043,0.031,0.17,Easy
2189,2025-08-13,ORD,LGA,0.014,0.420,0.000,0.043,0.17,Easy
4780,2025-08-04,ORD,CAK,0.007,0.447,0.000,0.037,0.17,Easy
1740,2025-08-14,ORD,RSW,0.002,0.354,0.032,0.066,0.17,Easy
708,2025-08-12,ORD,MCI,0.016,0.387,0.000,0.089,0.17,Easy
5469,2025-08-08,ORD,SDF,0.010,0.392,0.000,0.040,0.17,Easy
5026,2025-08-08,ORD,JST,0.012,0.371,0.000,0.051,0.17,Easy
5125,2025-08-12,ORD,CMX,0.011,0.338,0.043,0.060,0.17,Easy
5275,2025-08-15,ORD,DLH,0.005,0.414,0.032,0.049,0.17,Easy
4778,2025-08-04,ORD,FAR,0.012,0.403,0.000,0.020,0.17,Easy
5577,2025-08-04,ORD,JAX,0.001,0.491,0.000,0.006,0.17,Easy
5138,2025-08-13,ORD,MGW,0.009,0.371,0.000,0.077,0.17,Easy
2430,2025-08-15,ORD,BNA,0.011,0.358,0.021,0.049,0.17,Easy
1576,2025-08-08,ORD,LGA,0.010,0.391,0.000,0.069,0.17,Easy
556,2025-08-12,ORD,CLT,0.003,0.275,0.106,0.097,0.17,Easy
3571,2025-08-02,ORD,IND,0.007,0.398,0.000,0.091,0.17,Easy
1693,2025-08-07,ORD,DCA,0.012,0.391,0.011,0.066,0.17,Easy
556,2025-08-08,ORD,CLT,0.002,0.296,0.106,0.100,0.17,Easy
3498,2025-08-11,ORD,CVG,0.012,0.405,0.021,0.026,0.17,Easy
4474,2025-08-07,ORD,AVL,0.000,0.403,0.000,0.049,0.17,Easy
4481,2025-08-15,ORD,GRR,0.001,0.414,0.000,0.080,0.17,Easy
5229,2025-08-13,ORD,ILM,0.012,0.412,0.000,0.029,0.17,Easy
247,2025-08-13,ORD,OMA,0.011,0.381,0.011,0.097,0.17,Easy
5737,2025-08-13,ORD,OMA,0.012,0.326,0.043,0.060,0.17,Easy
4552,2025-08-15,ORD,DAY,0.006,0.414,0.000,0.046,0.17,Easy
1793,2025-08-12,ORD,MSP,0.009,0.454,0.000,0.029,0.17,Easy
2106,2025-08-13,ORD,SFO,0.013,0.346,0.043,0.080,0.17,Easy
2378,2025-08-14,ORD,LAX,0.012,0.311,0.043,0.129,0.17,Easy
3614,2025-08-12,ORD,MCI,0.003,0.427,0.000,0.077,0.17,Easy
476,2025-08-13,ORD,CVG,0.004,0.338,0.064,0.074,0.17,Easy
4542,2025-08-02,ORD,LIT,0.007,0.349,0.043,0.066,0.17,Easy
1477,2025-08-14,ORD,PHX,0.011,0.330,0.043,0.063,0.17,Easy
2666,2025-08-15,ORD,DEN,0.003,0.308,0.074,0.091,0.17,Easy
2389,2025-08-13,ORD,RSW,0.012,0.339,0.011,0.077,0.17,Easy
2628,2025-08-14,ORD,BNA,0.014,0.348,0.021,0.071,0.17,Easy
4559,2025-08-05,ORD,SDF,0.007,0.425,0.021,0.031,0.17,Easy
4549,2025-08-08,ORD,MLI,0.007,0.414,0.000,0.054,0.17,Easy
1980,2025-08-13,ORD,LGA,0.002,0.394,0.000,0.066,0.17,Easy
4474,2025-08-01,ORD,AVL,0.001,0.447,0.000,0.029,0.17,Easy
4461,2025-08-15,ORD,ABE,0.013,0.392,0.000,0.031,0.17,Easy
2232,2025-08-15,ORD,MSP,0.002,0.381,0.043,0.094,0.17,Easy
2090,2025-08-06,ORD,MIA,0.012,0.299,0.074,0.060,0.17,Easy
1693,2025-08-15,ORD,DCA,0.013,0.367,0.021,0.049,0.17,Easy
5138,2025-08-01,ORD,MGW,0.003,0.403,0.011,0.017,0.17,Easy
5122,2025-08-08,ORD,EAU,0.009,0.436,0.000,0.054,0.17,Easy
2640,2025-08-07,ORD,DCA,0.002,0.413,0.000,0.026,0.17,Easy
3520,2025-08-15,ORD,CVG,0.012,0.405,0.000,0.060,0.17,Easy
2440,2025-08-13,ORD,LAS,0.015,0.351,0.021,0.046,0.17,Easy
1209,2025-08-12,ORD,EWR,0.005,0.190,0.245,0.046,0.17,Easy
5274,2025-08-06,ORD,SBN,0.002,0.403,0.021,0.069,0.17,Easy
5229,2025-08-12,ORD,ILM,0.012,0.398,0.043,0.034,0.17,Easy
5229,2025-08-04,ORD,ILM,0.012,0.412,0.000,0.034,0.17,Easy
5643,2025-08-08,ORD,CAK,0.003,0.425,0.021,0.026,0.17,Easy
2455,2025-08-10,ORD,SAV,0.013,0.244,0.149,0.034,0.17,Easy
4597,2025-08-08,ORD,ROA,0.001,0.371,0.011,0.091,0.17,Easy
2200,2025-08-12,ORD,SEA,0.013,0.236,0.074,0.194,0.17,Easy
4611,2025-08-05,ORD,MDT,0.001,0.447,0.000,0.003,0.17,Easy
2378,2025-08-13,ORD,LAX,0.012,0.316,0.021,0.189,0.17,Easy
5275,2025-08-09,ORD,DLH,0.003,0.304,0.085,0.091,0.17,Easy
611,2025-08-15,ORD,SFO,0.002,0.442,0.000,0.017,0.17,Easy
1657,2025-08-12,ORD,LGA,0.002,0.437,0.000,0.043,0.17,Easy
4380,2025-08-04,ORD,SYR,0.001,0.425,0.000,0.034,0.17,Easy
4507,2025-08-15,ORD,CHA,0.006,0.381,0.000,0.071,0.17,Easy
5726,2025-08-15,ORD,TYS,0.006,0.447,0.000,0.049,0.17,Easy
2195,2025-08-06,ORD,BDL,0.013,0.407,0.021,0.049,0.17,Easy
4597,2025-08-04,ORD,ROA,0.010,0.392,0.021,0.043,0.17,Easy
5140,2025-08-09,ORD,CMX,0.006,0.327,0.106,0.060,0.17,Easy
4186,2025-08-07,ORD,MLI,0.005,0.360,0.043,0.071,0.17,Easy
4748,2025-08-13,ORD,ATW,0.001,0.414,0.053,0.037,0.17,Easy
5532,2025-08-15,ORD,MCI,0.001,0.380,0.021,0.069,0.17,Easy
2414,2025-08-13,ORD,BNA,0.005,0.342,0.064,0.060,0.17,Easy
3610,2025-08-12,ORD,YQB,0.011,0.369,0.021,0.031,0.17,Easy
4186,2025-08-06,ORD,MLI,0.005,0.294,0.064,0.103,0.17,Easy
5219,2025-08-07,ORD,GRB,0.004,0.360,0.043,0.094,0.17,Easy
5577,2025-08-14,ORD,JAX,0.001,0.419,0.064,0.006,0.17,Easy
1252,2025-08-02,ORD,DCA,0.001,0.408,0.021,0.074,0.17,Easy
1381,2025-08-07,ORD,DCA,0.010,0.363,0.043,0.051,0.17,Easy
5103,2025-08-14,ORD,JLN,0.004,0.425,0.000,0.069,0.17,Easy
4186,2025-08-01,ORD,MLI,0.005,0.403,0.000,0.091,0.17,Easy
1358,2025-08-02,ORD,RDU,0.001,0.365,0.085,0.057,0.17,Easy
1815,2025-08-12,ORD,MSY,0.011,0.389,0.011,0.103,0.17,Easy
5532,2025-08-11,ORD,MCI,0.001,0.458,0.000,0.011,0.17,Easy
5643,2025-08-11,ORD,CAK,0.010,0.403,0.000,0.089,0.17,Easy
2364,2025-08-14,ORD,CMH,0.014,0.302,0.085,0.046,0.17,Easy
3696,2025-08-14,ORD,CVG,0.011,0.362,0.085,0.034,0.17,Easy
4574,2025-08-12,ORD,YOW,0.006,0.403,0.021,0.089,0.17,Easy
5251,2025-08-11,ORD,ASE,0.008,0.434,0.000,0.031,0.17,Easy
5946,2025-08-11,ORD,RAP,0.007,0.380,0.000,0.131,0.17,Easy
5437,2025-08-15,ORD,DLH,0.009,0.392,0.000,0.063,0.17,Easy
970,2025-08-06,ORD,FCO,0.001,0.355,0.096,0.037,0.17,Easy
5646,2025-08-10,ORD,ATW,0.004,0.414,0.000,0.069,0.17,Easy
286,2025-08-06,ORD,CLE,0.002,0.345,0.085,0.097,0.17,Easy
4611,2025-08-04,ORD,MDT,0.001,0.425,0.000,0.034,0.17,Easy
5125,2025-08-05,ORD,CMX,0.011,0.414,0.000,0.063,0.17,Easy
5099,2025-08-03,ORD,CIU,0.010,0.371,0.074,0.040,0.17,Easy
1495,2025-08-09,ORD,TVC,0.019,0.308,0.021,0.051,0.16,Easy
5124,2025-08-02,ORD,EAU,0.008,0.381,0.000,0.020,0.16,Easy
2628,2025-08-15,ORD,BNA,0.011,0.233,0.053,0.123,0.16,Easy
5038,2025-08-06,ORD,PLN,0.000,0.403,0.000,0.043,0.16,Easy
5026,2025-08-02,ORD,JST,0.006,0.327,0.000,0.037,0.16,Easy
752,2025-08-08,ORD,DCA,0.011,0.323,0.000,0.040,0.16,Easy
5810,2025-08-13,ORD,PIA,0.005,0.283,0.043,0.083,0.16,Easy
5593,2025-08-13,ORD,MEM,0.000,0.369,0.011,0.060,0.16,Easy
602,2025-08-12,ORD,PHX,0.013,0.217,0.074,0.129,0.16,Easy
5763,2025-08-14,ORD,TUL,0.012,0.319,0.043,0.046,0.16,Easy
276,2025-08-08,ORD,IAD,0.014,0.300,0.000,0.134,0.16,Easy
2418,2025-08-12,ORD,PHL,0.003,0.320,0.011,0.094,0.16,Easy
4452,2025-08-14,ORD,RIC,0.000,0.381,0.000,0.006,0.16,Easy
5234,2025-08-06,ORD,MKE,0.010,0.349,0.000,0.037,0.16,Easy
2628,2025-08-08,ORD,BNA,0.010,0.214,0.064,0.097,0.16,Easy
5020,2025-08-14,ORD,FOD,0.003,0.316,0.021,0.049,0.16,Easy
1224,2025-08-08,ORD,LAX,0.002,0.403,0.000,0.031,0.16,Easy
5103,2025-08-06,ORD,JLN,0.004,0.349,0.000,0.060,0.16,Easy
5140,2025-08-02,ORD,CMX,0.003,0.381,0.000,0.037,0.16,Easy
1077,2025-08-14,ORD,DCA,0.002,0.181,0.021,0.277,0.16,Easy
4507,2025-08-11,ORD,CHA,0.006,0.371,0.000,0.034,0.16,Easy
1778,2025-08-14,ORD,OMA,0.012,0.286,0.064,0.040,0.16,Easy
1129,2025-08-06,ORD,BOS,0.009,0.296,0.021,0.074,0.16,Easy
2387,2025-08-14,ORD,MCO,0.002,0.305,0.043,0.051,0.16,Easy
2343,2025-08-15,ORD,IND,0.009,0.290,0.000,0.149,0.16,Easy
1657,2025-08-06,ORD,LGA,0.002,0.410,0.011,0.009,0.16,Easy
1851,2025-08-12,ORD,ALB,0.005,0.240,0.064,0.114,0.16,Easy
1832,2025-08-05,ORD,CMH,0.001,0.358,0.011,0.049,0.16,Easy
5643,2025-08-05,ORD,CAK,0.010,0.305,0.000,0.057,0.16,Easy
556,2025-08-05,ORD,CLT,0.002,0.281,0.064,0.060,0.16,Easy
4809,2025-08-13,ORD,ICT,0.008,0.333,0.021,0.077,0.16,Easy
5593,2025-08-14,ORD,MEM,0.001,0.355,0.021,0.037,0.16,Easy
4406,2025-08-12,ORD,TVC,0.001,0.305,0.043,0.043,0.16,Easy
1301,2025-08-13,ORD,ICT,0.011,0.240,0.043,0.140,0.16,Easy
3493,2025-08-09,ORD,DTW,0.001,0.390,0.000,0.037,0.16,Easy
1693,2025-08-13,ORD,DCA,0.019,0.298,0.021,0.040,0.16,Easy
466,2025-08-12,ORD,DCA,0.001,0.378,0.021,0.003,0.16,Easy
5568,2025-08-12,ORD,MLI,0.001,0.240,0.085,0.069,0.16,Easy
5852,2025-08-06,ORD,HSV,0.007,0.325,0.053,0.037,0.16,Easy
5643,2025-08-06,ORD,CAK,0.010,0.240,0.085,0.040,0.16,Easy
5323,2025-08-09,ORD,CID,0.004,0.290,0.064,0.086,0.16,Easy
5977,2025-08-15,ORD,ICT,0.001,0.390,0.000,0.054,0.16,Easy
5260,2025-08-01,ORD,FSD,0.007,0.305,0.043,0.046,0.16,Easy
2640,2025-08-01,ORD,DCA,0.006,0.365,0.021,0.046,0.16,Easy
752,2025-08-14,ORD,DCA,0.011,0.327,0.000,0.043,0.16,Easy
4559,2025-08-06,ORD,SDF,0.007,0.371,0.011,0.034,0.16,Easy
5444,2025-08-13,ORD,LIT,0.006,0.371,0.000,0.034,0.16,Easy
1693,2025-08-01,ORD,DCA,0.007,0.383,0.000,0.040,0.16,Easy
4507,2025-08-09,ORD,CHA,0.006,0.316,0.032,0.089,0.16,Easy
5603,2025-08-12,ORD,FNT,0.002,0.272,0.043,0.086,0.16,Easy
4380,2025-08-06,ORD,SYR,0.013,0.360,0.000,0.043,0.16,Easy
1492,2025-08-06,ORD,CMH,0.012,0.282,0.000,0.149,0.16,Easy
2067,2025-08-08,ORD,BOS,0.002,0.365,0.021,0.014,0.16,Easy
276,2025-08-05,ORD,IAD,0.014,0.243,0.043,0.149,0.16,Easy
2369,2025-08-14,ORD,AUS,0.014,0.354,0.021,0.031,0.16,Easy
1693,2025-08-12,ORD,DCA,0.007,0.370,0.000,0.023,0.16,Easy
5505,2025-08-14,ORD,SBN,0.006,0.392,0.000,0.034,0.16,Easy
5140,2025-08-10,ORD,CMX,0.008,0.349,0.000,0.049,0.16,Easy
4552,2025-08-06,ORD,DAY,0.007,0.360,0.000,0.051,0.16,Easy
5260,2025-08-06,ORD,FSD,0.005,0.360,0.000,0.063,0.16,Easy
1413,2025-08-13,ORD,LGA,0.013,0.348,0.000,0.046,0.16,Easy
5448,2025-08-07,ORD,FWA,0.004,0.338,0.043,0.046,0.16,Easy
556,2025-08-06,ORD,CLT,0.007,0.327,0.000,0.097,0.16,Easy
4456,2025-08-10,ORD,CMH,0.000,0.338,0.000,0.089,0.16,Easy
5138,2025-08-11,ORD,MGW,0.009,0.305,0.043,0.046,0.16,Easy
3690,2025-08-05,ORD,IND,0.003,0.333,0.032,0.049,0.16,Easy
1156,2025-08-09,ORD,MSY,0.009,0.278,0.032,0.123,0.16,Easy
1779,2025-08-11,ORD,BOS,0.013,0.177,0.138,0.026,0.16,Easy
1576,2025-08-05,ORD,LGA,0.010,0.328,0.032,0.014,0.16,Easy
5138,2025-08-04,ORD,MGW,0.007,0.316,0.043,0.009,0.16,Easy
1291,2025-08-08,ORD,IAH,0.012,0.234,0.074,0.080,0.16,Easy
1306,2025-08-13,ORD,TPA,0.011,0.314,0.021,0.054,0.16,Easy
1252,2025-08-10,ORD,DCA,0.000,0.378,0.000,0.029,0.16,Easy
1358,2025-08-08,ORD,RDU,0.000,0.287,0.096,0.066,0.16,Easy
2628,2025-08-11,ORD,BNA,0.006,0.272,0.043,0.114,0.16,Easy
2430,2025-08-13,ORD,BNA,0.010,0.253,0.106,0.054,0.16,Easy
1413,2025-08-06,ORD,LGA,0.010,0.381,0.021,0.006,0.16,Easy
2628,2025-08-06,ORD,BNA,0.011,0.244,0.074,0.103,0.16,Easy
1842,2025-08-12,ORD,SAN,0.009,0.272,0.000,0.120,0.16,Easy
1857,2025-08-12,ORD,MIA,0.016,0.302,0.011,0.051,0.16,Easy
5668,2025-08-10,ORD,MKE,0.012,0.381,0.000,0.011,0.16,Easy
1273,2025-08-15,ORD,SFO,0.003,0.335,0.043,0.029,0.16,Easy
1756,2025-08-05,ORD,YYZ,0.006,0.299,0.032,0.054,0.16,Easy
2302,2025-08-06,ORD,BWI,0.001,0.342,0.000,0.074,0.16,Easy
1077,2025-08-03,ORD,DCA,0.013,0.294,0.000,0.091,0.16,Easy
4501,2025-08-10,ORD,AVP,0.003,0.316,0.053,0.037,0.16,Easy
5852,2025-08-14,ORD,HSV,0.008,0.290,0.043,0.020,0.16,Easy
2038,2025-08-12,ORD,BUF,0.001,0.309,0.043,0.069,0.16,Easy
5038,2025-08-07,ORD,PLN,0.005,0.392,0.000,0.003,0.16,Easy
4482,2025-08-15,ORD,TUL,0.010,0.349,0.000,0.063,0.16,Easy
2665,2025-08-15,ORD,IAH,0.013,0.226,0.043,0.117,0.16,Easy
729,2025-08-13,ORD,DFW,0.014,0.294,0.032,0.029,0.16,Easy
5138,2025-08-07,ORD,MGW,0.009,0.349,0.032,0.034,0.16,Easy
2455,2025-08-11,ORD,SAV,0.013,0.336,0.021,0.049,0.16,Easy
4568,2025-08-02,ORD,SCE,0.011,0.371,0.000,0.031,0.16,Easy
1097,2025-08-14,ORD,DCA,0.010,0.325,0.032,0.060,0.16,Easy
5124,2025-08-03,ORD,EAU,0.008,0.360,0.000,0.026,0.16,Easy
4468,2025-08-06,ORD,LEX,0.008,0.316,0.064,0.049,0.16,Easy
1100,2025-08-10,ORD,PDX,0.002,0.357,0.032,0.014,0.16,Easy
5094,2025-08-12,ORD,RHI,0.005,0.316,0.021,0.034,0.16,Easy
556,2025-08-01,ORD,CLT,0.002,0.342,0.000,0.057,0.16,Easy
1641,2025-08-02,ORD,IND,0.005,0.220,0.085,0.123,0.16,Easy
1693,2025-08-06,ORD,DCA,0.015,0.269,0.053,0.043,0.16,Easy
3464,2025-08-12,ORD,PIT,0.002,0.369,0.021,0.049,0.16,Easy
1756,2025-08-12,ORD,YYZ,0.015,0.293,0.011,0.086,0.16,Easy
2361,2025-08-15,ORD,LAX,0.014,0.277,0.085,0.014,0.16,Easy
5020,2025-08-01,ORD,FOD,0.012,0.338,0.000,0.037,0.16,Easy
1980,2025-08-12,ORD,LGA,0.001,0.368,0.021,0.011,0.16,Easy
5138,2025-08-05,ORD,MGW,0.007,0.327,0.043,0.037,0.16,Easy
5262,2025-08-14,ORD,LNK,0.012,0.360,0.000,0.051,0.16,Easy
3421,2025-08-12,ORD,ROC,0.011,0.297,0.000,0.083,0.16,Easy
1358,2025-08-07,ORD,RDU,0.001,0.348,0.021,0.011,0.16,Easy
1077,2025-08-10,ORD,DCA,0.001,0.338,0.000,0.066,0.16,Easy
5362,2025-08-09,ORD,MKE,0.003,0.305,0.000,0.134,0.16,Easy
1495,2025-08-03,ORD,TVC,0.015,0.263,0.053,0.089,0.16,Easy
2138,2025-08-06,ORD,LGA,0.000,0.338,0.043,0.054,0.16,Easy
4502,2025-08-09,ORD,LEX,0.008,0.294,0.021,0.063,0.16,Easy
2455,2025-08-15,ORD,SAV,0.002,0.320,0.021,0.091,0.16,Easy
556,2025-08-10,ORD,CLT,0.003,0.281,0.074,0.054,0.16,Easy
5977,2025-08-01,ORD,ICT,0.012,0.362,0.000,0.060,0.16,Easy
3690,2025-08-12,ORD,IND,0.002,0.369,0.000,0.049,0.16,Easy
1100,2025-08-14,ORD,PDX,0.001,0.409,0.000,0.026,0.16,Easy
466,2025-08-05,ORD,DCA,0.007,0.352,0.000,0.000,0.16,Easy
5219,2025-08-06,ORD,GRB,0.005,0.294,0.032,0.100,0.16,Easy
4571,2025-08-12,ORD,XNA,0.001,0.381,0.000,0.057,0.16,Easy
2640,2025-08-08,ORD,DCA,0.006,0.335,0.000,0.049,0.16,Easy
3536,2025-08-12,ORD,YUL,0.015,0.311,0.000,0.054,0.16,Easy
4542,2025-08-13,ORD,LIT,0.007,0.327,0.000,0.094,0.16,Easy
5362,2025-08-13,ORD,MKE,0.005,0.349,0.000,0.091,0.16,Easy
5103,2025-08-03,ORD,JLN,0.004,0.360,0.011,0.037,0.16,Easy
752,2025-08-13,ORD,DCA,0.011,0.339,0.021,0.057,0.16,Easy
1413,2025-08-12,ORD,LGA,0.013,0.243,0.074,0.029,0.16,Easy
2232,2025-08-06,ORD,MSP,0.001,0.355,0.021,0.046,0.16,Easy
1381,2025-08-15,ORD,DCA,0.001,0.309,0.043,0.080,0.16,Easy
466,2025-08-08,ORD,DCA,0.005,0.374,0.000,0.009,0.16,Easy
1252,2025-08-06,ORD,DCA,0.001,0.261,0.128,0.026,0.16,Easy
1381,2025-08-05,ORD,DCA,0.010,0.280,0.043,0.026,0.16,Easy
4458,2025-08-15,ORD,LIT,0.007,0.371,0.000,0.057,0.16,Easy
1252,2025-08-12,ORD,DCA,0.001,0.266,0.000,0.074,0.15,Easy
1693,2025-08-14,ORD,DCA,0.012,0.313,0.000,0.026,0.15,Easy
2488,2025-08-13,ORD,LGA,0.012,0.292,0.000,0.009,0.15,Easy
5275,2025-08-06,ORD,DLH,0.005,0.283,0.000,0.049,0.15,Easy
5469,2025-08-07,ORD,SDF,0.006,0.294,0.021,0.043,0.15,Easy
4380,2025-08-07,ORD,SYR,0.001,0.272,0.021,0.026,0.15,Easy
5362,2025-08-05,ORD,MKE,0.003,0.272,0.000,0.043,0.15,Easy
1477,2025-08-02,ORD,PHX,0.011,0.260,0.053,0.029,0.15,Easy
2387,2025-08-15,ORD,MCO,0.002,0.339,0.000,0.017,0.15,Easy
1779,2025-08-07,ORD,BOS,0.013,0.257,0.000,0.089,0.15,Easy
5026,2025-08-01,ORD,JST,0.003,0.327,0.000,0.014,0.15,Easy
5643,2025-08-09,ORD,CAK,0.012,0.211,0.085,0.043,0.15,Easy
5124,2025-08-09,ORD,EAU,0.008,0.207,0.096,0.026,0.15,Easy
5748,2025-08-05,ORD,YWG,0.014,0.255,0.000,0.049,0.15,Easy
2628,2025-08-13,ORD,BNA,0.005,0.182,0.085,0.091,0.15,Easy
5643,2025-08-02,ORD,CAK,0.002,0.279,0.011,0.074,0.15,Easy
3635,2025-08-06,ORD,MSN,0.003,0.268,0.000,0.066,0.15,Easy
1252,2025-08-15,ORD,DCA,0.001,0.261,0.021,0.034,0.15,Easy
5037,2025-08-15,ORD,LAF,0.011,0.262,0.000,0.066,0.15,Easy
5026,2025-08-07,ORD,JST,0.012,0.305,0.000,0.020,0.15,Easy
2347,2025-08-05,ORD,CLE,0.013,0.177,0.085,0.063,0.15,Easy
2071,2025-08-12,ORD,SAN,0.014,0.293,0.000,0.034,0.15,Easy
2361,2025-08-14,ORD,LAX,0.002,0.296,0.011,0.026,0.15,Easy
1658,2025-08-12,ORD,EWR,0.002,0.324,0.000,0.011,0.15,Easy
1612,2025-08-13,ORD,MEM,0.007,0.205,0.064,0.083,0.15,Easy
1641,2025-08-07,ORD,IND,0.009,0.231,0.032,0.051,0.15,Easy
5051,2025-08-15,ORD,LAF,0.006,0.305,0.000,0.040,0.15,Easy
5124,2025-08-12,ORD,EAU,0.002,0.294,0.000,0.029,0.15,Easy
1756,2025-08-09,ORD,YYZ,0.017,0.171,0.085,0.046,0.15,Easy
5021,2025-08-06,ORD,SUX,0.003,0.305,0.000,0.069,0.15,Easy
2455,2025-08-14,ORD,SAV,0.020,0.241,0.000,0.046,0.15,Easy
2430,2025-08-12,ORD,BNA,0.010,0.230,0.043,0.066,0.15,Easy
1477,2025-08-15,ORD,PHX,0.000,0.299,0.032,0.040,0.15,Easy
466,2025-08-13,ORD,DCA,0.001,0.257,0.053,0.006,0.15,Easy
1421,2025-08-12,ORD,FLL,0.000,0.275,0.043,0.046,0.15,Easy
1120,2025-08-10,ORD,LIR,0.002,0.296,0.000,0.031,0.15,Easy
1010,2025-08-14,ORD,DCA,0.001,0.276,0.000,0.037,0.15,Easy
1612,2025-08-08,ORD,MEM,0.011,0.235,0.043,0.080,0.15,Easy
1291,2025-08-14,ORD,IAH,0.012,0.136,0.149,0.034,0.15,Easy
970,2025-08-12,ORD,FCO,0.016,0.223,0.021,0.097,0.15,Easy
2361,2025-08-13,ORD,LAX,0.002,0.300,0.000,0.086,0.15,Easy
5020,2025-08-03,ORD,FOD,0.008,0.294,0.000,0.020,0.15,Easy
1612,2025-08-12,ORD,MEM,0.007,0.201,0.064,0.106,0.15,Easy
1097,2025-08-05,ORD,DCA,0.012,0.253,0.053,0.037,0.15,Easy
2488,2025-08-12,ORD,LGA,0.012,0.299,0.000,0.006,0.15,Easy
5026,2025-08-06,ORD,JST,0.012,0.196,0.128,0.014,0.15,Easy
2343,2025-08-12,ORD,IND,0.013,0.190,0.011,0.143,0.15,Easy
2628,2025-08-12,ORD,BNA,0.013,0.235,0.011,0.109,0.15,Easy
3668,2025-08-12,ORD,IND,0.001,0.333,0.000,0.031,0.15,Easy
1492,2025-08-05,ORD,CMH,0.010,0.217,0.021,0.074,0.15,Easy
5020,2025-08-15,ORD,FOD,0.012,0.305,0.000,0.014,0.15,Easy
5020,2025-08-08,ORD,FOD,0.012,0.218,0.096,0.011,0.15,Easy
767,2025-08-15,ORD,DEN,0.015,0.248,0.000,0.111,0.15,Easy
2627,2025-08-08,ORD,MSP,0.015,0.217,0.000,0.100,0.15,Easy
5275,2025-08-12,ORD,DLH,0.006,0.294,0.000,0.071,0.15,Easy
3498,2025-08-10,ORD,CVG,0.012,0.247,0.011,0.034,0.15,Easy
5138,2025-08-15,ORD,MGW,0.009,0.262,0.021,0.011,0.15,Easy
1740,2025-08-12,ORD,RSW,0.004,0.272,0.000,0.043,0.15,Easy
5737,2025-08-05,ORD,OMA,0.004,0.333,0.000,0.020,0.15,Easy
2640,2025-08-06,ORD,DCA,0.007,0.292,0.000,0.003,0.15,Easy
2628,2025-08-05,ORD,BNA,0.017,0.241,0.011,0.094,0.15,Easy
2071,2025-08-15,ORD,SAN,0.014,0.247,0.021,0.014,0.15,Easy
556,2025-08-09,ORD,CLT,0.000,0.287,0.021,0.051,0.15,Easy
4597,2025-08-07,ORD,ROA,0.000,0.305,0.021,0.054,0.15,Easy
1740,2025-08-15,ORD,RSW,0.020,0.269,0.021,0.026,0.15,Easy
1832,2025-08-07,ORD,CMH,0.001,0.296,0.000,0.060,0.15,Easy
1077,2025-08-07,ORD,DCA,0.001,0.273,0.000,0.074,0.15,Easy
5103,2025-08-12,ORD,JLN,0.000,0.272,0.000,0.074,0.15,Easy
4542,2025-08-14,ORD,LIT,0.005,0.262,0.000,0.054,0.15,Easy
2364,2025-08-06,ORD,CMH,0.014,0.223,0.021,0.054,0.15,Easy
1068,2025-08-07,ORD,IAD,0.001,0.230,0.021,0.120,0.15,Easy
5852,2025-08-07,ORD,HSV,0.006,0.247,0.074,0.011,0.15,Easy
5140,2025-08-06,ORD,CMX,0.008,0.185,0.106,0.029,0.15,Easy
1010,2025-08-06,ORD,DCA,0.009,0.298,0.000,0.049,0.15,Easy
1381,2025-08-08,ORD,DCA,0.009,0.276,0.032,0.029,0.15,Easy
1381,2025-08-13,ORD,DCA,0.010,0.222,0.085,0.023,0.15,Easy
1693,2025-08-08,ORD,DCA,0.001,0.226,0.074,0.011,0.15,Easy
5051,2025-08-14,ORD,LAF,0.002,0.283,0.000,0.054,0.15,Easy
1576,2025-08-15,ORD,LGA,0.008,0.269,0.000,0.034,0.15,Easy
1477,2025-08-06,ORD,PHX,0.002,0.257,0.043,0.011,0.15,Easy
729,2025-08-14,ORD,DFW,0.003,0.316,0.011,0.020,0.15,Easy
1129,2025-08-05,ORD,BOS,0.008,0.269,0.032,0.023,0.15,Easy
1779,2025-08-15,ORD,BOS,0.013,0.257,0.011,0.080,0.15,Easy
5280,2025-08-05,ORD,DSM,0.009,0.290,0.000,0.071,0.15,Easy
5094,2025-08-05,ORD,RHI,0.005,0.283,0.000,0.020,0.15,Easy
3493,2025-08-08,ORD,DTW,0.009,0.283,0.000,0.043,0.15,Easy
5643,2025-08-04,ORD,CAK,0.009,0.316,0.000,0.017,0.15,Easy
2640,2025-08-05,ORD,DCA,0.007,0.222,0.032,0.029,0.14,Easy
1010,2025-08-15,ORD,DCA,0.001,0.243,0.000,0.043,0.14,Easy
669,2025-08-01,ORD,AUS,0.012,0.250,0.011,0.003,0.14,Easy
2090,2025-08-13,ORD,MIA,0.012,0.204,0.021,0.043,0.14,Easy
5140,2025-08-12,ORD,CMX,0.001,0.207,0.053,0.043,0.14,Easy
5026,2025-08-09,ORD,JST,0.003,0.262,0.000,0.020,0.14,Easy
5138,2025-08-08,ORD,MGW,0.007,0.218,0.000,0.029,0.14,Easy
3571,2025-08-12,ORD,IND,0.009,0.225,0.011,0.037,0.14,Easy
1832,2025-08-15,ORD,CMH,0.010,0.187,0.000,0.114,0.14,Easy
2232,2025-08-10,ORD,MSP,0.013,0.187,0.011,0.043,0.14,Easy
669,2025-08-08,ORD,AUS,0.010,0.227,0.000,0.029,0.14,Easy
5026,2025-08-12,ORD,JST,0.001,0.251,0.000,0.029,0.14,Easy
2640,2025-08-12,ORD,DCA,0.006,0.218,0.000,0.063,0.14,Easy
5946,2025-08-12,ORD,RAP,0.003,0.201,0.011,0.066,0.14,Easy
2455,2025-08-07,ORD,SAV,0.002,0.229,0.011,0.029,0.14,Easy
2038,2025-08-07,ORD,BUF,0.002,0.259,0.000,0.014,0.14,Easy
5020,2025-08-07,ORD,FOD,0.012,0.229,0.000,0.049,0.14,Easy
1477,2025-08-08,ORD,PHX,0.002,0.241,0.000,0.017,0.14,Easy
5405,2025-08-07,ORD,SCE,0.007,0.240,0.000,0.020,0.14,Easy
1224,2025-08-15,ORD,LAX,0.010,0.171,0.021,0.043,0.14,Easy
5138,2025-08-06,ORD,MGW,0.009,0.229,0.000,0.020,0.14,Easy
1381,2025-08-12,ORD,DCA,0.002,0.229,0.021,0.023,0.14,Easy
1010,2025-08-08,ORD,DCA,0.019,0.167,0.043,0.017,0.14,Easy
1477,2025-08-09,ORD,PHX,0.011,0.232,0.000,0.049,0.14,Easy
4507,2025-08-13,ORD,CHA,0.006,0.207,0.021,0.037,0.14,Easy
1291,2025-08-15,ORD,IAH,0.012,0.117,0.032,0.086,0.14,Easy
2627,2025-08-01,ORD,MSP,0.011,0.187,0.000,0.120,0.14,Easy
729,2025-08-15,ORD,DFW,0.007,0.222,0.000,0.003,0.14,Easy
1252,2025-08-05,ORD,DCA,0.001,0.253,0.000,0.020,0.14,Easy
2666,2025-08-12,ORD,DEN,0.002,0.199,0.000,0.049,0.14,Easy
3421,2025-08-07,ORD,ROC,0.001,0.225,0.043,0.011,0.14,Easy
5026,2025-08-05,ORD,JST,0.012,0.240,0.000,0.009,0.14,Easy
5274,2025-08-11,ORD,SBN,0.002,0.142,0.106,0.066,0.14,Easy
5099,2025-08-12,ORD,CIU,0.010,0.218,0.000,0.057,0.14,Easy
1740,2025-08-13,ORD,RSW,0.002,0.272,0.000,0.029,0.14,Easy
1779,2025-08-08,ORD,BOS,0.013,0.129,0.085,0.066,0.14,Easy
4507,2025-08-06,ORD,CHA,0.005,0.229,0.000,0.043,0.14,Easy
1381,2025-08-14,ORD,DCA,0.009,0.240,0.000,0.020,0.14,Easy
1252,2025-08-14,ORD,DCA,0.001,0.218,0.000,0.029,0.14,Easy
2627,2025-08-02,ORD,MSP,0.011,0.174,0.011,0.106,0.14,Easy
5099,2025-08-11,ORD,CIU,0.001,0.229,0.011,0.026,0.14,Easy
1010,2025-08-05,ORD,DCA,0.009,0.247,0.000,0.020,0.14,Easy
5021,2025-08-04,ORD,SUX,0.023,0.153,0.000,0.069,0.14,Easy
4504,2025-08-09,ORD,CHA,0.001,0.229,0.000,0.037,0.14,Easy
1252,2025-08-13,ORD,DCA,0.001,0.222,0.000,0.046,0.14,Easy
5124,2025-08-10,ORD,EAU,0.008,0.185,0.000,0.051,0.14,Easy
5020,2025-08-05,ORD,FOD,0.012,0.251,0.000,0.020,0.14,Easy
4789,2025-08-12,ORD,FAR,0.003,0.161,0.032,0.094,0.14,Easy
1010,2025-08-13,ORD,DCA,0.001,0.182,0.021,0.054,0.14,Easy
1477,2025-08-12,ORD,PHX,0.006,0.211,0.000,0.020,0.14,Easy
1641,2025-08-13,ORD,IND,0.004,0.166,0.000,0.129,0.14,Easy
1010,2025-08-07,ORD,DCA,0.001,0.240,0.032,0.031,0.14,Easy
5037,2025-08-05,ORD,LAF,0.019,0.240,0.000,0.003,0.14,Easy
5051,2025-08-13,ORD,LAF,0.003,0.229,0.000,0.051,0.14,Easy
4481,2025-08-07,ORD,GRR,0.000,0.262,0.000,0.043,0.14,Easy
5027,2025-08-01,ORD,MCW,0.000,0.163,0.043,0.023,0.13,Easy
5037,2025-08-07,ORD,LAF,0.011,0.131,0.000,0.009,0.13,Easy
5051,2025-08-07,ORD,LAF,0.008,0.153,0.011,0.014,0.13,Easy
1291,2025-08-13,ORD,IAH,0.011,0.095,0.043,0.026,0.13,Easy
2071,2025-08-13,ORD,SAN,0.001,0.193,0.000,0.023,0.13,Easy
5037,2025-08-08,ORD,LAF,0.019,0.131,0.011,0.020,0.13,Easy
1495,2025-08-10,ORD,TVC,0.006,0.158,0.043,0.014,0.13,Easy
5021,2025-08-04,ORD,SUX,0.004,0.153,0.000,0.069,0.13,Easy
5309,2025-08-06,ORD,FWA,0.005,0.163,0.000,0.049,0.13,Easy
1224,2025-08-14,ORD,LAX,0.010,0.174,0.000,0.026,0.13,Easy
466,2025-08-06,ORD,DCA,0.007,0.166,0.000,0.000,0.13,Easy
1077,2025-08-12,ORD,DCA,0.002,0.135,0.043,0.020,0.13,Easy
5136,2025-08-07,ORD,DEC,0.058,0.011,0.043,0.009,0.13,Easy
5026,2025-08-10,ORD,JST,0.012,0.163,0.000,0.023,0.13,Easy
5037,2025-08-11,ORD,LAF,0.019,0.131,0.000,0.020,0.13,Easy
5027,2025-08-10,ORD,MCW,0.001,0.142,0.000,0.046,0.13,Easy
1641,2025-08-11,ORD,IND,0.005,0.115,0.021,0.086,0.13,Easy
5021,2025-08-12,ORD,SUX,0.001,0.142,0.000,0.046,0.13,Easy
2232,2025-08-03,ORD,MSP,0.012,0.116,0.000,0.037,0.13,Easy
1641,2025-08-05,ORD,IND,0.009,0.136,0.000,0.051,0.13,Easy
1641,2025-08-09,ORD,IND,0.002,0.106,0.021,0.086,0.13,Easy
1077,2025-08-05,ORD,DCA,0.002,0.184,0.011,0.040,0.13,Easy
1252,2025-08-08,ORD,DCA,0.001,0.179,0.000,0.009,0.13,Easy
4748,2025-08-06,ORD,ATW,0.002,0.163,0.000,0.080,0.13,Easy
1252,2025-08-07,ORD,DCA,0.001,0.166,0.000,0.014,0.13,Easy
5121,2025-08-07,ORD,FOD,0.039,0.065,0.000,0.003,0.13,Easy
5737,2025-08-14,ORD,OMA,0.004,0.190,0.000,0.046,0.13,Easy
5138,2025-08-12,ORD,MGW,0.001,0.174,0.000,0.040,0.13,Easy
2627,2025-08-09,ORD,MSP,0.011,0.141,0.000,0.063,0.13,Easy
5026,2025-08-04,ORD,JST,0.012,0.185,0.000,0.020,0.13,Easy
5020,2025-08-13,ORD,FOD,0.012,0.142,0.021,0.017,0.13,Easy
1077,2025-08-13,ORD,DCA,0.001,0.175,0.000,0.031,0.13,Easy
1100,2025-08-15,ORD,PDX,0.002,0.191,0.000,0.029,0.13,Easy
2090,2025-08-12,ORD,MIA,0.001,0.154,0.021,0.014,0.13,Easy
5020,2025-08-11,ORD,FOD,0.012,0.142,0.000,0.031,0.13,Easy
1077,2025-08-15,ORD,DCA,0.000,0.108,0.000,0.040,0.12,Easy
5136,2025-08-03,ORD,DEC,0.001,0.065,0.053,0.037,0.12,Easy
5121,2025-08-10,ORD,FOD,0.039,0.054,0.000,0.009,0.12,Easy
5020,2025-08-12,ORD,FOD,0.012,0.109,0.000,0.029,0.12,Easy
1077,2025-08-06,ORD,DCA,0.002,0.125,0.000,0.031,0.12,Easy
1077,2025-08-08,ORD,DCA,0.002,0.105,0.000,0.009,0.12,Easy
5121,2025-08-11,ORD,FOD,0.005,0.087,0.000,0.006,0.12,Easy
5136,2025-08-02,ORD,DEC,0.009,0.044,0.043,0.009,0.12,Easy
3493,2025-08-05,ORD,DTW,0.003,0.125,0.000,0.026,0.12,Easy
669,2025-08-15,ORD,AUS,0.001,0.115,0.000,0.009,0.12,Easy
5121,2025-08-13,ORD,FOD,0.000,0.109,0.000,0.034,0.12,Easy
5027,2025-08-15,ORD,MCW,0.009,0.098,0.000,0.000,0.12,Easy
5037,2025-08-10,ORD,LAF,0.019,0.076,0.000,0.017,0.12,Easy
2628,2025-08-09,ORD,BNA,0.010,0.082,0.000,0.054,0.12,Easy
5051,2025-08-10,ORD,LAF,0.006,0.131,0.000,0.011,0.12,Easy
5051,2025-08-05,ORD,LAF,0.008,0.109,0.000,0.009,0.12,Easy
5051,2025-08-11,ORD,LAF,0.006,0.087,0.000,0.011,0.12,Easy
5020,2025-08-06,ORD,FOD,0.012,0.109,0.000,0.031,0.12,Easy
1381,2025-08-06,ORD,DCA,0.010,0.105,0.021,0.014,0.12,Easy
604,2025-08-10,ORD,BNA,0.001,0.145,0.000,0.003,0.12,Easy
5037,2025-08-14,ORD,LAF,0.011,0.098,0.000,0.054,0.12,Easy
5136,2025-08-08,ORD,DEC,0.009,0.033,0.043,0.003,0.12,Easy
5136,2025-08-01,ORD,DEC,0.001,0.065,0.043,0.020,0.12,Easy
669,2025-08-14,ORD,AUS,0.020,0.079,0.000,0.003,0.12,Easy
5362,2025-08-08,ORD,MKE,0.005,0.098,0.000,0.026,0.12,Easy
1641,2025-08-14,ORD,IND,0.004,0.068,0.032,0.074,0.12,Easy
5121,2025-08-06,ORD,FOD,0.007,0.076,0.000,0.023,0.12,Easy
5136,2025-08-11,ORD,DEC,0.000,0.033,0.064,0.006,0.12,Easy
5051,2025-08-09,ORD,LAF,0.001,0.098,0.043,0.017,0.12,Easy
5027,2025-08-04,ORD,MCW,0.009,0.109,0.000,0.009,0.12,Easy
5020,2025-08-09,ORD,FOD,0.012,0.131,0.000,0.006,0.12,Easy
5737,2025-08-12,ORD,OMA,0.001,0.069,0.000,0.083,0.12,Easy
5027,2025-08-11,ORD,MCW,0.009,0.098,0.000,0.020,0.12,Easy
5136,2025-08-12,ORD,DEC,0.005,0.044,0.000,0.011,0.11,Easy
5121,2025-08-15,ORD,FOD,0.005,0.054,0.000,0.009,0.11,Easy
5027,2025-08-06,ORD,MCW,0.009,0.044,0.000,0.003,0.11,Easy
5121,2025-08-01,ORD,FOD,0.009,0.065,0.000,0.009,0.11,Easy
5136,2025-08-10,ORD,DEC,0.009,0.033,0.000,0.009,0.11,Easy
5136,2025-08-05,ORD,DEC,0.009,0.054,0.000,0.011,0.11,Easy
5121,2025-08-08,ORD,FOD,0.005,0.054,0.000,0.023,0.11,Easy
5136,2025-08-13,ORD,DEC,0.007,0.065,0.000,0.011,0.11,Easy
5136,2025-08-15,ORD,DEC,0.001,0.000,0.085,0.009,0.11,Easy
5121,2025-08-03,ORD,FOD,0.009,0.011,0.000,0.003,0.11,Easy
5051,2025-08-06,ORD,LAF,0.008,0.065,0.000,0.003,0.11,Easy
5136,2025-08-06,ORD,DEC,0.005,0.044,0.000,0.009,0.11,Easy
5121,2025-08-14,ORD,FOD,0.005,0.022,0.000,0.000,0.11,Easy
5136,2025-08-14,ORD,DEC,0.009,0.011,0.000,0.006,0.11,Easy
5136,2025-08-09,ORD,DEC,0.005,0.054,0.000,0.006,0.11,Easy
5136,2025-08-04,ORD,DEC,0.000,0.033,0.021,0.014,0.11,Easy
5027,2025-08-03,ORD,MCW,0.000,0.000,0.000,0.006,0.10,Easy
5027,2025-08-14,ORD,MCW,0.001,0.022,0.000,0.000,0.10,Easy
5027,2025-08-07,ORD,MCW,0.001,0.022,0.000,0.009,0.10,Easy
5121,2025-08-04,ORD,FOD,0.001,0.022,0.000,0.006,0.10,Easy
